[call] pthread_mutex_lock x0=0x202f9cbd128 x1=0x202fccc4fb8 x2=0
[call] pthread_mutex_unlock x0=0x202f9cbd128 x1=0x202fccc4fb8 x2=0
[call] malloc       x0=0x38 x1=0x202fccc4fb8 x2=0
[call] malloc       x0=0x18 x1=0x202fccc4fb8 x2=0
[call] __cxa_atexit x0=0x202f77318d4 x1=0x202f9c57af0 x2=0x202f9c50000
[call] pthread_mutex_lock x0=0x202f9cbd128 x1=0x202f9c57af0 x2=0x202f9c50000
[call] pthread_mutex_unlock x0=0x202f9cbd128 x1=0x202f9c57af0 x2=0x202f9c50000
[call] pthread_cond_broadcast x0=0x202f9cbd150 x1=0x202f9c57af0 x2=0x202f9c50000
[call] __cxa_atexit x0=0x202f77318d4 x1=0x202f9c579e0 x2=0x202f9c50000
[call] pthread_mutex_lock x0=0x202f9cbd128 x1=0x202fccc4fc8 x2=0x202f9c50000
[call] pthread_mutex_unlock x0=0x202f9cbd128 x1=0x202fccc4fc8 x2=0x202f9c50000
[call] malloc       x0=0x38 x1=0x202fccc4fc8 x2=0x202f9c50000
[call] malloc       x0=0x18 x1=0x202fccc4fc8 x2=0x202f9c50000
[call] __cxa_atexit x0=0x202f77318d4 x1=0x202f9c57ad0 x2=0x202f9c50000
[call] pthread_mutex_lock x0=0x202f9cbd128 x1=0x202f9c57ad0 x2=0x202f9c50000
[call] pthread_mutex_unlock x0=0x202f9cbd128 x1=0x202f9c57ad0 x2=0x202f9c50000
[call] pthread_cond_broadcast x0=0x202f9cbd150 x1=0x202f9c57ad0 x2=0x202f9c50000
[call] __cxa_atexit x0=0x202f77318d4 x1=0x202f9c579f0 x2=0x202f9c50000
[call] pthread_key_create x0=0x202f9c57a00 x1=0 x2=0x202f9c50000
[call] pthread_mutex_lock x0=0x202f9cbd128 x1=0 x2=0x202f9c50000
[call] pthread_mutex_unlock x0=0x202f9cbd128 x1=0 x2=0x202f9c50000
[call] pthread_mutex_lock x0=0x202f9cbd128 x1=0x202f9cbd6d8 x2=0x202f9c43ef0
[call] pthread_mutex_unlock x0=0x202f9cbd128 x1=0x202f9cbd6d8 x2=0x202f9c43ef0
[call] pthread_cond_broadcast x0=0x202f9cbd150 x1=0x202f9cbd6d8 x2=0x202f9c43ef0
[call] __cxa_atexit x0=0x202f91f8464 x1=0x202f9cbd6d8 x2=0x202f9c50000
[call] __cxa_atexit x0=0x202f77314e0 x1=0x202f9c57a00 x2=0x202f9c50000
[call] pthread_key_create x0=0x202f9c57a08 x1=0 x2=0x202f9c50000
[call] __cxa_atexit x0=0x202f77305b8 x1=0x202f9c57a08 x2=0x202f9c50000
[call] malloc       x0=0x30 x1=0x202f9c57a08 x2=0x202f9c50000
[call] __cxa_atexit x0=0x202f7730338 x1=0x202f9c57a30 x2=0x202f9c50000
[call] malloc       x0=0x20 x1=0x202f9c57a30 x2=0x202f9c50000
[call] __cxa_atexit x0=0x202f7730338 x1=0x202f9c57a50 x2=0x202f9c50000
[call] pthread_mutex_lock x0=0x202f9cbd128 x1=0x202f9c57a50 x2=0x202f9c50000
[call] pthread_mutex_unlock x0=0x202f9cbd128 x1=0x202f9c57a50 x2=0x202f9c50000
[call] pthread_mutex_lock x0=0x202f9cbd128 x1=0x202f9c57a50 x2=0x202f9c50000
[call] pthread_mutex_unlock x0=0x202f9cbd128 x1=0x202f9c57a50 x2=0x202f9c50000
[call] pthread_cond_broadcast x0=0x202f9cbd150 x1=0x202f9c57a50 x2=0x202f9c50000
[call] pthread_mutex_lock x0=0x202f9cbd128 x1=0x202f9c57a50 x2=0x202f9c50000
[call] pthread_mutex_unlock x0=0x202f9cbd128 x1=0x202f9c57a50 x2=0x202f9c50000
[call] pthread_mutex_lock x0=0x202f9cbd128 x1=0x202f9c57a50 x2=0x202f9c50000
[call] pthread_mutex_unlock x0=0x202f9cbd128 x1=0x202f9c57a50 x2=0x202f9c50000
[call] pthread_cond_broadcast x0=0x202f9cbd150 x1=0x202f9c57a50 x2=0x202f9c50000
[call] pthread_mutex_lock x0=0x202f9cbd128 x1=0x202f9c57a50 x2=0x202f9c50000
[call] pthread_mutex_unlock x0=0x202f9cbd128 x1=0x202f9c57a50 x2=0x202f9c50000
[call] pthread_mutex_lock x0=0x202f9cbd128 x1=0x202f9c57a50 x2=0x202f9c50000
[call] pthread_mutex_unlock x0=0x202f9cbd128 x1=0x202f9c57a50 x2=0x202f9c50000
[call] pthread_cond_broadcast x0=0x202f9cbd150 x1=0x202f9c57a50 x2=0x202f9c50000
[call] malloc       x0=0x30 x1=0x202f9c57a50 x2=0x202f9c50000
[call] __cxa_atexit x0=0x202f7730338 x1=0x202f9c57a80 x2=0x202f9c50000
[call] malloc       x0=0x30 x1=0x202f9c57a80 x2=0x202f9c50000
[call] __cxa_atexit x0=0x202f7730338 x1=0x202f9c57bd0 x2=0x202f9c50000
[call] malloc       x0=0x20 x1=0x202f9c57bd0 x2=0x202f9c50000
[call] __cxa_atexit x0=0x202f7730338 x1=0x202f9c57bf0 x2=0x202f9c50000
[call] __cxa_atexit x0=0x202f7739ce4 x1=0x202f9c57c10 x2=0x202f9c50000
[call] malloc       x0=0x30 x1=0x202f9c57c10 x2=0x202f9c50000
[call] __cxa_atexit x0=0x202f7730338 x1=0x202f9c57c60 x2=0x202f9c50000
[call] malloc       x0=0x20 x1=0x202f9c57c60 x2=0x202f9c50000
[call] __cxa_atexit x0=0x202f7730338 x1=0x202f9c57c80 x2=0x202f9c50000
[call] __cxa_atexit x0=0x202f7730338 x1=0x202f9c8abe0 x2=0x202f9c50000
[call] __cxa_atexit x0=0x202f7739ce4 x1=0x202f9c57ca0 x2=0x202f9c50000
[call] malloc       x0=0x30 x1=0x202f9c57ca0 x2=0x202f9c50000
[call] __cxa_atexit x0=0x202f7730338 x1=0x202f9c57cf0 x2=0x202f9c50000
[call] malloc       x0=0x20 x1=0x202f9c57cf0 x2=0x202f9c50000
[call] __cxa_atexit x0=0x202f7730338 x1=0x202f9c57d10 x2=0x202f9c50000
[call] __cxa_atexit x0=0x202f7730338 x1=0x202f9c8abf8 x2=0x202f9c50000
[call] __cxa_atexit x0=0x202f7739ce4 x1=0x202f9c57d30 x2=0x202f9c50000
[call] malloc       x0=0x30 x1=0x202f9c57d30 x2=0x202f9c50000
[call] __cxa_atexit x0=0x202f7730338 x1=0x202f9c57d80 x2=0x202f9c50000
[call] malloc       x0=0x20 x1=0x202f9c57d80 x2=0x202f9c50000
[call] __cxa_atexit x0=0x202f7730338 x1=0x202f9c57da0 x2=0x202f9c50000
[call] malloc       x0=0x30 x1=0x202f9c57da0 x2=0x202f9c50000
[call] __cxa_atexit x0=0x202f7730338 x1=0x202f9c57de0 x2=0x202f9c50000
[call] malloc       x0=0x20 x1=0x202f9c57de0 x2=0x202f9c50000
[call] __cxa_atexit x0=0x202f7730338 x1=0x202f9c57e00 x2=0x202f9c50000
[call] malloc       x0=0x30 x1=0x202f9c57e00 x2=0x202f9c50000
[call] __cxa_atexit x0=0x202f7730338 x1=0x202f9c57e40 x2=0x202f9c50000
[call] malloc       x0=0x20 x1=0x202f9c57e40 x2=0x202f9c50000
[call] __cxa_atexit x0=0x202f7730338 x1=0x202f9c57e60 x2=0x202f9c50000
[call] __cxa_atexit x0=0x202f7730338 x1=0x202f9c8ac28 x2=0x202f9c50000
[call] __cxa_atexit x0=0x202f7730338 x1=0x202f9c8ac40 x2=0x202f9c50000
[call] __cxa_atexit x0=0x202f7730338 x1=0x202f9c8ac58 x2=0x202f9c50000
[call] __cxa_atexit x0=0x202f7730338 x1=0x202f9c8ac70 x2=0x202f9c50000
[call] __cxa_atexit x0=0x202f7730338 x1=0x202f9c8ac88 x2=0x202f9c50000
[call] __cxa_atexit x0=0x202f7730338 x1=0x202f9c8aca0 x2=0x202f9c50000
[call] __cxa_atexit x0=0x202f7730338 x1=0x202f9c8acb8 x2=0x202f9c50000
[call] __cxa_atexit x0=0x202f7730338 x1=0x202f9c8acd0 x2=0x202f9c50000
[call] __cxa_atexit x0=0x202f7730338 x1=0x202f9c8ace8 x2=0x202f9c50000
[call] __cxa_atexit x0=0x202f7730338 x1=0x202f9c8ad00 x2=0x202f9c50000
[call] __cxa_atexit x0=0x202f7730338 x1=0x202f9c8ad18 x2=0x202f9c50000
[call] __cxa_atexit x0=0x202f7730338 x1=0x202f9c8ad30 x2=0x202f9c50000
[call] __cxa_atexit x0=0x202f7730338 x1=0x202f9c8ad48 x2=0x202f9c50000
[call] __cxa_atexit x0=0x202f7730338 x1=0x202f9c8ad60 x2=0x202f9c50000
[call] __cxa_atexit x0=0x202f7730338 x1=0x202f9c8ad78 x2=0x202f9c50000
[call] __cxa_atexit x0=0x202f7730338 x1=0x202f9c8ad90 x2=0x202f9c50000
[call] __cxa_atexit x0=0x202f7730338 x1=0x202f9c8ada8 x2=0x202f9c50000
[call] malloc       x0=0x20 x1=0x202f9c8ada8 x2=0x202f9c50000
[call] __cxa_atexit x0=0x202f7730338 x1=0x202f9c57e80 x2=0x202f9c50000
[call] __cxa_atexit x0=0x202f7730338 x1=0x202f9c8adc0 x2=0x202f9c50000
[call] __cxa_atexit x0=0x202f7730338 x1=0x202f9c8add8 x2=0x202f9c50000
[call] __cxa_atexit x0=0x202f7730338 x1=0x202f9c8adf0 x2=0x202f9c50000
[call] malloc       x0=0x30 x1=0x202f9c8adf0 x2=0x202f9c50000
[call] __cxa_atexit x0=0x202f7730338 x1=0x202f9c57ec0 x2=0x202f9c50000
[call] malloc       x0=0x20 x1=0x202f9c57ec0 x2=0x202f9c50000
[call] __cxa_atexit x0=0x202f7730338 x1=0x202f9c57ee0 x2=0x202f9c50000
[call] malloc       x0=0x30 x1=0x202f9c57ee0 x2=0x202f9c50000
[call] __cxa_atexit x0=0x202f7730338 x1=0x202f9c57f20 x2=0x202f9c50000
[call] malloc       x0=0x20 x1=0x202f9c57f20 x2=0x202f9c50000
[call] __cxa_atexit x0=0x202f7730338 x1=0x202f9c57f40 x2=0x202f9c50000
[call] __cxa_atexit x0=0x202f7730338 x1=0x202f9c8ae08 x2=0x202f9c50000
[call] malloc       x0=0x30 x1=0x202f9c8ae08 x2=0x202f9c50000
[call] __cxa_atexit x0=0x202f7730338 x1=0x202f9c57f80 x2=0x202f9c50000
[call] malloc       x0=0x20 x1=0x202f9c57f80 x2=0x202f9c50000
[call] __cxa_atexit x0=0x202f7730338 x1=0x202f9c57fa0 x2=0x202f9c50000
[call] __cxa_atexit x0=0x202f7730338 x1=0x202f9c8ae20 x2=0x202f9c50000
[call] __cxa_atexit x0=0x202f7730338 x1=0x202f9c8ae38 x2=0x202f9c50000
[call] __cxa_atexit x0=0x202f7730338 x1=0x202f9c8ae50 x2=0x202f9c50000
[call] __cxa_atexit x0=0x202f7730338 x1=0x202f9c8ae68 x2=0x202f9c50000
[call] __cxa_atexit x0=0x202f7730338 x1=0x202f9c8ae80 x2=0x202f9c50000
[call] __cxa_atexit x0=0x202f7730338 x1=0x202f9c8ae98 x2=0x202f9c50000
[call] __cxa_atexit x0=0x202f7730338 x1=0x202f9c8aeb0 x2=0x202f9c50000
[call] __cxa_atexit x0=0x202f7730338 x1=0x202f9c8aec8 x2=0x202f9c50000
[call] __cxa_atexit x0=0x202f7730338 x1=0x202f9c8aee0 x2=0x202f9c50000
[call] __cxa_atexit x0=0x202f7730338 x1=0x202f9c8aef8 x2=0x202f9c50000
[call] __cxa_atexit x0=0x202f7730338 x1=0x202f9c8af10 x2=0x202f9c50000
[call] __cxa_atexit x0=0x202f7730338 x1=0x202f9c8af28 x2=0x202f9c50000
[call] __cxa_atexit x0=0x202f7730338 x1=0x202f9c8af40 x2=0x202f9c50000
[call] __cxa_atexit x0=0x202f7730338 x1=0x202f9c8af58 x2=0x202f9c50000
[call] __cxa_atexit x0=0x202f7730338 x1=0x202f9c8af70 x2=0x202f9c50000
[call] __cxa_atexit x0=0x202f7730338 x1=0x202f9c8af88 x2=0x202f9c50000
[call] __cxa_atexit x0=0x202f7730338 x1=0x202f9c8afa0 x2=0x202f9c50000
[call] __cxa_atexit x0=0x202f7730338 x1=0x202f9c8afb8 x2=0x202f9c50000
[call] malloc       x0=0x20 x1=0x202f9c8afb8 x2=0x202f9c50000
[call] __cxa_atexit x0=0x202f7730338 x1=0x202f9c57fc0 x2=0x202f9c50000
[call] __cxa_atexit x0=0x202f7730338 x1=0x202f9c8afd0 x2=0x202f9c50000
[call] __cxa_atexit x0=0x202f7730338 x1=0x202f9c8afe8 x2=0x202f9c50000
[call] __cxa_atexit x0=0x202f7730338 x1=0x202f9c8b000 x2=0x202f9c50000
[call] malloc       x0=0x30 x1=0x202f9c8b000 x2=0x202f9c50000
[call] __cxa_atexit x0=0x202f7730338 x1=0x202f9c58000 x2=0x202f9c50000
[call] malloc       x0=0x20 x1=0x202f9c58000 x2=0x202f9c50000
[call] __cxa_atexit x0=0x202f7730338 x1=0x202f9c58020 x2=0x202f9c50000
[call] __cxa_atexit x0=0x202f7730338 x1=0x202f9c8b018 x2=0x202f9c50000
[call] __cxa_atexit x0=0x202f7730338 x1=0x202f9c8b030 x2=0x202f9c50000
[call] __cxa_atexit x0=0x202f7730338 x1=0x202f9c8b048 x2=0x202f9c50000
[call] __cxa_atexit x0=0x202f7730338 x1=0x202f9c8b060 x2=0x202f9c50000
[call] __cxa_atexit x0=0x202f7730338 x1=0x202f9c8b078 x2=0x202f9c50000
[call] __cxa_atexit x0=0x202f7730338 x1=0x202f9c8b090 x2=0x202f9c50000
[call] __cxa_atexit x0=0x202f7730338 x1=0x202f9c8b0a8 x2=0x202f9c50000
[call] __cxa_atexit x0=0x202f7730338 x1=0x202f9c8b0c0 x2=0x202f9c50000
[call] __cxa_atexit x0=0x202f7730338 x1=0x202f9c8b0d8 x2=0x202f9c50000
[call] __cxa_atexit x0=0x202f7730338 x1=0x202f9c8b0f0 x2=0x202f9c50000
[call] __cxa_atexit x0=0x202f7730338 x1=0x202f9c8b108 x2=0x202f9c50000
[call] __cxa_atexit x0=0x202f7730338 x1=0x202f9c8b120 x2=0x202f9c50000
[call] __cxa_atexit x0=0x202f7730338 x1=0x202f9c8b138 x2=0x202f9c50000
[call] __cxa_atexit x0=0x202f7730338 x1=0x202f9c8b150 x2=0x202f9c50000
[call] __cxa_atexit x0=0x202f7730338 x1=0x202f9c8b168 x2=0x202f9c50000
[call] __cxa_atexit x0=0x202f7730338 x1=0x202f9c8b180 x2=0x202f9c50000
[call] __cxa_atexit x0=0x202f7730338 x1=0x202f9c8b198 x2=0x202f9c50000
[call] __cxa_atexit x0=0x202f7730338 x1=0x202f9c8b1b0 x2=0x202f9c50000
[call] malloc       x0=0x20 x1=0x202f9c8b1b0 x2=0x202f9c50000
[call] __cxa_atexit x0=0x202f7730338 x1=0x202f9c58040 x2=0x202f9c50000
[call] __cxa_atexit x0=0x202f7730338 x1=0x202f9c8b1c8 x2=0x202f9c50000
[call] __cxa_atexit x0=0x202f7730338 x1=0x202f9c8b1e0 x2=0x202f9c50000
[call] __cxa_atexit x0=0x202f7730338 x1=0x202f9c8b1f8 x2=0x202f9c50000
[call] __cxa_atexit x0=0x202f7739ce4 x1=0x202f9c58060 x2=0x202f9c50000
[call] malloc       x0=0x30 x1=0x202f9c58060 x2=0x202f9c50000
[call] __cxa_atexit x0=0x202f7730338 x1=0x202f9c580b0 x2=0x202f9c50000
[call] malloc       x0=0x20 x1=0x202f9c580b0 x2=0x202f9c50000
[call] __cxa_atexit x0=0x202f7730338 x1=0x202f9c580d0 x2=0x202f9c50000
[call] __cxa_atexit x0=0x202f7739ce4 x1=0x202f9c580f0 x2=0x202f9c50000
[call] __cxa_atexit x0=0x202f7730338 x1=0x202f9c8b210 x2=0x202f9c50000
[call] __cxa_atexit x0=0x202f7730338 x1=0x202f9c8b228 x2=0x202f9c50000
[call] __cxa_atexit x0=0x202f7730338 x1=0x202f9c8b240 x2=0x202f9c50000
[call] __cxa_atexit x0=0x202f7730338 x1=0x202f9c8b258 x2=0x202f9c50000
[call] __cxa_atexit x0=0x202f7730338 x1=0x202f9c8b270 x2=0x202f9c50000
[call] malloc       x0=0x30 x1=0x202f9c8b270 x2=0x202f9c50000
[call] __cxa_atexit x0=0x202f7730338 x1=0x202f9c58140 x2=0x202f9c50000
[call] malloc       x0=0x20 x1=0x202f9c58140 x2=0x202f9c50000
[call] __cxa_atexit x0=0x202f7730338 x1=0x202f9c58160 x2=0x202f9c50000
[call] __cxa_atexit x0=0x202f7730338 x1=0x202f9c8b288 x2=0x202f9c50000
[call] __cxa_atexit x0=0x202f7739ce4 x1=0x202f9c58180 x2=0x202f9c50000
[call] malloc       x0=0x30 x1=0x202f9c58180 x2=0x202f9c50000
[call] __cxa_atexit x0=0x202f7730338 x1=0x202f9c581d0 x2=0x202f9c50000
[call] malloc       x0=0x20 x1=0x202f9c581d0 x2=0x202f9c50000
[call] __cxa_atexit x0=0x202f7730338 x1=0x202f9c581f0 x2=0x202f9c50000
[call] __cxa_atexit x0=0x202f7730338 x1=0x202f9c8b2a0 x2=0x202f9c50000
[call] __cxa_atexit x0=0x202f7739ce4 x1=0x202f9c58210 x2=0x202f9c50000
[call] malloc       x0=0x30 x1=0x202f9c58210 x2=0x202f9c50000
[call] __cxa_atexit x0=0x202f7730338 x1=0x202f9c58260 x2=0x202f9c50000
[call] malloc       x0=0x20 x1=0x202f9c58260 x2=0x202f9c50000
[call] __cxa_atexit x0=0x202f7730338 x1=0x202f9c58280 x2=0x202f9c50000
[call] malloc       x0=0x30 x1=0x202f9c58280 x2=0x202f9c50000
[call] __cxa_atexit x0=0x202f7730338 x1=0x202f9c582c0 x2=0x202f9c50000
[call] malloc       x0=0x20 x1=0x202f9c582c0 x2=0x202f9c50000
[call] __cxa_atexit x0=0x202f7730338 x1=0x202f9c582e0 x2=0x202f9c50000
[call] __cxa_atexit x0=0x202f7730338 x1=0x202f9c8b2b8 x2=0x202f9c50000
[call] malloc       x0=0x30 x1=0x202f9c8b2b8 x2=0x202f9c50000
[call] __cxa_atexit x0=0x202f7730338 x1=0x202f9c58320 x2=0x202f9c50000
[call] malloc       x0=0x20 x1=0x202f9c58320 x2=0x202f9c50000
[call] __cxa_atexit x0=0x202f7730338 x1=0x202f9c58340 x2=0x202f9c50000
[call] __cxa_atexit x0=0x202f7730338 x1=0x202f9c8b2d0 x2=0x202f9c50000
[call] malloc       x0=0x30 x1=0x202f9c8b2d0 x2=0x202f9c50000
[call] __cxa_atexit x0=0x202f7730338 x1=0x202f9c58380 x2=0x202f9c50000
[call] malloc       x0=0x20 x1=0x202f9c58380 x2=0x202f9c50000
[call] __cxa_atexit x0=0x202f7730338 x1=0x202f9c583a0 x2=0x202f9c50000
[call] malloc       x0=0x30 x1=0x202f9c583a0 x2=0x202f9c50000
[call] __cxa_atexit x0=0x202f7730338 x1=0x202f9c583e0 x2=0x202f9c50000
[call] malloc       x0=0x20 x1=0x202f9c583e0 x2=0x202f9c50000
[call] __cxa_atexit x0=0x202f7730338 x1=0x202f9c58400 x2=0x202f9c50000
[call] malloc       x0=0x30 x1=0x202f9c58400 x2=0x202f9c50000
[call] __cxa_atexit x0=0x202f7730338 x1=0x202f9c58440 x2=0x202f9c50000
[call] malloc       x0=0x20 x1=0x202f9c58440 x2=0x202f9c50000
[call] __cxa_atexit x0=0x202f7730338 x1=0x202f9c58460 x2=0x202f9c50000
[call] __cxa_atexit x0=0x202f7730338 x1=0x202f9c8b2e8 x2=0x202f9c50000
[call] malloc       x0=0x30 x1=0x202f9c8b2e8 x2=0x202f9c50000
[call] __cxa_atexit x0=0x202f7730338 x1=0x202f9c584a0 x2=0x202f9c50000
[call] malloc       x0=0x20 x1=0x202f9c584a0 x2=0x202f9c50000
[call] __cxa_atexit x0=0x202f7730338 x1=0x202f9c584c0 x2=0x202f9c50000
[call] malloc       x0=0x30 x1=0x202f9c584c0 x2=0x202f9c50000
[call] __cxa_atexit x0=0x202f7730338 x1=0x202f9c58500 x2=0x202f9c50000
[call] malloc       x0=0x20 x1=0x202f9c58500 x2=0x202f9c50000
[call] __cxa_atexit x0=0x202f7730338 x1=0x202f9c58520 x2=0x202f9c50000
[call] malloc       x0=0x30 x1=0x202f9c58520 x2=0x202f9c50000
[call] __cxa_atexit x0=0x202f7730338 x1=0x202f9c58560 x2=0x202f9c50000
[call] malloc       x0=0x20 x1=0x202f9c58560 x2=0x202f9c50000
[call] __cxa_atexit x0=0x202f7730338 x1=0x202f9c58580 x2=0x202f9c50000
[call] malloc       x0=0x30 x1=0x202f9c58580 x2=0x202f9c50000
[call] __cxa_atexit x0=0x202f7730338 x1=0x202f9c585c0 x2=0x202f9c50000
[call] malloc       x0=0x20 x1=0x202f9c585c0 x2=0x202f9c50000
[call] __cxa_atexit x0=0x202f7730338 x1=0x202f9c585e0 x2=0x202f9c50000
[call] __cxa_atexit x0=0x202f7730338 x1=0x202f9c8b4c8 x2=0x202f9c50000
[call] __cxa_atexit x0=0x202f7730338 x1=0x202f9c8b4e0 x2=0x202f9c50000
[call] malloc       x0=0x30 x1=0x202f9c8b4e0 x2=0x202f9c50000
[call] __cxa_atexit x0=0x202f7730338 x1=0x202f9c58620 x2=0x202f9c50000
[call] malloc       x0=0x20 x1=0x202f9c58620 x2=0x202f9c50000
[call] __cxa_atexit x0=0x202f7730338 x1=0x202f9c58640 x2=0x202f9c50000
[call] __cxa_atexit x0=0x202f7730338 x1=0x202f9c8b4f8 x2=0x202f9c50000
[call] __cxa_atexit x0=0x202f7730338 x1=0x202f9c8b510 x2=0x202f9c50000
[call] malloc       x0=0x30 x1=0x202f9c8b510 x2=0x202f9c50000
[call] __cxa_atexit x0=0x202f7730338 x1=0x202f9c58680 x2=0x202f9c50000
[call] malloc       x0=0x20 x1=0x202f9c58680 x2=0x202f9c50000
[call] __cxa_atexit x0=0x202f7730338 x1=0x202f9c586a0 x2=0x202f9c50000
[call] malloc       x0=0x30 x1=0x202f9c586a0 x2=0x202f9c50000
[call] __cxa_atexit x0=0x202f7730338 x1=0x202f9c586e0 x2=0x202f9c50000
[call] malloc       x0=0x20 x1=0x202f9c586e0 x2=0x202f9c50000
[call] __cxa_atexit x0=0x202f7730338 x1=0x202f9c58700 x2=0x202f9c50000
[call] malloc       x0=0x30 x1=0x202f9c58700 x2=0x202f9c50000
[call] __cxa_atexit x0=0x202f7730338 x1=0x202f9c58740 x2=0x202f9c50000
[call] malloc       x0=0x20 x1=0x202f9c58740 x2=0x202f9c50000
[call] __cxa_atexit x0=0x202f7730338 x1=0x202f9c58760 x2=0x202f9c50000
[call] malloc       x0=0x30 x1=0x202f9c58760 x2=0x202f9c50000
[call] __cxa_atexit x0=0x202f7730338 x1=0x202f9c587e0 x2=0x202f9c50000
[call] malloc       x0=0x20 x1=0x202f9c587e0 x2=0x202f9c50000
[call] __cxa_atexit x0=0x202f7730338 x1=0x202f9c58800 x2=0x202f9c50000
[call] malloc       x0=0x30 x1=0x202f9c58800 x2=0x202f9c50000
[call] __cxa_atexit x0=0x202f7730338 x1=0x202f9c58840 x2=0x202f9c50000
[call] malloc       x0=0x20 x1=0x202f9c58840 x2=0x202f9c50000
[call] __cxa_atexit x0=0x202f7730338 x1=0x202f9c58860 x2=0x202f9c50000
[call] __cxa_atexit x0=0x202f7730338 x1=0x202f9c8b618 x2=0x202f9c50000
[call] __cxa_atexit x0=0x202f7730338 x1=0x202f9c8b630 x2=0x202f9c50000
[call] __cxa_atexit x0=0x202f7730338 x1=0x202f9c8b648 x2=0x202f9c50000
[call] __cxa_atexit x0=0x202f7730338 x1=0x202f9c8b660 x2=0x202f9c50000
[call] malloc       x0=0x30 x1=0x202f9c8b660 x2=0x202f9c50000
[call] __cxa_atexit x0=0x202f7730338 x1=0x202f9c588a0 x2=0x202f9c50000
[call] malloc       x0=0x20 x1=0x202f9c588a0 x2=0x202f9c50000
[call] __cxa_atexit x0=0x202f7730338 x1=0x202f9c588c0 x2=0x202f9c50000
[call] malloc       x0=0x30 x1=0x202f9c588c0 x2=0x202f9c50000
[call] __cxa_atexit x0=0x202f7730338 x1=0x202f9c58900 x2=0x202f9c50000
[call] malloc       x0=0x20 x1=0x202f9c58900 x2=0x202f9c50000
[call] __cxa_atexit x0=0x202f7730338 x1=0x202f9c58920 x2=0x202f9c50000
[call] malloc       x0=0x30 x1=0x202f9c58920 x2=0x202f9c50000
[call] __cxa_atexit x0=0x202f7730338 x1=0x202f9c58960 x2=0x202f9c50000
[call] malloc       x0=0x20 x1=0x202f9c58960 x2=0x202f9c50000
[call] __cxa_atexit x0=0x202f7730338 x1=0x202f9c58980 x2=0x202f9c50000
[call] __cxa_atexit x0=0x202f7739ce4 x1=0x202f9c589a0 x2=0x202f9c50000
[call] malloc       x0=0x30 x1=0x202f9c589a0 x2=0x202f9c50000
[call] __cxa_atexit x0=0x202f7730338 x1=0x202f9c589d0 x2=0x202f9c50000
[call] malloc       x0=0x20 x1=0x202f9c589d0 x2=0x202f9c50000
[call] __cxa_atexit x0=0x202f7730338 x1=0x202f9c589f0 x2=0x202f9c50000
[call] __cxa_atexit x0=0x202f7730338 x1=0x202f9c8b678 x2=0x202f9c50000
[call] malloc       x0=0x20 x1=0x202f9c8b678 x2=0x202f9c50000
[call] __cxa_atexit x0=0x202f7730338 x1=0x202f9c58a10 x2=0x202f9c50000
[call] malloc       x0=0x20 x1=0x202f9c58a10 x2=0x202f9c50000
[call] __cxa_atexit x0=0x202f7730338 x1=0x202f9c58a30 x2=0x202f9c50000
[call] malloc       x0=0x20 x1=0x202f9c58a30 x2=0x202f9c50000
[call] __cxa_atexit x0=0x202f7730338 x1=0x202f9c58a50 x2=0x202f9c50000
[call] malloc       x0=0x20 x1=0x202f9c58a50 x2=0x202f9c50000
[call] __cxa_atexit x0=0x202f7730338 x1=0x202f9c58a70 x2=0x202f9c50000
[call] malloc       x0=0x20 x1=0x202f9c58a70 x2=0x202f9c50000
[call] __cxa_atexit x0=0x202f7730338 x1=0x202f9c58a90 x2=0x202f9c50000
[call] malloc       x0=0x20 x1=0x202f9c58a90 x2=0x202f9c50000
[call] __cxa_atexit x0=0x202f7730338 x1=0x202f9c58ab0 x2=0x202f9c50000
[call] __cxa_atexit x0=0x202f7730338 x1=0x202f9c8b690 x2=0x202f9c50000
[call] malloc       x0=0x20 x1=0x202f9c8b690 x2=0x202f9c50000
[call] __cxa_atexit x0=0x202f7730338 x1=0x202f9c58ad0 x2=0x202f9c50000
[call] malloc       x0=0x20 x1=0x202f9c58ad0 x2=0x202f9c50000
[call] __cxa_atexit x0=0x202f7730338 x1=0x202f9c58af0 x2=0x202f9c50000
[call] malloc       x0=0x20 x1=0x202f9c58af0 x2=0x202f9c50000
[call] __cxa_atexit x0=0x202f7730338 x1=0x202f9c58b10 x2=0x202f9c50000
[call] malloc       x0=0x20 x1=0x202f9c58b10 x2=0x202f9c50000
[call] __cxa_atexit x0=0x202f7730338 x1=0x202f9c58b30 x2=0x202f9c50000
[call] malloc       x0=0x20 x1=0x202f9c58b30 x2=0x202f9c50000
[call] __cxa_atexit x0=0x202f7730338 x1=0x202f9c58b50 x2=0x202f9c50000
[call] malloc       x0=0x20 x1=0x202f9c58b50 x2=0x202f9c50000
[call] __cxa_atexit x0=0x202f7730338 x1=0x202f9c58b70 x2=0x202f9c50000
[call] malloc       x0=0x30 x1=0x202f9c58b70 x2=0x202f9c50000
[call] __cxa_atexit x0=0x202f7730338 x1=0x202f9c58bb0 x2=0x202f9c50000
[call] malloc       x0=0x20 x1=0x202f9c58bb0 x2=0x202f9c50000
[call] __cxa_atexit x0=0x202f7730338 x1=0x202f9c58bd0 x2=0x202f9c50000
[call] __cxa_atexit x0=0x202f7730338 x1=0x202f9c8b6a8 x2=0x202f9c50000
[call] malloc       x0=0x30 x1=0x202f9c8b6a8 x2=0x202f9c50000
[call] __cxa_atexit x0=0x202f7730338 x1=0x202f9c58c10 x2=0x202f9c50000
[call] malloc       x0=0x20 x1=0x202f9c58c10 x2=0x202f9c50000
[call] __cxa_atexit x0=0x202f7730338 x1=0x202f9c58c30 x2=0x202f9c50000
[call] malloc       x0=0x30 x1=0x202f9c58c30 x2=0x202f9c50000
[call] __cxa_atexit x0=0x202f7730338 x1=0x202f9c58c90 x2=0x202f9c50000
[call] malloc       x0=0x20 x1=0x202f9c58c90 x2=0x202f9c50000
[call] __cxa_atexit x0=0x202f7730338 x1=0x202f9c58cb0 x2=0x202f9c50000
[call] malloc       x0=0x30 x1=0x202f9c58cb0 x2=0x202f9c50000
[call] __cxa_atexit x0=0x202f7730338 x1=0x202f9c58cf0 x2=0x202f9c50000
[call] malloc       x0=0x20 x1=0x202f9c58cf0 x2=0x202f9c50000
[call] __cxa_atexit x0=0x202f7730338 x1=0x202f9c58d10 x2=0x202f9c50000
[call] __cxa_atexit x0=0x202f7730338 x1=0x202f9c8b9f8 x2=0x202f9c50000
[call] malloc       x0=0x30 x1=0x202f9c8b9f8 x2=0x202f9c50000
[call] __cxa_atexit x0=0x202f7730338 x1=0x202f9c58d50 x2=0x202f9c50000
[call] malloc       x0=0x20 x1=0x202f9c58d50 x2=0x202f9c50000
[call] __cxa_atexit x0=0x202f7730338 x1=0x202f9c58d70 x2=0x202f9c50000
[call] malloc       x0=0x30 x1=0x202f9c58d70 x2=0x202f9c50000
[call] __cxa_atexit x0=0x202f7730338 x1=0x202f9c58db0 x2=0x202f9c50000
[call] malloc       x0=0x20 x1=0x202f9c58db0 x2=0x202f9c50000
[call] __cxa_atexit x0=0x202f7730338 x1=0x202f9c58dd0 x2=0x202f9c50000
[call] malloc       x0=0x30 x1=0x202f9c58dd0 x2=0x202f9c50000
[call] __cxa_atexit x0=0x202f7730338 x1=0x202f9c58e10 x2=0x202f9c50000
[call] malloc       x0=0x20 x1=0x202f9c58e10 x2=0x202f9c50000
[call] __cxa_atexit x0=0x202f7730338 x1=0x202f9c58e30 x2=0x202f9c50000
[call] malloc       x0=0x30 x1=0x202f9c58e30 x2=0x202f9c50000
[call] __cxa_atexit x0=0x202f7730338 x1=0x202f9c58e70 x2=0x202f9c50000
[call] malloc       x0=0x20 x1=0x202f9c58e70 x2=0x202f9c50000
[call] __cxa_atexit x0=0x202f7730338 x1=0x202f9c58e90 x2=0x202f9c50000
[call] __cxa_atexit x0=0x202f7730338 x1=0x202f9c8bb18 x2=0x202f9c50000
[call] malloc       x0=0x30 x1=0x202f9c8bb18 x2=0x202f9c50000
[call] __cxa_atexit x0=0x202f7730338 x1=0x202f9c58eb0 x2=0x202f9c50000
[call] __cxa_atexit x0=0x202f7730338 x1=0x202f9c8bb30 x2=0x202f9c50000
[call] __cxa_atexit x0=0x202f7730338 x1=0x202f9c8bb48 x2=0x202f9c50000
[call] __cxa_atexit x0=0x202f7730338 x1=0x202f9c8bb60 x2=0x202f9c50000
[call] __cxa_atexit x0=0x202f7730338 x1=0x202f9c8bb78 x2=0x202f9c50000
[call] malloc       x0=0x30 x1=0x202f9c8bb78 x2=0x202f9c50000
[call] __cxa_atexit x0=0x202f7730338 x1=0x202f9c58ef0 x2=0x202f9c50000
[call] malloc       x0=0x20 x1=0x202f9c58ef0 x2=0x202f9c50000
[call] __cxa_atexit x0=0x202f7730338 x1=0x202f9c58f10 x2=0x202f9c50000
[call] malloc       x0=0x30 x1=0x202f9c58f10 x2=0x202f9c50000
[call] __cxa_atexit x0=0x202f7730338 x1=0x202f9c59030 x2=0x202f9c50000
[call] malloc       x0=0x20 x1=0x202f9c59030 x2=0x202f9c50000
[call] __cxa_atexit x0=0x202f7730338 x1=0x202f9c59050 x2=0x202f9c50000
[call] malloc       x0=0x30 x1=0x202f9c59050 x2=0x202f9c50000
[call] __cxa_atexit x0=0x202f7730338 x1=0x202f9c59090 x2=0x202f9c50000
[call] malloc       x0=0x20 x1=0x202f9c59090 x2=0x202f9c50000
[call] __cxa_atexit x0=0x202f7730338 x1=0x202f9c590b0 x2=0x202f9c50000
[call] malloc       x0=0x30 x1=0x202f9c590b0 x2=0x202f9c50000
[call] __cxa_atexit x0=0x202f7730338 x1=0x202f9c590f0 x2=0x202f9c50000
[call] malloc       x0=0x20 x1=0x202f9c590f0 x2=0x202f9c50000
[call] __cxa_atexit x0=0x202f7730338 x1=0x202f9c59110 x2=0x202f9c50000
[call] malloc       x0=0x30 x1=0x202f9c59110 x2=0x202f9c50000
[call] __cxa_atexit x0=0x202f7730338 x1=0x202f9c59200 x2=0x202f9c50000
[call] malloc       x0=0x20 x1=0x202f9c59200 x2=0x202f9c50000
[call] __cxa_atexit x0=0x202f7730338 x1=0x202f9c59220 x2=0x202f9c50000
[call] malloc       x0=0x30 x1=0x202f9c59220 x2=0x202f9c50000
[call] __cxa_atexit x0=0x202f7730338 x1=0x202f9c59260 x2=0x202f9c50000
[call] malloc       x0=0x20 x1=0x202f9c59260 x2=0x202f9c50000
[call] __cxa_atexit x0=0x202f7730338 x1=0x202f9c59280 x2=0x202f9c50000
[call] __cxa_atexit x0=0x202f7730338 x1=0x202f9c8bf98 x2=0x202f9c50000
[call] malloc       x0=0x30 x1=0x202f9c8bf98 x2=0x202f9c50000
[call] __cxa_atexit x0=0x202f7730338 x1=0x202f9c592c0 x2=0x202f9c50000
[call] malloc       x0=0x20 x1=0x202f9c592c0 x2=0x202f9c50000
[call] __cxa_atexit x0=0x202f7730338 x1=0x202f9c592e0 x2=0x202f9c50000
[call] malloc       x0=0x30 x1=0x202f9c592e0 x2=0x202f9c50000
[call] __cxa_atexit x0=0x202f7730338 x1=0x202f9c59320 x2=0x202f9c50000
[call] malloc       x0=0x20 x1=0x202f9c59320 x2=0x202f9c50000
[call] __cxa_atexit x0=0x202f7730338 x1=0x202f9c59340 x2=0x202f9c50000
[call] malloc       x0=0x30 x1=0x202f9c59340 x2=0x202f9c50000
[call] __cxa_atexit x0=0x202f7730338 x1=0x202f9c59380 x2=0x202f9c50000
[call] malloc       x0=0x20 x1=0x202f9c59380 x2=0x202f9c50000
[call] __cxa_atexit x0=0x202f7730338 x1=0x202f9c593a0 x2=0x202f9c50000
[call] malloc       x0=0x30 x1=0x202f9c593a0 x2=0x202f9c50000
[call] __cxa_atexit x0=0x202f7730338 x1=0x202f9c593e0 x2=0x202f9c50000
[call] malloc       x0=0x20 x1=0x202f9c593e0 x2=0x202f9c50000
[call] __cxa_atexit x0=0x202f7730338 x1=0x202f9c59400 x2=0x202f9c50000
[call] malloc       x0=0x30 x1=0x202f9c59400 x2=0x202f9c50000
[call] __cxa_atexit x0=0x202f7730338 x1=0x202f9c59440 x2=0x202f9c50000
[call] malloc       x0=0x20 x1=0x202f9c59440 x2=0x202f9c50000
[call] __cxa_atexit x0=0x202f7730338 x1=0x202f9c59460 x2=0x202f9c50000
[call] malloc       x0=0x30 x1=0x202f9c59460 x2=0x202f9c50000
[call] __cxa_atexit x0=0x202f7730338 x1=0x202f9c594a0 x2=0x202f9c50000
[call] malloc       x0=0x20 x1=0x202f9c594a0 x2=0x202f9c50000
[call] __cxa_atexit x0=0x202f7730338 x1=0x202f9c594c0 x2=0x202f9c50000
[call] __cxa_atexit x0=0x202f7730338 x1=0x202f9c8c0b8 x2=0x202f9c50000
[call] __cxa_atexit x0=0x202f7730338 x1=0x202f9c8c0d0 x2=0x202f9c50000
[call] __cxa_atexit x0=0x202f7730338 x1=0x202f9c8c0e8 x2=0x202f9c50000
[call] __cxa_atexit x0=0x202f7730338 x1=0x202f9c8c100 x2=0x202f9c50000
[call] __cxa_atexit x0=0x202f7730338 x1=0x202f9c8c118 x2=0x202f9c50000
[call] __cxa_atexit x0=0x202f7730338 x1=0x202f9c8c130 x2=0x202f9c50000
[call] __cxa_atexit x0=0x202f7730338 x1=0x202f9c8c148 x2=0x202f9c50000
[call] __cxa_atexit x0=0x202f7730338 x1=0x202f9c8c160 x2=0x202f9c50000
[call] __cxa_atexit x0=0x202f7730338 x1=0x202f9c8c178 x2=0x202f9c50000
[call] __cxa_atexit x0=0x202f7730338 x1=0x202f9c8c190 x2=0x202f9c50000
[call] __cxa_atexit x0=0x202f7730338 x1=0x202f9c8c1a8 x2=0x202f9c50000
[call] __cxa_atexit x0=0x202f7730338 x1=0x202f9c8c1c0 x2=0x202f9c50000
[call] malloc       x0=0x30 x1=0x202f9c8c1c0 x2=0x202f9c50000
[call] __cxa_atexit x0=0x202f7730338 x1=0x202f9c59500 x2=0x202f9c50000
[call] malloc       x0=0x20 x1=0x202f9c59500 x2=0x202f9c50000
[call] __cxa_atexit x0=0x202f7730338 x1=0x202f9c59520 x2=0x202f9c50000
[call] malloc       x0=0x30 x1=0x202f9c59520 x2=0x202f9c50000
[call] __cxa_atexit x0=0x202f7730338 x1=0x202f9c59560 x2=0x202f9c50000
[call] malloc       x0=0x20 x1=0x202f9c59560 x2=0x202f9c50000
[call] __cxa_atexit x0=0x202f7730338 x1=0x202f9c59580 x2=0x202f9c50000
[call] __cxa_atexit x0=0x202f7730338 x1=0x202f9c8c280 x2=0x202f9c50000
[call] malloc       x0=0x30 x1=0x202f9c8c280 x2=0x202f9c50000
[call] __cxa_atexit x0=0x202f7730338 x1=0x202f9c595c0 x2=0x202f9c50000
[call] malloc       x0=0x20 x1=0x202f9c595c0 x2=0x202f9c50000
[call] __cxa_atexit x0=0x202f7730338 x1=0x202f9c595e0 x2=0x202f9c50000
[call] malloc       x0=0x30 x1=0x202f9c595e0 x2=0x202f9c50000
[call] __cxa_atexit x0=0x202f7730338 x1=0x202f9c59620 x2=0x202f9c50000
[call] malloc       x0=0x20 x1=0x202f9c59620 x2=0x202f9c50000
[call] __cxa_atexit x0=0x202f7730338 x1=0x202f9c59640 x2=0x202f9c50000
[call] __cxa_atexit x0=0x202f7730338 x1=0x202f9c8c298 x2=0x202f9c50000
[call] malloc       x0=0x30 x1=0x202f9c8c298 x2=0x202f9c50000
[call] __cxa_atexit x0=0x202f7730338 x1=0x202f9c59680 x2=0x202f9c50000
[call] malloc       x0=0x20 x1=0x202f9c59680 x2=0x202f9c50000
[call] __cxa_atexit x0=0x202f7730338 x1=0x202f9c596a0 x2=0x202f9c50000
[call] malloc       x0=0x30 x1=0x202f9c596a0 x2=0x202f9c50000
[call] __cxa_atexit x0=0x202f7730338 x1=0x202f9c596e0 x2=0x202f9c50000
[call] malloc       x0=0x20 x1=0x202f9c596e0 x2=0x202f9c50000
[call] __cxa_atexit x0=0x202f7730338 x1=0x202f9c59700 x2=0x202f9c50000
[call] malloc       x0=0x30 x1=0x202f9c59700 x2=0x202f9c50000
[call] __cxa_atexit x0=0x202f7730338 x1=0x202f9c59740 x2=0x202f9c50000
[call] malloc       x0=0x20 x1=0x202f9c59740 x2=0x202f9c50000
[call] __cxa_atexit x0=0x202f7730338 x1=0x202f9c59760 x2=0x202f9c50000
[call] __cxa_atexit x0=0x202f7730338 x1=0x202f9c8c2e0 x2=0x202f9c50000
[call] malloc       x0=0x30 x1=0x202f9c8c2e0 x2=0x202f9c50000
[call] __cxa_atexit x0=0x202f7730338 x1=0x202f9c597a0 x2=0x202f9c50000
[call] malloc       x0=0x20 x1=0x202f9c597a0 x2=0x202f9c50000
[call] __cxa_atexit x0=0x202f7730338 x1=0x202f9c597c0 x2=0x202f9c50000
[call] malloc       x0=0x30 x1=0x202f9c597c0 x2=0x202f9c50000
[call] __cxa_atexit x0=0x202f7730338 x1=0x202f9c59800 x2=0x202f9c50000
[call] malloc       x0=0x20 x1=0x202f9c59800 x2=0x202f9c50000
[call] __cxa_atexit x0=0x202f7730338 x1=0x202f9c59820 x2=0x202f9c50000
[call] __cxa_atexit x0=0x202f7730338 x1=0x202f9c8c328 x2=0x202f9c50000
[call] __cxa_atexit x0=0x202f7739ce4 x1=0x202f9c59840 x2=0x202f9c50000
[call] __cxa_atexit x0=0x202f91c2a08 x1=0x202f9c81608 x2=0x202f9c50000
[call] __cxa_atexit x0=0x202f91b4ca8 x1=0x202f9ca331c x2=0x202f9c50000
[call] malloc       x0=0x30 x1=0x202f9ca331c x2=0x202f9c50000
[call] __cxa_atexit x0=0x202f7730338 x1=0x202f9c59890 x2=0x202f9c50000
[call] malloc       x0=0x20 x1=0x202f9c59890 x2=0x202f9c50000
[call] __cxa_atexit x0=0x202f7730338 x1=0x202f9c598b0 x2=0x202f9c50000
[call] __cxa_atexit x0=0x202f7730338 x1=0x202f9c8c340 x2=0x202f9c50000
[call] __cxa_atexit x0=0x202f7730338 x1=0x202f9c8c358 x2=0x202f9c50000
[call] __cxa_atexit x0=0x202f7730338 x1=0x202f9c8c370 x2=0x202f9c50000
[call] __cxa_atexit x0=0x202f7730338 x1=0x202f9c8c388 x2=0x202f9c50000
[call] __cxa_atexit x0=0x202f7730338 x1=0x202f9c8c3a0 x2=0x202f9c50000
[call] __cxa_atexit x0=0x202f7730338 x1=0x202f9c8c3b8 x2=0x202f9c50000
[call] __cxa_atexit x0=0x202f7730338 x1=0x202f9c8c3d0 x2=0x202f9c50000
[call] __cxa_atexit x0=0x202f7730338 x1=0x202f9c8c3e8 x2=0x202f9c50000
[call] malloc       x0=0x30 x1=0x202f9c8c3e8 x2=0x202f9c50000
[call] __cxa_atexit x0=0x202f7730338 x1=0x202f9c59910 x2=0x202f9c50000
[call] malloc       x0=0x20 x1=0x202f9c59910 x2=0x202f9c50000
[call] __cxa_atexit x0=0x202f7730338 x1=0x202f9c59930 x2=0x202f9c50000
[call] malloc       x0=0x30 x1=0x202f9c59930 x2=0x202f9c50000
[call] __cxa_atexit x0=0x202f7730338 x1=0x202f9c59970 x2=0x202f9c50000
[call] malloc       x0=0x20 x1=0x202f9c59970 x2=0x202f9c50000
[call] __cxa_atexit x0=0x202f7730338 x1=0x202f9c59990 x2=0x202f9c50000
[call] malloc       x0=0x30 x1=0x202f9c59990 x2=0x202f9c50000
[call] __cxa_atexit x0=0x202f7730338 x1=0x202f9c599d0 x2=0x202f9c50000
[call] malloc       x0=0x20 x1=0x202f9c599d0 x2=0x202f9c50000
[call] __cxa_atexit x0=0x202f7730338 x1=0x202f9c599f0 x2=0x202f9c50000
[call] malloc       x0=0x30 x1=0x202f9c599f0 x2=0x202f9c50000
[call] __cxa_atexit x0=0x202f7730338 x1=0x202f9c59a30 x2=0x202f9c50000
[call] malloc       x0=0x20 x1=0x202f9c59a30 x2=0x202f9c50000
[call] __cxa_atexit x0=0x202f7730338 x1=0x202f9c59a50 x2=0x202f9c50000
[call] malloc       x0=0x30 x1=0x202f9c59a50 x2=0x202f9c50000
[call] __cxa_atexit x0=0x202f7730338 x1=0x202f9c59a90 x2=0x202f9c50000
[call] malloc       x0=0x20 x1=0x202f9c59a90 x2=0x202f9c50000
[call] __cxa_atexit x0=0x202f7730338 x1=0x202f9c59ab0 x2=0x202f9c50000
[call] malloc       x0=0x30 x1=0x202f9c59ab0 x2=0x202f9c50000
[call] __cxa_atexit x0=0x202f7730338 x1=0x202f9c59b10 x2=0x202f9c50000
[call] malloc       x0=0x20 x1=0x202f9c59b10 x2=0x202f9c50000
[call] __cxa_atexit x0=0x202f7730338 x1=0x202f9c59b30 x2=0x202f9c50000
[call] __cxa_atexit x0=0x202f7730338 x1=0x202f9c8c7c0 x2=0x202f9c50000
[call] malloc       x0=0x30 x1=0x202f9c8c7c0 x2=0x202f9c50000
[call] __cxa_atexit x0=0x202f7730338 x1=0x202f9c59b70 x2=0x202f9c50000
[call] malloc       x0=0x20 x1=0x202f9c59b70 x2=0x202f9c50000
[call] __cxa_atexit x0=0x202f7730338 x1=0x202f9c59b90 x2=0x202f9c50000
[call] __cxa_atexit x0=0x202f7730338 x1=0x202f9c8c838 x2=0x202f9c50000
[call] malloc       x0=0x30 x1=0x202f9c8c838 x2=0x202f9c50000
[call] __cxa_atexit x0=0x202f7730338 x1=0x202f9c59bd0 x2=0x202f9c50000
[call] malloc       x0=0x20 x1=0x202f9c59bd0 x2=0x202f9c50000
[call] __cxa_atexit x0=0x202f7730338 x1=0x202f9c59bf0 x2=0x202f9c50000
[call] __cxa_atexit x0=0x202f7730338 x1=0x202f9c8c850 x2=0x202f9c50000
[call] malloc       x0=0x30 x1=0x202f9c8c850 x2=0x202f9c50000
[call] __cxa_atexit x0=0x202f7730338 x1=0x202f9c59c30 x2=0x202f9c50000
[call] malloc       x0=0x20 x1=0x202f9c59c30 x2=0x202f9c50000
[call] __cxa_atexit x0=0x202f7730338 x1=0x202f9c59c50 x2=0x202f9c50000
[call] malloc       x0=0x30 x1=0x202f9c59c50 x2=0x202f9c50000
[call] __cxa_atexit x0=0x202f7730338 x1=0x202f9c59c90 x2=0x202f9c50000
[call] malloc       x0=0x20 x1=0x202f9c59c90 x2=0x202f9c50000
[call] __cxa_atexit x0=0x202f7730338 x1=0x202f9c59cb0 x2=0x202f9c50000
[call] malloc       x0=0x30 x1=0x202f9c59cb0 x2=0x202f9c50000
[call] __cxa_atexit x0=0x202f7730338 x1=0x202f9c59cf0 x2=0x202f9c50000
[call] malloc       x0=0x20 x1=0x202f9c59cf0 x2=0x202f9c50000
[call] __cxa_atexit x0=0x202f7730338 x1=0x202f9c59d10 x2=0x202f9c50000
[call] __cxa_atexit x0=0x202f7730338 x1=0x202f9c8c898 x2=0x202f9c50000
[call] malloc       x0=0x30 x1=0x202f9c8c898 x2=0x202f9c50000
[call] __cxa_atexit x0=0x202f7730338 x1=0x202f9c59d50 x2=0x202f9c50000
[call] malloc       x0=0x20 x1=0x202f9c59d50 x2=0x202f9c50000
[call] __cxa_atexit x0=0x202f7730338 x1=0x202f9c59d70 x2=0x202f9c50000
[call] malloc       x0=0x30 x1=0x202f9c59d70 x2=0x202f9c50000
[call] __cxa_atexit x0=0x202f7730338 x1=0x202f9c59db0 x2=0x202f9c50000
[call] malloc       x0=0x20 x1=0x202f9c59db0 x2=0x202f9c50000
[call] __cxa_atexit x0=0x202f7730338 x1=0x202f9c59dd0 x2=0x202f9c50000
[call] __cxa_atexit x0=0x202f7730338 x1=0x202f9c8c8b0 x2=0x202f9c50000
[call] malloc       x0=0x30 x1=0x202f9c8c8b0 x2=0x202f9c50000
[call] __cxa_atexit x0=0x202f7730338 x1=0x202f9c59e10 x2=0x202f9c50000
[call] malloc       x0=0x20 x1=0x202f9c59e10 x2=0x202f9c50000
[call] __cxa_atexit x0=0x202f7730338 x1=0x202f9c59e30 x2=0x202f9c50000
[call] malloc       x0=0x30 x1=0x202f9c59e30 x2=0x202f9c50000
[call] __cxa_atexit x0=0x202f7730338 x1=0x202f9c59e70 x2=0x202f9c50000
[call] malloc       x0=0x20 x1=0x202f9c59e70 x2=0x202f9c50000
[call] __cxa_atexit x0=0x202f7730338 x1=0x202f9c59e90 x2=0x202f9c50000
[call] __cxa_atexit x0=0x202f7730338 x1=0x202f9c8c8c8 x2=0x202f9c50000
[call] malloc       x0=0x30 x1=0x202f9c8c8c8 x2=0x202f9c50000
[call] __cxa_atexit x0=0x202f7730338 x1=0x202f9c59ed0 x2=0x202f9c50000
[call] malloc       x0=0x20 x1=0x202f9c59ed0 x2=0x202f9c50000
[call] __cxa_atexit x0=0x202f7730338 x1=0x202f9c59ef0 x2=0x202f9c50000
[call] __cxa_atexit x0=0x202f7730338 x1=0x202f9c8c8e0 x2=0x202f9c50000
[call] malloc       x0=0x30 x1=0x202f9c8c8e0 x2=0x202f9c50000
[call] __cxa_atexit x0=0x202f7730338 x1=0x202f9c59f30 x2=0x202f9c50000
[call] malloc       x0=0x20 x1=0x202f9c59f30 x2=0x202f9c50000
[call] __cxa_atexit x0=0x202f7730338 x1=0x202f9c59f50 x2=0x202f9c50000
[call] malloc       x0=0x30 x1=0x202f9c59f50 x2=0x202f9c50000
[call] __cxa_atexit x0=0x202f7730338 x1=0x202f9c59f90 x2=0x202f9c50000
[call] malloc       x0=0x20 x1=0x202f9c59f90 x2=0x202f9c50000
[call] __cxa_atexit x0=0x202f7730338 x1=0x202f9c59fb0 x2=0x202f9c50000
[call] malloc       x0=0x30 x1=0x202f9c59fb0 x2=0x202f9c50000
[call] __cxa_atexit x0=0x202f7730338 x1=0x202f9c59ff0 x2=0x202f9c50000
[call] malloc       x0=0x20 x1=0x202f9c59ff0 x2=0x202f9c50000
[call] __cxa_atexit x0=0x202f7730338 x1=0x202f9c5a010 x2=0x202f9c50000
[call] malloc       x0=0x30 x1=0x202f9c5a010 x2=0x202f9c50000
[call] __cxa_atexit x0=0x202f7730338 x1=0x202f9c5a050 x2=0x202f9c50000
[call] malloc       x0=0x20 x1=0x202f9c5a050 x2=0x202f9c50000
[call] __cxa_atexit x0=0x202f7730338 x1=0x202f9c5a070 x2=0x202f9c50000
[call] malloc       x0=0x30 x1=0x202f9c5a070 x2=0x202f9c50000
[call] __cxa_atexit x0=0x202f7730338 x1=0x202f9c5a0b0 x2=0x202f9c50000
[call] malloc       x0=0x20 x1=0x202f9c5a0b0 x2=0x202f9c50000
[call] __cxa_atexit x0=0x202f7730338 x1=0x202f9c5a0d0 x2=0x202f9c50000
[call] malloc       x0=0x30 x1=0x202f9c5a0d0 x2=0x202f9c50000
[call] __cxa_atexit x0=0x202f7730338 x1=0x202f9c5a110 x2=0x202f9c50000
[call] malloc       x0=0x20 x1=0x202f9c5a110 x2=0x202f9c50000
[call] __cxa_atexit x0=0x202f7730338 x1=0x202f9c5a130 x2=0x202f9c50000
[call] __cxa_atexit x0=0x202f7730338 x1=0x202f9c8c928 x2=0x202f9c50000
[call] __cxa_atexit x0=0x202f7739ce4 x1=0x202f9c5a150 x2=0x202f9c50000
[call] malloc       x0=0x30 x1=0x202f9c5a150 x2=0x202f9c50000
[call] __cxa_atexit x0=0x202f7730338 x1=0x202f9c5a1a0 x2=0x202f9c50000
[call] malloc       x0=0x20 x1=0x202f9c5a1a0 x2=0x202f9c50000
[call] __cxa_atexit x0=0x202f7730338 x1=0x202f9c5a1c0 x2=0x202f9c50000
[call] malloc       x0=0x30 x1=0x202f9c5a1c0 x2=0x202f9c50000
[call] __cxa_atexit x0=0x202f7730338 x1=0x202f9c5a200 x2=0x202f9c50000
[call] malloc       x0=0x20 x1=0x202f9c5a200 x2=0x202f9c50000
[call] __cxa_atexit x0=0x202f7730338 x1=0x202f9c5a220 x2=0x202f9c50000
[call] __cxa_atexit x0=0x202f7730338 x1=0x202f9c8c940 x2=0x202f9c50000
[call] malloc       x0=0x30 x1=0x202f9c8c940 x2=0x202f9c50000
[call] __cxa_atexit x0=0x202f7730338 x1=0x202f9c5a260 x2=0x202f9c50000
[call] malloc       x0=0x20 x1=0x202f9c5a260 x2=0x202f9c50000
[call] __cxa_atexit x0=0x202f7730338 x1=0x202f9c5a280 x2=0x202f9c50000
[call] malloc       x0=0x30 x1=0x202f9c5a280 x2=0x202f9c50000
[call] __cxa_atexit x0=0x202f7730338 x1=0x202f9c5a2c0 x2=0x202f9c50000
[call] malloc       x0=0x20 x1=0x202f9c5a2c0 x2=0x202f9c50000
[call] __cxa_atexit x0=0x202f7730338 x1=0x202f9c5a2e0 x2=0x202f9c50000
[call] malloc       x0=0x30 x1=0x202f9c5a2e0 x2=0x202f9c50000
[call] __cxa_atexit x0=0x202f7730338 x1=0x202f9c5a340 x2=0x202f9c50000
[call] malloc       x0=0x20 x1=0x202f9c5a340 x2=0x202f9c50000
[call] __cxa_atexit x0=0x202f7730338 x1=0x202f9c5a360 x2=0x202f9c50000
[call] malloc       x0=0x30 x1=0x202f9c5a360 x2=0x202f9c50000
[call] __cxa_atexit x0=0x202f7730338 x1=0x202f9c5a3a0 x2=0x202f9c50000
[call] malloc       x0=0x20 x1=0x202f9c5a3a0 x2=0x202f9c50000
[call] __cxa_atexit x0=0x202f7730338 x1=0x202f9c5a3c0 x2=0x202f9c50000
[call] malloc       x0=0x30 x1=0x202f9c5a3c0 x2=0x202f9c50000
[call] __cxa_atexit x0=0x202f7730338 x1=0x202f9c5a400 x2=0x202f9c50000
[call] malloc       x0=0x20 x1=0x202f9c5a400 x2=0x202f9c50000
[call] __cxa_atexit x0=0x202f7730338 x1=0x202f9c5a420 x2=0x202f9c50000
[call] __cxa_atexit x0=0x202f7739ce4 x1=0x202f9c5a440 x2=0x202f9c50000
[call] malloc       x0=0x30 x1=0x202f9c5a440 x2=0x202f9c50000
[call] __cxa_atexit x0=0x202f7730338 x1=0x202f9c5a490 x2=0x202f9c50000
[call] malloc       x0=0x20 x1=0x202f9c5a490 x2=0x202f9c50000
[call] __cxa_atexit x0=0x202f7730338 x1=0x202f9c5a4b0 x2=0x202f9c50000
[call] __cxa_atexit x0=0x202f7730338 x1=0x202f9c8cd78 x2=0x202f9c50000
[call] __cxa_atexit x0=0x202f7730338 x1=0x202f9c8cd90 x2=0x202f9c50000
[call] malloc       x0=0x20 x1=0x202f9c8cd90 x2=0x202f9c50000
[call] __cxa_atexit x0=0x202f7730338 x1=0x202f9c5a4d0 x2=0x202f9c50000
[call] malloc       x0=0x30 x1=0x202f9c5a4d0 x2=0x202f9c50000
[call] __cxa_atexit x0=0x202f7730338 x1=0x202f9c5a4f0 x2=0x202f9c50000
[call] __cxa_atexit x0=0x202f7730338 x1=0x202f9c8cda8 x2=0x202f9c50000
[call] __cxa_atexit x0=0x202f7739ce4 x1=0x202f9c5a510 x2=0x202f9c50000
[call] __cxa_atexit x0=0x202f7730338 x1=0x202f9c8cdc0 x2=0x202f9c50000
[call] __cxa_atexit x0=0x202f7730338 x1=0x202f9c8cdd8 x2=0x202f9c50000
[call] malloc       x0=0x30 x1=0x202f9c8cdd8 x2=0x202f9c50000
[call] __cxa_atexit x0=0x202f7730338 x1=0x202f9c5a560 x2=0x202f9c50000
[call] malloc       x0=0x20 x1=0x202f9c5a560 x2=0x202f9c50000
[call] __cxa_atexit x0=0x202f7730338 x1=0x202f9c5a580 x2=0x202f9c50000
[call] __cxa_atexit x0=0x202f7730338 x1=0x202f9c8ce68 x2=0x202f9c50000
[call] __cxa_atexit x0=0x202f7730338 x1=0x202f9c8ce80 x2=0x202f9c50000
[call] malloc       x0=0x20 x1=0x202f9c8ce80 x2=0x202f9c50000
[call] __cxa_atexit x0=0x202f7730338 x1=0x202f9c5a5a0 x2=0x202f9c50000
[call] malloc       x0=0x30 x1=0x202f9c5a5a0 x2=0x202f9c50000
[call] __cxa_atexit x0=0x202f7730338 x1=0x202f9c5a5c0 x2=0x202f9c50000
[call] __cxa_atexit x0=0x202f7730338 x1=0x202f9c8ce98 x2=0x202f9c50000
[call] malloc       x0=0x30 x1=0x202f9c8ce98 x2=0x202f9c50000
[call] __cxa_atexit x0=0x202f7730338 x1=0x202f9c5a600 x2=0x202f9c50000
[call] malloc       x0=0x20 x1=0x202f9c5a600 x2=0x202f9c50000
[call] __cxa_atexit x0=0x202f7730338 x1=0x202f9c5a620 x2=0x202f9c50000
[call] __cxa_atexit x0=0x202f7730338 x1=0x202f9c8ceb0 x2=0x202f9c50000
[call] malloc       x0=0x30 x1=0x202f9c8ceb0 x2=0x202f9c50000
[call] __cxa_atexit x0=0x202f7730338 x1=0x202f9c5a660 x2=0x202f9c50000
[call] malloc       x0=0x20 x1=0x202f9c5a660 x2=0x202f9c50000
[call] __cxa_atexit x0=0x202f7730338 x1=0x202f9c5a680 x2=0x202f9c50000
[call] malloc       x0=0x30 x1=0x202f9c5a680 x2=0x202f9c50000
[call] __cxa_atexit x0=0x202f7730338 x1=0x202f9c5a6c0 x2=0x202f9c50000
[call] malloc       x0=0x20 x1=0x202f9c5a6c0 x2=0x202f9c50000
[call] __cxa_atexit x0=0x202f7730338 x1=0x202f9c5a6e0 x2=0x202f9c50000
[call] malloc       x0=0x30 x1=0x202f9c5a6e0 x2=0x202f9c50000
[call] __cxa_atexit x0=0x202f7730338 x1=0x202f9c5a720 x2=0x202f9c50000
[call] malloc       x0=0x20 x1=0x202f9c5a720 x2=0x202f9c50000
[call] __cxa_atexit x0=0x202f7730338 x1=0x202f9c5a740 x2=0x202f9c50000
[call] malloc       x0=0x30 x1=0x202f9c5a740 x2=0x202f9c50000
[call] __cxa_atexit x0=0x202f7730338 x1=0x202f9c5a780 x2=0x202f9c50000
[call] malloc       x0=0x20 x1=0x202f9c5a780 x2=0x202f9c50000
[call] __cxa_atexit x0=0x202f7730338 x1=0x202f9c5a7a0 x2=0x202f9c50000
[call] malloc       x0=0x30 x1=0x202f9c5a7a0 x2=0x202f9c50000
[call] __cxa_atexit x0=0x202f7730338 x1=0x202f9c5a7e0 x2=0x202f9c50000
[call] malloc       x0=0x20 x1=0x202f9c5a7e0 x2=0x202f9c50000
[call] __cxa_atexit x0=0x202f7730338 x1=0x202f9c5a800 x2=0x202f9c50000
[call] malloc       x0=0x30 x1=0x202f9c5a800 x2=0x202f9c50000
[call] __cxa_atexit x0=0x202f7730338 x1=0x202f9c5a840 x2=0x202f9c50000
[call] malloc       x0=0x20 x1=0x202f9c5a840 x2=0x202f9c50000
[call] __cxa_atexit x0=0x202f7730338 x1=0x202f9c5a860 x2=0x202f9c50000
[call] __cxa_atexit x0=0x202f7730338 x1=0x202f9c8d090 x2=0x202f9c50000
[call] __cxa_atexit x0=0x202f7739ce4 x1=0x202f9c5a880 x2=0x202f9c50000
[call] __cxa_atexit x0=0x202f7730338 x1=0x202f9c8d0a8 x2=0x202f9c50000
[call] malloc       x0=0x30 x1=0x202f9c8d0a8 x2=0x202f9c50000
[call] __cxa_atexit x0=0x202f7730338 x1=0x202f9c5a8d0 x2=0x202f9c50000
[call] malloc       x0=0x20 x1=0x202f9c5a8d0 x2=0x202f9c50000
[call] __cxa_atexit x0=0x202f7730338 x1=0x202f9c5a8f0 x2=0x202f9c50000
[call] __cxa_atexit x0=0x202f7730338 x1=0x202f9c8d0d8 x2=0x202f9c50000
[call] __cxa_atexit x0=0x202f7730338 x1=0x202f9c8d0f0 x2=0x202f9c50000
[call] __cxa_atexit x0=0x202f7730338 x1=0x202f9c8d108 x2=0x202f9c50000
[call] __cxa_atexit x0=0x202f7730338 x1=0x202f9c8d120 x2=0x202f9c50000
[call] __cxa_atexit x0=0x202f7730338 x1=0x202f9c8d138 x2=0x202f9c50000
[call] __cxa_atexit x0=0x202f7730338 x1=0x202f9c8d150 x2=0x202f9c50000
[call] malloc       x0=0x30 x1=0x202f9c8d150 x2=0x202f9c50000
[call] __cxa_atexit x0=0x202f7730338 x1=0x202f9c5a930 x2=0x202f9c50000
[call] malloc       x0=0x20 x1=0x202f9c5a930 x2=0x202f9c50000
[call] __cxa_atexit x0=0x202f7730338 x1=0x202f9c5a950 x2=0x202f9c50000
[call] __cxa_atexit x0=0x202f7730338 x1=0x202f9c8d168 x2=0x202f9c50000
[call] __cxa_atexit x0=0x202f7730338 x1=0x202f9c8d180 x2=0x202f9c50000
[call] __cxa_atexit x0=0x202f7730338 x1=0x202f9c8d198 x2=0x202f9c50000
[call] __cxa_atexit x0=0x202f7730338 x1=0x202f9c8d1b0 x2=0x202f9c50000
[call] __cxa_atexit x0=0x202f7730338 x1=0x202f9c8d1c8 x2=0x202f9c50000
[call] __cxa_atexit x0=0x202f7730338 x1=0x202f9c8d1e0 x2=0x202f9c50000
[call] __cxa_atexit x0=0x202f7730338 x1=0x202f9c8d1f8 x2=0x202f9c50000
[call] __cxa_atexit x0=0x202f7730338 x1=0x202f9c8d210 x2=0x202f9c50000
[call] __cxa_atexit x0=0x202f7730338 x1=0x202f9c8d228 x2=0x202f9c50000
[call] __cxa_atexit x0=0x202f7730338 x1=0x202f9c8d240 x2=0x202f9c50000
[call] __cxa_atexit x0=0x202f7730338 x1=0x202f9c8d258 x2=0x202f9c50000
[call] __cxa_atexit x0=0x202f7730338 x1=0x202f9c8d270 x2=0x202f9c50000
[call] malloc       x0=0x20 x1=0x202f9c8d270 x2=0x202f9c50000
[call] __cxa_atexit x0=0x202f7730338 x1=0x202f9c5a970 x2=0x202f9c50000
[call] __cxa_atexit x0=0x202f7730338 x1=0x202f9c8d288 x2=0x202f9c50000
[call] __cxa_atexit x0=0x202f7730338 x1=0x202f9c8d2a0 x2=0x202f9c50000
[call] __cxa_atexit x0=0x202f7730338 x1=0x202f9c8d2b8 x2=0x202f9c50000
[call] __cxa_atexit x0=0x202f7730338 x1=0x202f9c8d2d0 x2=0x202f9c50000
[call] __cxa_atexit x0=0x202f7730338 x1=0x202f9c8d2e8 x2=0x202f9c50000
[call] __cxa_atexit x0=0x202f7730338 x1=0x202f9c8d300 x2=0x202f9c50000
[call] malloc       x0=0x30 x1=0x202f9c8d300 x2=0x202f9c50000
[call] __cxa_atexit x0=0x202f7730338 x1=0x202f9c5a9b0 x2=0x202f9c50000
[call] malloc       x0=0x20 x1=0x202f9c5a9b0 x2=0x202f9c50000
[call] __cxa_atexit x0=0x202f7730338 x1=0x202f9c5a9d0 x2=0x202f9c50000
[call] __cxa_atexit x0=0x202f7730338 x1=0x202f9c8d330 x2=0x202f9c50000
[call] malloc       x0=0x20 x1=0x202f9c8d330 x2=0x202f9c50000
[call] __cxa_atexit x0=0x202f7730338 x1=0x202f9c5a9f0 x2=0x202f9c50000
[call] malloc       x0=0x30 x1=0x202f9c5a9f0 x2=0x202f9c50000
[call] __cxa_atexit x0=0x202f7730338 x1=0x202f9c5aa30 x2=0x202f9c50000
[call] malloc       x0=0x20 x1=0x202f9c5aa30 x2=0x202f9c50000
[call] __cxa_atexit x0=0x202f7730338 x1=0x202f9c5aa50 x2=0x202f9c50000
[call] malloc       x0=0x20 x1=0x202f9c5aa50 x2=0x202f9c50000
[call] __cxa_atexit x0=0x202f7730338 x1=0x202f9c5aa70 x2=0x202f9c50000
[call] malloc       x0=0x30 x1=0x202f9c5aa70 x2=0x202f9c50000
[call] __cxa_atexit x0=0x202f7730338 x1=0x202f9c5aab0 x2=0x202f9c50000
[call] malloc       x0=0x20 x1=0x202f9c5aab0 x2=0x202f9c50000
[call] __cxa_atexit x0=0x202f7730338 x1=0x202f9c5aad0 x2=0x202f9c50000
[call] malloc       x0=0x30 x1=0x202f9c5aad0 x2=0x202f9c50000
[call] __cxa_atexit x0=0x202f7730338 x1=0x202f9c5ab70 x2=0x202f9c50000
[call] malloc       x0=0x20 x1=0x202f9c5ab70 x2=0x202f9c50000
[call] __cxa_atexit x0=0x202f7730338 x1=0x202f9c5ab90 x2=0x202f9c50000
[call] __cxa_atexit x0=0x202f7730338 x1=0x202f9c8d4b0 x2=0x202f9c50000
[call] malloc       x0=0x30 x1=0x202f9c8d4b0 x2=0x202f9c50000
[call] __cxa_atexit x0=0x202f7730338 x1=0x202f9c5abd0 x2=0x202f9c50000
[call] malloc       x0=0x20 x1=0x202f9c5abd0 x2=0x202f9c50000
[call] __cxa_atexit x0=0x202f7730338 x1=0x202f9c5abf0 x2=0x202f9c50000
[call] malloc       x0=0x30 x1=0x202f9c5abf0 x2=0x202f9c50000
[call] __cxa_atexit x0=0x202f7730338 x1=0x202f9c5ac30 x2=0x202f9c50000
[call] malloc       x0=0x20 x1=0x202f9c5ac30 x2=0x202f9c50000
[call] __cxa_atexit x0=0x202f7730338 x1=0x202f9c5ac50 x2=0x202f9c50000
[call] malloc       x0=0x30 x1=0x202f9c5ac50 x2=0x202f9c50000
[call] __cxa_atexit x0=0x202f7730338 x1=0x202f9c5ac90 x2=0x202f9c50000
[call] malloc       x0=0x20 x1=0x202f9c5ac90 x2=0x202f9c50000
[call] __cxa_atexit x0=0x202f7730338 x1=0x202f9c5acb0 x2=0x202f9c50000
[call] malloc       x0=0x30 x1=0x202f9c5acb0 x2=0x202f9c50000
[call] __cxa_atexit x0=0x202f7730338 x1=0x202f9c5acf0 x2=0x202f9c50000
[call] malloc       x0=0x20 x1=0x202f9c5acf0 x2=0x202f9c50000
[call] __cxa_atexit x0=0x202f7730338 x1=0x202f9c5ad10 x2=0x202f9c50000
[call] malloc       x0=0x30 x1=0x202f9c5ad10 x2=0x202f9c50000
[call] __cxa_atexit x0=0x202f7730338 x1=0x202f9c5ad30 x2=0x202f9c50000
[call] __cxa_atexit x0=0x202f7730338 x1=0x202f9c8d4e0 x2=0x202f9c50000
[call] malloc       x0=0x20 x1=0x202f9c8d4e0 x2=0x202f9c50000
[call] __cxa_atexit x0=0x202f7730338 x1=0x202f9c5ad50 x2=0x202f9c50000
[call] malloc       x0=0x30 x1=0x202f9c5ad50 x2=0x202f9c50000
[call] __cxa_atexit x0=0x202f7730338 x1=0x202f9c5ad90 x2=0x202f9c50000
[call] malloc       x0=0x20 x1=0x202f9c5ad90 x2=0x202f9c50000
[call] __cxa_atexit x0=0x202f7730338 x1=0x202f9c5adb0 x2=0x202f9c50000
[call] __cxa_atexit x0=0x202f7730338 x1=0x202f9c8d4f8 x2=0x202f9c50000
[call] malloc       x0=0x20 x1=0x202f9c8d4f8 x2=0x202f9c50000
[call] __cxa_atexit x0=0x202f7730338 x1=0x202f9c5add0 x2=0x202f9c50000
[call] malloc       x0=0x30 x1=0x202f9c5add0 x2=0x202f9c50000
[call] __cxa_atexit x0=0x202f7730338 x1=0x202f9c5adf0 x2=0x202f9c50000
[call] malloc       x0=0x30 x1=0x202f9c5adf0 x2=0x202f9c50000
[call] __cxa_atexit x0=0x202f7730338 x1=0x202f9c5ae30 x2=0x202f9c50000
[call] malloc       x0=0x20 x1=0x202f9c5ae30 x2=0x202f9c50000
[call] __cxa_atexit x0=0x202f7730338 x1=0x202f9c5ae50 x2=0x202f9c50000
[call] __cxa_atexit x0=0x202f7730338 x1=0x202f9c8d510 x2=0x202f9c50000
[call] malloc       x0=0x30 x1=0x202f9c8d510 x2=0x202f9c50000
[call] __cxa_atexit x0=0x202f7730338 x1=0x202f9c5ae90 x2=0x202f9c50000
[call] malloc       x0=0x20 x1=0x202f9c5ae90 x2=0x202f9c50000
[call] __cxa_atexit x0=0x202f7730338 x1=0x202f9c5aeb0 x2=0x202f9c50000
[call] malloc       x0=0x30 x1=0x202f9c5aeb0 x2=0x202f9c50000
[call] __cxa_atexit x0=0x202f7730338 x1=0x202f9c5aef0 x2=0x202f9c50000
[call] malloc       x0=0x20 x1=0x202f9c5aef0 x2=0x202f9c50000
[call] __cxa_atexit x0=0x202f7730338 x1=0x202f9c5af10 x2=0x202f9c50000
[call] malloc       x0=0x30 x1=0x202f9c5af10 x2=0x202f9c50000
[call] __cxa_atexit x0=0x202f7730338 x1=0x202f9c5af90 x2=0x202f9c50000
[call] malloc       x0=0x20 x1=0x202f9c5af90 x2=0x202f9c50000
[call] __cxa_atexit x0=0x202f7730338 x1=0x202f9c5afb0 x2=0x202f9c50000
[call] malloc       x0=0x30 x1=0x202f9c5afb0 x2=0x202f9c50000
[call] __cxa_atexit x0=0x202f7730338 x1=0x202f9c5aff0 x2=0x202f9c50000
[call] malloc       x0=0x20 x1=0x202f9c5aff0 x2=0x202f9c50000
[call] __cxa_atexit x0=0x202f7730338 x1=0x202f9c5b010 x2=0x202f9c50000
[call] malloc       x0=0x30 x1=0x202f9c5b010 x2=0x202f9c50000
[call] __cxa_atexit x0=0x202f7730338 x1=0x202f9c5b050 x2=0x202f9c50000
[call] malloc       x0=0x20 x1=0x202f9c5b050 x2=0x202f9c50000
[call] __cxa_atexit x0=0x202f7730338 x1=0x202f9c5b070 x2=0x202f9c50000
[call] __cxa_atexit x0=0x202f7739ce4 x1=0x202f9c5b090 x2=0x202f9c50000
[call] malloc       x0=0x30 x1=0x202f9c5b090 x2=0x202f9c50000
[call] __cxa_atexit x0=0x202f7730338 x1=0x202f9c5b0e0 x2=0x202f9c50000
[call] malloc       x0=0x20 x1=0x202f9c5b0e0 x2=0x202f9c50000
[call] __cxa_atexit x0=0x202f7730338 x1=0x202f9c5b100 x2=0x202f9c50000
[call] malloc       x0=0x30 x1=0x202f9c5b100 x2=0x202f9c50000
[call] __cxa_atexit x0=0x202f7730338 x1=0x202f9c5b140 x2=0x202f9c50000
[call] malloc       x0=0x20 x1=0x202f9c5b140 x2=0x202f9c50000
[call] __cxa_atexit x0=0x202f7730338 x1=0x202f9c5b160 x2=0x202f9c50000
[call] malloc       x0=0x30 x1=0x202f9c5b160 x2=0x202f9c50000
[call] __cxa_atexit x0=0x202f7730338 x1=0x202f9c5b1a0 x2=0x202f9c50000
[call] malloc       x0=0x20 x1=0x202f9c5b1a0 x2=0x202f9c50000
[call] __cxa_atexit x0=0x202f7730338 x1=0x202f9c5b1c0 x2=0x202f9c50000
[call] malloc       x0=0x30 x1=0x202f9c5b1c0 x2=0x202f9c50000
[call] __cxa_atexit x0=0x202f7730338 x1=0x202f9c5b200 x2=0x202f9c50000
[call] malloc       x0=0x20 x1=0x202f9c5b200 x2=0x202f9c50000
[call] __cxa_atexit x0=0x202f7730338 x1=0x202f9c5b220 x2=0x202f9c50000
[call] malloc       x0=0x30 x1=0x202f9c5b220 x2=0x202f9c50000
[call] __cxa_atexit x0=0x202f7730338 x1=0x202f9c5b260 x2=0x202f9c50000
[call] malloc       x0=0x20 x1=0x202f9c5b260 x2=0x202f9c50000
[call] __cxa_atexit x0=0x202f7730338 x1=0x202f9c5b280 x2=0x202f9c50000
[call] malloc       x0=0x30 x1=0x202f9c5b280 x2=0x202f9c50000
[call] __cxa_atexit x0=0x202f7730338 x1=0x202f9c5b2c0 x2=0x202f9c50000
[call] malloc       x0=0x20 x1=0x202f9c5b2c0 x2=0x202f9c50000
[call] __cxa_atexit x0=0x202f7730338 x1=0x202f9c5b2e0 x2=0x202f9c50000
[call] malloc       x0=0x30 x1=0x202f9c5b2e0 x2=0x202f9c50000
[call] __cxa_atexit x0=0x202f7730338 x1=0x202f9c5b320 x2=0x202f9c50000
[call] malloc       x0=0x20 x1=0x202f9c5b320 x2=0x202f9c50000
[call] __cxa_atexit x0=0x202f7730338 x1=0x202f9c5b340 x2=0x202f9c50000
[call] malloc       x0=0x30 x1=0x202f9c5b340 x2=0x202f9c50000
[call] __cxa_atexit x0=0x202f7730338 x1=0x202f9c5b380 x2=0x202f9c50000
[call] malloc       x0=0x20 x1=0x202f9c5b380 x2=0x202f9c50000
[call] __cxa_atexit x0=0x202f7730338 x1=0x202f9c5b3a0 x2=0x202f9c50000
[call] malloc       x0=0x20 x1=0x202f9c5b3a0 x2=0x202f9c50000
[call] __cxa_atexit x0=0x202f7730338 x1=0x202f9c5b3c0 x2=0x202f9c50000
[call] __cxa_atexit x0=0x202f7730338 x1=0x202f9c8d7f8 x2=0x202f9c50000
[call] malloc       x0=0x20 x1=0x202f9c8d7f8 x2=0x202f9c50000
[call] __cxa_atexit x0=0x202f7730338 x1=0x202f9c5b3e0 x2=0x202f9c50000
[call] malloc       x0=0x30 x1=0x202f9c5b3e0 x2=0x202f9c50000
[call] __cxa_atexit x0=0x202f7730338 x1=0x202f9c5b420 x2=0x202f9c50000
[call] malloc       x0=0x20 x1=0x202f9c5b420 x2=0x202f9c50000
[call] __cxa_atexit x0=0x202f7730338 x1=0x202f9c5b440 x2=0x202f9c50000
[call] malloc       x0=0x20 x1=0x202f9c5b440 x2=0x202f9c50000
[call] __cxa_atexit x0=0x202f7730338 x1=0x202f9c5b460 x2=0x202f9c50000
[call] __cxa_atexit x0=0x202f7730338 x1=0x202f9c8d810 x2=0x202f9c50000
[call] malloc       x0=0x20 x1=0x202f9c8d810 x2=0x202f9c50000
[call] __cxa_atexit x0=0x202f7730338 x1=0x202f9c5b480 x2=0x202f9c50000
[call] malloc       x0=0x30 x1=0x202f9c5b480 x2=0x202f9c50000
[call] __cxa_atexit x0=0x202f7730338 x1=0x202f9c5b4c0 x2=0x202f9c50000
[call] malloc       x0=0x20 x1=0x202f9c5b4c0 x2=0x202f9c50000
[call] __cxa_atexit x0=0x202f7730338 x1=0x202f9c5b4e0 x2=0x202f9c50000
[call] malloc       x0=0x30 x1=0x202f9c5b4e0 x2=0x202f9c50000
[call] __cxa_atexit x0=0x202f7730338 x1=0x202f9c5b520 x2=0x202f9c50000
[call] malloc       x0=0x20 x1=0x202f9c5b520 x2=0x202f9c50000
[call] __cxa_atexit x0=0x202f7730338 x1=0x202f9c5b540 x2=0x202f9c50000
[call] malloc       x0=0x30 x1=0x202f9c5b540 x2=0x202f9c50000
[call] __cxa_atexit x0=0x202f7730338 x1=0x202f9c5b580 x2=0x202f9c50000
[call] malloc       x0=0x20 x1=0x202f9c5b580 x2=0x202f9c50000
[call] __cxa_atexit x0=0x202f7730338 x1=0x202f9c5b5a0 x2=0x202f9c50000
[call] malloc       x0=0x30 x1=0x202f9c5b5a0 x2=0x202f9c50000
[call] __cxa_atexit x0=0x202f7730338 x1=0x202f9c5b640 x2=0x202f9c50000
[call] malloc       x0=0x20 x1=0x202f9c5b640 x2=0x202f9c50000
[call] __cxa_atexit x0=0x202f7730338 x1=0x202f9c5b660 x2=0x202f9c50000
[call] __cxa_atexit x0=0x202f7730338 x1=0x202f9c8d828 x2=0x202f9c50000
[call] __cxa_atexit x0=0x202f7739ce4 x1=0x202f9c5b680 x2=0x202f9c50000
[call] malloc       x0=0x30 x1=0x202f9c5b680 x2=0x202f9c50000
[call] __cxa_atexit x0=0x202f7730338 x1=0x202f9c5b6d0 x2=0x202f9c50000
[call] malloc       x0=0x20 x1=0x202f9c5b6d0 x2=0x202f9c50000
[call] __cxa_atexit x0=0x202f7730338 x1=0x202f9c5b6f0 x2=0x202f9c50000
[call] malloc       x0=0x30 x1=0x202f9c5b6f0 x2=0x202f9c50000
[call] __cxa_atexit x0=0x202f7730338 x1=0x202f9c5b730 x2=0x202f9c50000
[call] malloc       x0=0x20 x1=0x202f9c5b730 x2=0x202f9c50000
[call] __cxa_atexit x0=0x202f7730338 x1=0x202f9c5b750 x2=0x202f9c50000
[call] malloc       x0=0x30 x1=0x202f9c5b750 x2=0x202f9c50000
[call] __cxa_atexit x0=0x202f7730338 x1=0x202f9c5b790 x2=0x202f9c50000
[call] malloc       x0=0x20 x1=0x202f9c5b790 x2=0x202f9c50000
[call] __cxa_atexit x0=0x202f7730338 x1=0x202f9c5b7b0 x2=0x202f9c50000
[call] malloc       x0=0x30 x1=0x202f9c5b7b0 x2=0x202f9c50000
[call] __cxa_atexit x0=0x202f7730338 x1=0x202f9c5b7f0 x2=0x202f9c50000
[call] malloc       x0=0x20 x1=0x202f9c5b7f0 x2=0x202f9c50000
[call] __cxa_atexit x0=0x202f7730338 x1=0x202f9c5b810 x2=0x202f9c50000
[call] __cxa_atexit x0=0x202f7730338 x1=0x202f9c8d840 x2=0x202f9c50000
[call] malloc       x0=0x30 x1=0x202f9c8d840 x2=0x202f9c50000
[call] __cxa_atexit x0=0x202f7730338 x1=0x202f9c5b850 x2=0x202f9c50000
[call] malloc       x0=0x20 x1=0x202f9c5b850 x2=0x202f9c50000
[call] __cxa_atexit x0=0x202f7730338 x1=0x202f9c5b870 x2=0x202f9c50000
[call] __cxa_atexit x0=0x202f7730338 x1=0x202f9c8d858 x2=0x202f9c50000
[call] __cxa_atexit x0=0x202f7730338 x1=0x202f9c8d870 x2=0x202f9c50000
[call] __cxa_atexit x0=0x202f7730338 x1=0x202f9c8d888 x2=0x202f9c50000
[call] __cxa_atexit x0=0x202f7730338 x1=0x202f9c8d8a0 x2=0x202f9c50000
[call] malloc       x0=0x20 x1=0x202f9c8d8a0 x2=0x202f9c50000
[call] __cxa_atexit x0=0x202f7730338 x1=0x202f9c5b890 x2=0x202f9c50000
[call] __cxa_atexit x0=0x202f7730338 x1=0x202f9c8d8b8 x2=0x202f9c50000
[call] malloc       x0=0x20 x1=0x202f9c8d8b8 x2=0x202f9c50000
[call] __cxa_atexit x0=0x202f7730338 x1=0x202f9c5b8b0 x2=0x202f9c50000
[call] __cxa_atexit x0=0x202f7730338 x1=0x202f9c8d8d0 x2=0x202f9c50000
[call] malloc       x0=0x30 x1=0x202f9c8d8d0 x2=0x202f9c50000
[call] __cxa_atexit x0=0x202f7730338 x1=0x202f9c5b8f0 x2=0x202f9c50000
[call] malloc       x0=0x20 x1=0x202f9c5b8f0 x2=0x202f9c50000
[call] __cxa_atexit x0=0x202f7730338 x1=0x202f9c5b910 x2=0x202f9c50000
[call] __cxa_atexit x0=0x202f7730338 x1=0x202f9c8d8e8 x2=0x202f9c50000
[call] __cxa_atexit x0=0x202f7730338 x1=0x202f9c8d900 x2=0x202f9c50000
[call] malloc       x0=0x30 x1=0x202f9c8d900 x2=0x202f9c50000
[call] __cxa_atexit x0=0x202f7730338 x1=0x202f9c5b950 x2=0x202f9c50000
[call] malloc       x0=0x20 x1=0x202f9c5b950 x2=0x202f9c50000
[call] __cxa_atexit x0=0x202f7730338 x1=0x202f9c5b970 x2=0x202f9c50000
[call] __cxa_atexit x0=0x202f7730338 x1=0x202f9c8d948 x2=0x202f9c50000
[call] malloc       x0=0x30 x1=0x202f9c8d948 x2=0x202f9c50000
[call] __cxa_atexit x0=0x202f7730338 x1=0x202f9c5b9b0 x2=0x202f9c50000
[call] malloc       x0=0x20 x1=0x202f9c5b9b0 x2=0x202f9c50000
[call] __cxa_atexit x0=0x202f7730338 x1=0x202f9c5b9d0 x2=0x202f9c50000
[call] malloc       x0=0x30 x1=0x202f9c5b9d0 x2=0x202f9c50000
[call] __cxa_atexit x0=0x202f7730338 x1=0x202f9c5ba10 x2=0x202f9c50000
[call] malloc       x0=0x20 x1=0x202f9c5ba10 x2=0x202f9c50000
[call] __cxa_atexit x0=0x202f7730338 x1=0x202f9c5ba30 x2=0x202f9c50000
[call] __cxa_atexit x0=0x202f7730338 x1=0x202f9c8d960 x2=0x202f9c50000
[call] __cxa_atexit x0=0x202f7730338 x1=0x202f9c8d978 x2=0x202f9c50000
[call] __cxa_atexit x0=0x202f7730338 x1=0x202f9c8d990 x2=0x202f9c50000
[call] malloc       x0=0x30 x1=0x202f9c8d990 x2=0x202f9c50000
[call] __cxa_atexit x0=0x202f7730338 x1=0x202f9c5ba70 x2=0x202f9c50000
[call] malloc       x0=0x20 x1=0x202f9c5ba70 x2=0x202f9c50000
[call] __cxa_atexit x0=0x202f7730338 x1=0x202f9c5ba90 x2=0x202f9c50000
[call] malloc       x0=0x30 x1=0x202f9c5ba90 x2=0x202f9c50000
[call] __cxa_atexit x0=0x202f7730338 x1=0x202f9c5bad0 x2=0x202f9c50000
[call] malloc       x0=0x20 x1=0x202f9c5bad0 x2=0x202f9c50000
[call] __cxa_atexit x0=0x202f7730338 x1=0x202f9c5baf0 x2=0x202f9c50000
[call] malloc       x0=0x30 x1=0x202f9c5baf0 x2=0x202f9c50000
[call] __cxa_atexit x0=0x202f7730338 x1=0x202f9c5bb30 x2=0x202f9c50000
[call] malloc       x0=0x20 x1=0x202f9c5bb30 x2=0x202f9c50000
[call] __cxa_atexit x0=0x202f7730338 x1=0x202f9c5bb50 x2=0x202f9c50000
[call] __cxa_atexit x0=0x202f7730338 x1=0x202f9c8db28 x2=0x202f9c50000
[call] __cxa_atexit x0=0x202f7730338 x1=0x202f9c8db40 x2=0x202f9c50000
[call] malloc       x0=0x30 x1=0x202f9c8db40 x2=0x202f9c50000
[call] __cxa_atexit x0=0x202f7730338 x1=0x202f9c5bb90 x2=0x202f9c50000
[call] malloc       x0=0x20 x1=0x202f9c5bb90 x2=0x202f9c50000
[call] __cxa_atexit x0=0x202f7730338 x1=0x202f9c5bbb0 x2=0x202f9c50000
[call] __cxa_atexit x0=0x202f7730338 x1=0x202f9c8db58 x2=0x202f9c50000
[call] malloc       x0=0x30 x1=0x202f9c8db58 x2=0x202f9c50000
[call] __cxa_atexit x0=0x202f7730338 x1=0x202f9c5bbf0 x2=0x202f9c50000
[call] malloc       x0=0x20 x1=0x202f9c5bbf0 x2=0x202f9c50000
[call] __cxa_atexit x0=0x202f7730338 x1=0x202f9c5bc10 x2=0x202f9c50000
[call] malloc       x0=0x30 x1=0x202f9c5bc10 x2=0x202f9c50000
[call] __cxa_atexit x0=0x202f7730338 x1=0x202f9c5bc70 x2=0x202f9c50000
[call] malloc       x0=0x20 x1=0x202f9c5bc70 x2=0x202f9c50000
[call] __cxa_atexit x0=0x202f7730338 x1=0x202f9c5bc90 x2=0x202f9c50000
[call] malloc       x0=0x30 x1=0x202f9c5bc90 x2=0x202f9c50000
[call] __cxa_atexit x0=0x202f7730338 x1=0x202f9c5bd30 x2=0x202f9c50000
[call] malloc       x0=0x20 x1=0x202f9c5bd30 x2=0x202f9c50000
[call] __cxa_atexit x0=0x202f7730338 x1=0x202f9c5bd50 x2=0x202f9c50000
[call] malloc       x0=0x30 x1=0x202f9c5bd50 x2=0x202f9c50000
[call] __cxa_atexit x0=0x202f7730338 x1=0x202f9c5be10 x2=0x202f9c50000
[call] malloc       x0=0x20 x1=0x202f9c5be10 x2=0x202f9c50000
[call] __cxa_atexit x0=0x202f7730338 x1=0x202f9c5be30 x2=0x202f9c50000
[call] __cxa_atexit x0=0x202f7730338 x1=0x202f9c8ddb0 x2=0x202f9c50000
[call] malloc       x0=0x20 x1=0x202f9c8ddb0 x2=0x202f9c50000
[call] __cxa_atexit x0=0x202f7730338 x1=0x202f9c5be50 x2=0x202f9c50000
[call] malloc       x0=0x30 x1=0x202f9c5be50 x2=0x202f9c50000
[call] __cxa_atexit x0=0x202f7730338 x1=0x202f9c5be90 x2=0x202f9c50000
[call] malloc       x0=0x20 x1=0x202f9c5be90 x2=0x202f9c50000
[call] __cxa_atexit x0=0x202f7730338 x1=0x202f9c5beb0 x2=0x202f9c50000
[call] __cxa_atexit x0=0x202f7730338 x1=0x202f9c8ddc8 x2=0x202f9c50000
[call] __cxa_atexit x0=0x202f7730338 x1=0x202f9c8dde0 x2=0x202f9c50000
[call] malloc       x0=0x30 x1=0x202f9c8dde0 x2=0x202f9c50000
[call] __cxa_atexit x0=0x202f7730338 x1=0x202f9c5bef0 x2=0x202f9c50000
[call] malloc       x0=0x20 x1=0x202f9c5bef0 x2=0x202f9c50000
[call] __cxa_atexit x0=0x202f7730338 x1=0x202f9c5bf10 x2=0x202f9c50000
[call] __cxa_atexit x0=0x202f7730338 x1=0x202f9c8ddf8 x2=0x202f9c50000
[call] __cxa_atexit x0=0x202f7730338 x1=0x202f9c8de10 x2=0x202f9c50000
[call] __cxa_atexit x0=0x202f7730338 x1=0x202f9c8de28 x2=0x202f9c50000
[call] malloc       x0=0x30 x1=0x202f9c8de28 x2=0x202f9c50000
[call] __cxa_atexit x0=0x202f7730338 x1=0x202f9c5bf50 x2=0x202f9c50000
[call] malloc       x0=0x20 x1=0x202f9c5bf50 x2=0x202f9c50000
[call] __cxa_atexit x0=0x202f7730338 x1=0x202f9c5bf70 x2=0x202f9c50000
[call] malloc       x0=0x30 x1=0x202f9c5bf70 x2=0x202f9c50000
[call] __cxa_atexit x0=0x202f7730338 x1=0x202f9c5bfb0 x2=0x202f9c50000
[call] malloc       x0=0x20 x1=0x202f9c5bfb0 x2=0x202f9c50000
[call] __cxa_atexit x0=0x202f7730338 x1=0x202f9c5bfd0 x2=0x202f9c50000
[call] malloc       x0=0x30 x1=0x202f9c5bfd0 x2=0x202f9c50000
[call] __cxa_atexit x0=0x202f7730338 x1=0x202f9c5c010 x2=0x202f9c50000
[call] malloc       x0=0x20 x1=0x202f9c5c010 x2=0x202f9c50000
[call] __cxa_atexit x0=0x202f7730338 x1=0x202f9c5c030 x2=0x202f9c50000
[call] malloc       x0=0x30 x1=0x202f9c5c030 x2=0x202f9c50000
[call] __cxa_atexit x0=0x202f7730338 x1=0x202f9c5c070 x2=0x202f9c50000
[call] malloc       x0=0x20 x1=0x202f9c5c070 x2=0x202f9c50000
[call] __cxa_atexit x0=0x202f7730338 x1=0x202f9c5c090 x2=0x202f9c50000
[call] malloc       x0=0x30 x1=0x202f9c5c090 x2=0x202f9c50000
[call] __cxa_atexit x0=0x202f7730338 x1=0x202f9c5c0d0 x2=0x202f9c50000
[call] malloc       x0=0x20 x1=0x202f9c5c0d0 x2=0x202f9c50000
[call] __cxa_atexit x0=0x202f7730338 x1=0x202f9c5c0f0 x2=0x202f9c50000
[call] malloc       x0=0x30 x1=0x202f9c5c0f0 x2=0x202f9c50000
[call] __cxa_atexit x0=0x202f7730338 x1=0x202f9c5c130 x2=0x202f9c50000
[call] malloc       x0=0x20 x1=0x202f9c5c130 x2=0x202f9c50000
[call] __cxa_atexit x0=0x202f7730338 x1=0x202f9c5c150 x2=0x202f9c50000
[call] malloc       x0=0x30 x1=0x202f9c5c150 x2=0x202f9c50000
[call] __cxa_atexit x0=0x202f7730338 x1=0x202f9c5c190 x2=0x202f9c50000
[call] malloc       x0=0x20 x1=0x202f9c5c190 x2=0x202f9c50000
[call] __cxa_atexit x0=0x202f7730338 x1=0x202f9c5c1b0 x2=0x202f9c50000
[call] malloc       x0=0x30 x1=0x202f9c5c1b0 x2=0x202f9c50000
[call] __cxa_atexit x0=0x202f7730338 x1=0x202f9c5c1f0 x2=0x202f9c50000
[call] malloc       x0=0x20 x1=0x202f9c5c1f0 x2=0x202f9c50000
[call] __cxa_atexit x0=0x202f7730338 x1=0x202f9c5c210 x2=0x202f9c50000
[call] malloc       x0=0x30 x1=0x202f9c5c210 x2=0x202f9c50000
[call] __cxa_atexit x0=0x202f7730338 x1=0x202f9c5c250 x2=0x202f9c50000
[call] malloc       x0=0x20 x1=0x202f9c5c250 x2=0x202f9c50000
[call] __cxa_atexit x0=0x202f7730338 x1=0x202f9c5c270 x2=0x202f9c50000
[call] malloc       x0=0x30 x1=0x202f9c5c270 x2=0x202f9c50000
[call] __cxa_atexit x0=0x202f7730338 x1=0x202f9c5c2b0 x2=0x202f9c50000
[call] malloc       x0=0x20 x1=0x202f9c5c2b0 x2=0x202f9c50000
[call] __cxa_atexit x0=0x202f7730338 x1=0x202f9c5c2d0 x2=0x202f9c50000
[call] __cxa_atexit x0=0x202f7730338 x1=0x202f9c8df18 x2=0x202f9c50000
[call] malloc       x0=0x30 x1=0x202f9c8df18 x2=0x202f9c50000
[call] __cxa_atexit x0=0x202f7730338 x1=0x202f9c5c310 x2=0x202f9c50000
[call] malloc       x0=0x20 x1=0x202f9c5c310 x2=0x202f9c50000
[call] __cxa_atexit x0=0x202f7730338 x1=0x202f9c5c330 x2=0x202f9c50000
[call] malloc       x0=0x30 x1=0x202f9c5c330 x2=0x202f9c50000
[call] __cxa_atexit x0=0x202f7730338 x1=0x202f9c5c370 x2=0x202f9c50000
[call] malloc       x0=0x20 x1=0x202f9c5c370 x2=0x202f9c50000
[call] __cxa_atexit x0=0x202f7730338 x1=0x202f9c5c390 x2=0x202f9c50000
[call] __cxa_atexit x0=0x202f7730338 x1=0x202f9c8df30 x2=0x202f9c50000
[call] malloc       x0=0x30 x1=0x202f9c8df30 x2=0x202f9c50000
[call] __cxa_atexit x0=0x202f7730338 x1=0x202f9c5c3d0 x2=0x202f9c50000
[call] malloc       x0=0x20 x1=0x202f9c5c3d0 x2=0x202f9c50000
[call] __cxa_atexit x0=0x202f7730338 x1=0x202f9c5c3f0 x2=0x202f9c50000
[call] malloc       x0=0x30 x1=0x202f9c5c3f0 x2=0x202f9c50000
[call] __cxa_atexit x0=0x202f7730338 x1=0x202f9c5c430 x2=0x202f9c50000
[call] malloc       x0=0x20 x1=0x202f9c5c430 x2=0x202f9c50000
[call] __cxa_atexit x0=0x202f7730338 x1=0x202f9c5c450 x2=0x202f9c50000
[call] malloc       x0=0x30 x1=0x202f9c5c450 x2=0x202f9c50000
[call] __cxa_atexit x0=0x202f7730338 x1=0x202f9c5c490 x2=0x202f9c50000
[call] malloc       x0=0x20 x1=0x202f9c5c490 x2=0x202f9c50000
[call] __cxa_atexit x0=0x202f7730338 x1=0x202f9c5c4b0 x2=0x202f9c50000
[call] __cxa_atexit x0=0x202f7730338 x1=0x202f9c8e0b0 x2=0x202f9c50000
[call] malloc       x0=0x30 x1=0x202f9c8e0b0 x2=0x202f9c50000
[call] __cxa_atexit x0=0x202f7730338 x1=0x202f9c5c4f0 x2=0x202f9c50000
[call] malloc       x0=0x20 x1=0x202f9c5c4f0 x2=0x202f9c50000
[call] __cxa_atexit x0=0x202f7730338 x1=0x202f9c5c510 x2=0x202f9c50000
[call] __cxa_atexit x0=0x202f7730338 x1=0x202f9c8e0e0 x2=0x202f9c50000
[call] __cxa_atexit x0=0x202f7739ce4 x1=0x202f9c5c530 x2=0x202f9c50000
[call] __cxa_atexit x0=0x202f7730338 x1=0x202f9c8e0f8 x2=0x202f9c50000
[call] __cxa_atexit x0=0x202f7730338 x1=0x202f9c8e110 x2=0x202f9c50000
[call] __cxa_atexit x0=0x202f7730338 x1=0x202f9c8e128 x2=0x202f9c50000
[call] malloc       x0=0x30 x1=0x202f9c8e128 x2=0x202f9c50000
[call] __cxa_atexit x0=0x202f7730338 x1=0x202f9c5c580 x2=0x202f9c50000
[call] malloc       x0=0x20 x1=0x202f9c5c580 x2=0x202f9c50000
[call] __cxa_atexit x0=0x202f7730338 x1=0x202f9c5c5a0 x2=0x202f9c50000
[call] __cxa_atexit x0=0x202f7730338 x1=0x202f9c8e1b8 x2=0x202f9c50000
[call] malloc       x0=0x30 x1=0x202f9c8e1b8 x2=0x202f9c50000
[call] __cxa_atexit x0=0x202f7730338 x1=0x202f9c5c5e0 x2=0x202f9c50000
[call] malloc       x0=0x20 x1=0x202f9c5c5e0 x2=0x202f9c50000
[call] __cxa_atexit x0=0x202f7730338 x1=0x202f9c5c600 x2=0x202f9c50000
[call] __cxa_atexit x0=0x202f7730338 x1=0x202f9c8e1d0 x2=0x202f9c50000
[call] malloc       x0=0x30 x1=0x202f9c8e1d0 x2=0x202f9c50000
[call] __cxa_atexit x0=0x202f7730338 x1=0x202f9c5c620 x2=0x202f9c50000
[call] malloc       x0=0x30 x1=0x202f9c5c620 x2=0x202f9c50000
[call] __cxa_atexit x0=0x202f7730338 x1=0x202f9c5c640 x2=0x202f9c50000
[call] __cxa_atexit x0=0x202f7730338 x1=0x202f9c8e1e8 x2=0x202f9c50000
[call] __cxa_atexit x0=0x202f7730338 x1=0x202f9c8e200 x2=0x202f9c50000
[call] __cxa_atexit x0=0x202f7730338 x1=0x202f9c8e218 x2=0x202f9c50000
[call] malloc       x0=0x30 x1=0x202f9c8e218 x2=0x202f9c50000
[call] __cxa_atexit x0=0x202f7730338 x1=0x202f9c5c680 x2=0x202f9c50000
[call] malloc       x0=0x20 x1=0x202f9c5c680 x2=0x202f9c50000
[call] __cxa_atexit x0=0x202f7730338 x1=0x202f9c5c6a0 x2=0x202f9c50000
[call] malloc       x0=0x30 x1=0x202f9c5c6a0 x2=0x202f9c50000
[call] __cxa_atexit x0=0x202f7730338 x1=0x202f9c5c6e0 x2=0x202f9c50000
[call] malloc       x0=0x20 x1=0x202f9c5c6e0 x2=0x202f9c50000
[call] __cxa_atexit x0=0x202f7730338 x1=0x202f9c5c700 x2=0x202f9c50000
[call] malloc       x0=0x30 x1=0x202f9c5c700 x2=0x202f9c50000
[call] __cxa_atexit x0=0x202f7730338 x1=0x202f9c5c740 x2=0x202f9c50000
[call] malloc       x0=0x20 x1=0x202f9c5c740 x2=0x202f9c50000
[call] __cxa_atexit x0=0x202f7730338 x1=0x202f9c5c760 x2=0x202f9c50000
[call] __cxa_atexit x0=0x202f7730338 x1=0x202f9c8e260 x2=0x202f9c50000
[call] __cxa_atexit x0=0x202f7739ce4 x1=0x202f9c5c780 x2=0x202f9c50000
[call] malloc       x0=0x20 x1=0x202f9c5c780 x2=0x202f9c50000
[call] __cxa_atexit x0=0x202f7730338 x1=0x202f9c5c7b0 x2=0x202f9c50000
[call] malloc       x0=0x20 x1=0x202f9c5c7b0 x2=0x202f9c50000
[call] __cxa_atexit x0=0x202f7730338 x1=0x202f9c5c7d0 x2=0x202f9c50000
[call] malloc       x0=0x20 x1=0x202f9c5c7d0 x2=0x202f9c50000
[call] __cxa_atexit x0=0x202f7730338 x1=0x202f9c5c7f0 x2=0x202f9c50000
[call] malloc       x0=0x30 x1=0x202f9c5c7f0 x2=0x202f9c50000
[call] __cxa_atexit x0=0x202f7730338 x1=0x202f9c5c830 x2=0x202f9c50000
[call] malloc       x0=0x20 x1=0x202f9c5c830 x2=0x202f9c50000
[call] __cxa_atexit x0=0x202f7730338 x1=0x202f9c5c850 x2=0x202f9c50000
[call] malloc       x0=0x30 x1=0x202f9c5c850 x2=0x202f9c50000
[call] __cxa_atexit x0=0x202f7730338 x1=0x202f9c5c890 x2=0x202f9c50000
[call] malloc       x0=0x20 x1=0x202f9c5c890 x2=0x202f9c50000
[call] __cxa_atexit x0=0x202f7730338 x1=0x202f9c5c8b0 x2=0x202f9c50000
[call] malloc       x0=0x30 x1=0x202f9c5c8b0 x2=0x202f9c50000
[call] __cxa_atexit x0=0x202f7730338 x1=0x202f9c5c8f0 x2=0x202f9c50000
[call] malloc       x0=0x20 x1=0x202f9c5c8f0 x2=0x202f9c50000
[call] __cxa_atexit x0=0x202f7730338 x1=0x202f9c5c910 x2=0x202f9c50000
[call] malloc       x0=0x30 x1=0x202f9c5c910 x2=0x202f9c50000
[call] __cxa_atexit x0=0x202f7730338 x1=0x202f9c5c950 x2=0x202f9c50000
[call] malloc       x0=0x20 x1=0x202f9c5c950 x2=0x202f9c50000
[call] __cxa_atexit x0=0x202f7730338 x1=0x202f9c5c970 x2=0x202f9c50000
[call] __cxa_atexit x0=0x202f7730338 x1=0x202f9c8e3c8 x2=0x202f9c50000
[call] malloc       x0=0x30 x1=0x202f9c8e3c8 x2=0x202f9c50000
[call] __cxa_atexit x0=0x202f7730338 x1=0x202f9c5c9b0 x2=0x202f9c50000
[call] malloc       x0=0x20 x1=0x202f9c5c9b0 x2=0x202f9c50000
[call] __cxa_atexit x0=0x202f7730338 x1=0x202f9c5c9d0 x2=0x202f9c50000
[call] malloc       x0=0x30 x1=0x202f9c5c9d0 x2=0x202f9c50000
[call] __cxa_atexit x0=0x202f7730338 x1=0x202f9c5ca10 x2=0x202f9c50000
[call] malloc       x0=0x20 x1=0x202f9c5ca10 x2=0x202f9c50000
[call] __cxa_atexit x0=0x202f7730338 x1=0x202f9c5ca30 x2=0x202f9c50000
[call] malloc       x0=0x30 x1=0x202f9c5ca30 x2=0x202f9c50000
[call] __cxa_atexit x0=0x202f7730338 x1=0x202f9c5ca70 x2=0x202f9c50000
[call] malloc       x0=0x20 x1=0x202f9c5ca70 x2=0x202f9c50000
[call] __cxa_atexit x0=0x202f7730338 x1=0x202f9c5ca90 x2=0x202f9c50000
[call] malloc       x0=0x30 x1=0x202f9c5ca90 x2=0x202f9c50000
[call] __cxa_atexit x0=0x202f7730338 x1=0x202f9c5cad0 x2=0x202f9c50000
[call] malloc       x0=0x20 x1=0x202f9c5cad0 x2=0x202f9c50000
[call] __cxa_atexit x0=0x202f7730338 x1=0x202f9c5caf0 x2=0x202f9c50000
[call] __cxa_atexit x0=0x202f7739ce4 x1=0x202f9c5cb10 x2=0x202f9c50000
[call] malloc       x0=0x30 x1=0x202f9c5cb10 x2=0x202f9c50000
[call] __cxa_atexit x0=0x202f7730338 x1=0x202f9c5cb60 x2=0x202f9c50000
[call] malloc       x0=0x20 x1=0x202f9c5cb60 x2=0x202f9c50000
[call] __cxa_atexit x0=0x202f7730338 x1=0x202f9c5cb80 x2=0x202f9c50000
[call] __cxa_atexit x0=0x202f7730338 x1=0x202f9c8e4d0 x2=0x202f9c50000
[call] __cxa_atexit x0=0x202f7730338 x1=0x202f9c8e4e8 x2=0x202f9c50000
[call] __cxa_atexit x0=0x202f7730338 x1=0x202f9c8e500 x2=0x202f9c50000
[call] __cxa_atexit x0=0x202f7730338 x1=0x202f9c8e518 x2=0x202f9c50000
[call] malloc       x0=0x30 x1=0x202f9c8e518 x2=0x202f9c50000
[call] __cxa_atexit x0=0x202f7730338 x1=0x202f9c5cbc0 x2=0x202f9c50000
[call] malloc       x0=0x20 x1=0x202f9c5cbc0 x2=0x202f9c50000
[call] __cxa_atexit x0=0x202f7730338 x1=0x202f9c5cbe0 x2=0x202f9c50000
[call] malloc       x0=0x30 x1=0x202f9c5cbe0 x2=0x202f9c50000
[call] __cxa_atexit x0=0x202f7730338 x1=0x202f9c5cc20 x2=0x202f9c50000
[call] malloc       x0=0x20 x1=0x202f9c5cc20 x2=0x202f9c50000
[call] __cxa_atexit x0=0x202f7730338 x1=0x202f9c5cc40 x2=0x202f9c50000
[call] malloc       x0=0x30 x1=0x202f9c5cc40 x2=0x202f9c50000
[call] __cxa_atexit x0=0x202f7730338 x1=0x202f9c5cc80 x2=0x202f9c50000
[call] malloc       x0=0x20 x1=0x202f9c5cc80 x2=0x202f9c50000
[call] __cxa_atexit x0=0x202f7730338 x1=0x202f9c5cca0 x2=0x202f9c50000
[call] malloc       x0=0x30 x1=0x202f9c5cca0 x2=0x202f9c50000
[call] __cxa_atexit x0=0x202f7730338 x1=0x202f9c5cce0 x2=0x202f9c50000
[call] malloc       x0=0x20 x1=0x202f9c5cce0 x2=0x202f9c50000
[call] __cxa_atexit x0=0x202f7730338 x1=0x202f9c5cd00 x2=0x202f9c50000
[call] malloc       x0=0x30 x1=0x202f9c5cd00 x2=0x202f9c50000
[call] __cxa_atexit x0=0x202f7730338 x1=0x202f9c5cd40 x2=0x202f9c50000
[call] malloc       x0=0x20 x1=0x202f9c5cd40 x2=0x202f9c50000
[call] __cxa_atexit x0=0x202f7730338 x1=0x202f9c5cd60 x2=0x202f9c50000
[call] malloc       x0=0x30 x1=0x202f9c5cd60 x2=0x202f9c50000
[call] __cxa_atexit x0=0x202f7730338 x1=0x202f9c5cda0 x2=0x202f9c50000
[call] malloc       x0=0x20 x1=0x202f9c5cda0 x2=0x202f9c50000
[call] __cxa_atexit x0=0x202f7730338 x1=0x202f9c5cdc0 x2=0x202f9c50000
[call] __cxa_atexit x0=0x202f7730338 x1=0x202f9c8e530 x2=0x202f9c50000
[call] malloc       x0=0x30 x1=0x202f9c8e530 x2=0x202f9c50000
[call] __cxa_atexit x0=0x202f7730338 x1=0x202f9c5cea0 x2=0x202f9c50000
[call] malloc       x0=0x20 x1=0x202f9c5cea0 x2=0x202f9c50000
[call] __cxa_atexit x0=0x202f7730338 x1=0x202f9c5cec0 x2=0x202f9c50000
[call] malloc       x0=0x30 x1=0x202f9c5cec0 x2=0x202f9c50000
[call] __cxa_atexit x0=0x202f7730338 x1=0x202f9c5cf00 x2=0x202f9c50000
[call] malloc       x0=0x20 x1=0x202f9c5cf00 x2=0x202f9c50000
[call] __cxa_atexit x0=0x202f7730338 x1=0x202f9c5cf20 x2=0x202f9c50000
[call] __cxa_atexit x0=0x202f7730338 x1=0x202f9c8e668 x2=0x202f9c50000
[call] __cxa_atexit x0=0x202f7730338 x1=0x202f9c8e680 x2=0x202f9c50000
[call] malloc       x0=0x20 x1=0x202f9c8e680 x2=0x202f9c50000
[call] __cxa_atexit x0=0x202f7730338 x1=0x202f9c5cf40 x2=0x202f9c50000
[call] malloc       x0=0x30 x1=0x202f9c5cf40 x2=0x202f9c50000
[call] __cxa_atexit x0=0x202f7730338 x1=0x202f9c5cf80 x2=0x202f9c50000
[call] malloc       x0=0x20 x1=0x202f9c5cf80 x2=0x202f9c50000
[call] __cxa_atexit x0=0x202f7730338 x1=0x202f9c5cfa0 x2=0x202f9c50000
[call] __cxa_atexit x0=0x202f7730338 x1=0x202f9c8e698 x2=0x202f9c50000
[call] malloc       x0=0x30 x1=0x202f9c8e698 x2=0x202f9c50000
[call] __cxa_atexit x0=0x202f7730338 x1=0x202f9c5cfe0 x2=0x202f9c50000
[call] malloc       x0=0x20 x1=0x202f9c5cfe0 x2=0x202f9c50000
[call] __cxa_atexit x0=0x202f7730338 x1=0x202f9c5d000 x2=0x202f9c50000
[call] __cxa_atexit x0=0x202f7730338 x1=0x202f9c8e6b0 x2=0x202f9c50000
[call] malloc       x0=0x30 x1=0x202f9c8e6b0 x2=0x202f9c50000
[call] __cxa_atexit x0=0x202f7730338 x1=0x202f9c5d040 x2=0x202f9c50000
[call] malloc       x0=0x20 x1=0x202f9c5d040 x2=0x202f9c50000
[call] __cxa_atexit x0=0x202f7730338 x1=0x202f9c5d060 x2=0x202f9c50000
[call] __cxa_atexit x0=0x202f7730338 x1=0x202f9c8e6c8 x2=0x202f9c50000
[call] malloc       x0=0x30 x1=0x202f9c8e6c8 x2=0x202f9c50000
[call] __cxa_atexit x0=0x202f7730338 x1=0x202f9c5d0a0 x2=0x202f9c50000
[call] malloc       x0=0x20 x1=0x202f9c5d0a0 x2=0x202f9c50000
[call] __cxa_atexit x0=0x202f7730338 x1=0x202f9c5d0c0 x2=0x202f9c50000
[call] malloc       x0=0x30 x1=0x202f9c5d0c0 x2=0x202f9c50000
[call] __cxa_atexit x0=0x202f7730338 x1=0x202f9c5d100 x2=0x202f9c50000
[call] malloc       x0=0x20 x1=0x202f9c5d100 x2=0x202f9c50000
[call] __cxa_atexit x0=0x202f7730338 x1=0x202f9c5d120 x2=0x202f9c50000
[call] malloc       x0=0x30 x1=0x202f9c5d120 x2=0x202f9c50000
[call] __cxa_atexit x0=0x202f7730338 x1=0x202f9c5d160 x2=0x202f9c50000
[call] malloc       x0=0x20 x1=0x202f9c5d160 x2=0x202f9c50000
[call] __cxa_atexit x0=0x202f7730338 x1=0x202f9c5d180 x2=0x202f9c50000
[call] malloc       x0=0x30 x1=0x202f9c5d180 x2=0x202f9c50000
[call] __cxa_atexit x0=0x202f7730338 x1=0x202f9c5d1c0 x2=0x202f9c50000
[call] malloc       x0=0x20 x1=0x202f9c5d1c0 x2=0x202f9c50000
[call] __cxa_atexit x0=0x202f7730338 x1=0x202f9c5d1e0 x2=0x202f9c50000
[call] __cxa_atexit x0=0x202f7730338 x1=0x202f9c8e6f8 x2=0x202f9c50000
[call] __cxa_atexit x0=0x202f7730338 x1=0x202f9c8e710 x2=0x202f9c50000
[call] __cxa_atexit x0=0x202f7730338 x1=0x202f9c8e728 x2=0x202f9c50000
[call] malloc       x0=0x30 x1=0x202f9c8e728 x2=0x202f9c50000
[call] __cxa_atexit x0=0x202f7730338 x1=0x202f9c5d220 x2=0x202f9c50000
[call] malloc       x0=0x20 x1=0x202f9c5d220 x2=0x202f9c50000
[call] __cxa_atexit x0=0x202f7730338 x1=0x202f9c5d240 x2=0x202f9c50000
[call] malloc       x0=0x30 x1=0x202f9c5d240 x2=0x202f9c50000
[call] __cxa_atexit x0=0x202f7730338 x1=0x202f9c5d280 x2=0x202f9c50000
[call] malloc       x0=0x20 x1=0x202f9c5d280 x2=0x202f9c50000
[call] __cxa_atexit x0=0x202f7730338 x1=0x202f9c5d2a0 x2=0x202f9c50000
[call] __cxa_atexit x0=0x202f7730338 x1=0x202f9c8e7a0 x2=0x202f9c50000
[call] __cxa_atexit x0=0x202f7730338 x1=0x202f9c8e7b8 x2=0x202f9c50000
[call] malloc       x0=0x30 x1=0x202f9c8e7b8 x2=0x202f9c50000
[call] __cxa_atexit x0=0x202f7730338 x1=0x202f9c5d2e0 x2=0x202f9c50000
[call] malloc       x0=0x20 x1=0x202f9c5d2e0 x2=0x202f9c50000
[call] __cxa_atexit x0=0x202f7730338 x1=0x202f9c5d300 x2=0x202f9c50000
[call] malloc       x0=0x30 x1=0x202f9c5d300 x2=0x202f9c50000
[call] __cxa_atexit x0=0x202f7730338 x1=0x202f9c5d340 x2=0x202f9c50000
[call] malloc       x0=0x20 x1=0x202f9c5d340 x2=0x202f9c50000
[call] __cxa_atexit x0=0x202f7730338 x1=0x202f9c5d360 x2=0x202f9c50000
[call] malloc       x0=0x30 x1=0x202f9c5d360 x2=0x202f9c50000
[call] __cxa_atexit x0=0x202f7730338 x1=0x202f9c5d3a0 x2=0x202f9c50000
[call] malloc       x0=0x20 x1=0x202f9c5d3a0 x2=0x202f9c50000
[call] __cxa_atexit x0=0x202f7730338 x1=0x202f9c5d3c0 x2=0x202f9c50000
[call] __cxa_atexit x0=0x202f7739ce4 x1=0x202f9c5d3e0 x2=0x202f9c50000
[call] malloc       x0=0x30 x1=0x202f9c5d3e0 x2=0x202f9c50000
[call] __cxa_atexit x0=0x202f7730338 x1=0x202f9c5d470 x2=0x202f9c50000
[call] malloc       x0=0x20 x1=0x202f9c5d470 x2=0x202f9c50000
[call] __cxa_atexit x0=0x202f7730338 x1=0x202f9c5d490 x2=0x202f9c50000
[call] malloc       x0=0x20 x1=0x202f9c5d490 x2=0x202f9c50000
[call] __cxa_atexit x0=0x202f7730338 x1=0x202f9c5d4b0 x2=0x202f9c50000
[call] malloc       x0=0x30 x1=0x202f9c5d4b0 x2=0x202f9c50000
[call] __cxa_atexit x0=0x202f7730338 x1=0x202f9c5d4f0 x2=0x202f9c50000
[call] malloc       x0=0x20 x1=0x202f9c5d4f0 x2=0x202f9c50000
[call] __cxa_atexit x0=0x202f7730338 x1=0x202f9c5d510 x2=0x202f9c50000
[call] malloc       x0=0x30 x1=0x202f9c5d510 x2=0x202f9c50000
[call] __cxa_atexit x0=0x202f7730338 x1=0x202f9c5d550 x2=0x202f9c50000
[call] malloc       x0=0x20 x1=0x202f9c5d550 x2=0x202f9c50000
[call] __cxa_atexit x0=0x202f7730338 x1=0x202f9c5d570 x2=0x202f9c50000
[call] __cxa_atexit x0=0x202f7730338 x1=0x202f9c8e818 x2=0x202f9c50000
[call] malloc       x0=0x30 x1=0x202f9c8e818 x2=0x202f9c50000
[call] __cxa_atexit x0=0x202f7730338 x1=0x202f9c5d5b0 x2=0x202f9c50000
[call] malloc       x0=0x20 x1=0x202f9c5d5b0 x2=0x202f9c50000
[call] __cxa_atexit x0=0x202f7730338 x1=0x202f9c5d5d0 x2=0x202f9c50000
[call] malloc       x0=0x30 x1=0x202f9c5d5d0 x2=0x202f9c50000
[call] __cxa_atexit x0=0x202f7730338 x1=0x202f9c5d610 x2=0x202f9c50000
[call] malloc       x0=0x20 x1=0x202f9c5d610 x2=0x202f9c50000
[call] __cxa_atexit x0=0x202f7730338 x1=0x202f9c5d630 x2=0x202f9c50000
[call] __cxa_atexit x0=0x202f7739ce4 x1=0x202f9c5d650 x2=0x202f9c50000
[call] malloc       x0=0x30 x1=0x202f9c5d650 x2=0x202f9c50000
[call] __cxa_atexit x0=0x202f7730338 x1=0x202f9c5d6a0 x2=0x202f9c50000
[call] malloc       x0=0x20 x1=0x202f9c5d6a0 x2=0x202f9c50000
[call] __cxa_atexit x0=0x202f7730338 x1=0x202f9c5d6c0 x2=0x202f9c50000
[call] malloc       x0=0x30 x1=0x202f9c5d6c0 x2=0x202f9c50000
[call] __cxa_atexit x0=0x202f7730338 x1=0x202f9c5d740 x2=0x202f9c50000
[call] malloc       x0=0x20 x1=0x202f9c5d740 x2=0x202f9c50000
[call] __cxa_atexit x0=0x202f7730338 x1=0x202f9c5d760 x2=0x202f9c50000
[call] malloc       x0=0x30 x1=0x202f9c5d760 x2=0x202f9c50000
[call] __cxa_atexit x0=0x202f7730338 x1=0x202f9c5d7a0 x2=0x202f9c50000
[call] malloc       x0=0x20 x1=0x202f9c5d7a0 x2=0x202f9c50000
[call] __cxa_atexit x0=0x202f7730338 x1=0x202f9c5d7c0 x2=0x202f9c50000
[call] __cxa_atexit x0=0x202f7730338 x1=0x202f9c8e980 x2=0x202f9c50000
[call] __cxa_atexit x0=0x202f7730338 x1=0x202f9c8e998 x2=0x202f9c50000
[call] __cxa_atexit x0=0x202f7730338 x1=0x202f9c8e9b0 x2=0x202f9c50000
[call] __cxa_atexit x0=0x202f7730338 x1=0x202f9c8e9c8 x2=0x202f9c50000
[call] __cxa_atexit x0=0x202f7730338 x1=0x202f9c8e9e0 x2=0x202f9c50000
[call] malloc       x0=0x38 x1=0x202f9c8ea00 x2=0x202fccc4f10
[call] malloc       x0=0x38 x1=0x202f9c8ea00 x2=0
[call] memcmp       x0=0x202f362a551 x1=0x202fccc4fb1 x2=0x5
[call] memcmp       x0=0x202fccc4fb1 x1=0x202f362a551 x2=0x5
[call] malloc       x0=0x38 x1=0x202f362a551 x2=0x5
[call] memcmp       x0=0x202f362a551 x1=0x202fccc4fc9 x2=0x5
[call] memcmp       x0=0x202fccc4fc9 x1=0x202f362a291 x2=0x7
[call] malloc       x0=0x38 x1=0x202f362a291 x2=0
[call] memcmp       x0=0x202f362a551 x1=0x202fccc4fe1 x2=0x5
[call] memcmp       x0=0x202fccc4fe1 x1=0x202f362a291 x2=0x7
[call] memcmp       x0=0x202fccc4fe1 x1=0x202f362a6d1 x2=0x9
[call] memcmp       x0=0x202f362a6d1 x1=0x202fccc4fe1 x2=0x9
[call] malloc       x0=0x38 x1=0x202fccc4fe1 x2=0x9
[call] __cxa_atexit x0=0x202f7ac44e8 x1=0x202f9c8e9f8 x2=0x202f9c50000
[call] malloc       x0=0x30 x1=0x202f9c8e9f8 x2=0x202f9c50000
[call] __cxa_atexit x0=0x202f7730338 x1=0x202f9c5d800 x2=0x202f9c50000
[call] malloc       x0=0x20 x1=0x202f9c5d800 x2=0x202f9c50000
[call] __cxa_atexit x0=0x202f7730338 x1=0x202f9c5d820 x2=0x202f9c50000
[call] __cxa_atexit x0=0x202f7730338 x1=0x202f9c8eab8 x2=0x202f9c50000
[call] __cxa_atexit x0=0x202f7730338 x1=0x202f9c8ead0 x2=0x202f9c50000
[call] __cxa_atexit x0=0x202f7730338 x1=0x202f9c8eae8 x2=0x202f9c50000
[call] malloc       x0=0x20 x1=0x202f9c8eae8 x2=0x202f9c50000
[call] __cxa_atexit x0=0x202f7730338 x1=0x202f9c5d840 x2=0x202f9c50000
[call] malloc       x0=0x20 x1=0x202f9c8eb08 x2=0x202fccc5010
[call] malloc       x0=0x20 x1=0x202f9c8eb08 x2=0x202fccc5010
[call] malloc       x0=0x20 x1=0x202f9c8eb08 x2=0x202fccc5010
[call] malloc       x0=0x20 x1=0x202f9c8eb08 x2=0x202fccc5010
[call] malloc       x0=0x20 x1=0x202f9c8eb08 x2=0x202fccc5010
[call] malloc       x0=0x20 x1=0x202f9c8eb08 x2=0x202fccc5010
[call] __cxa_atexit x0=0x202f7aca1a0 x1=0x202f9c8eb00 x2=0x202f9c50000
[call] __cxa_atexit x0=0x202f7730338 x1=0x202f9c8eb18 x2=0x202f9c50000
[call] malloc       x0=0x30 x1=0x202f9c8eb18 x2=0x202f9c50000
[call] __cxa_atexit x0=0x202f7730338 x1=0x202f9c5d880 x2=0x202f9c50000
[call] malloc       x0=0x20 x1=0x202f9c5d880 x2=0x202f9c50000
[call] __cxa_atexit x0=0x202f7730338 x1=0x202f9c5d8a0 x2=0x202f9c50000
[call] malloc       x0=0x20 x1=0x202f9c5d8a0 x2=0x202f9c50000
[call] __cxa_atexit x0=0x202f7730338 x1=0x202f9c5d8c0 x2=0x202f9c50000
[call] malloc       x0=0x30 x1=0x202f9c5d8c0 x2=0x202f9c50000
[call] __cxa_atexit x0=0x202f7730338 x1=0x202f9c5d900 x2=0x202f9c50000
[call] malloc       x0=0x20 x1=0x202f9c5d900 x2=0x202f9c50000
[call] __cxa_atexit x0=0x202f7730338 x1=0x202f9c5d920 x2=0x202f9c50000
[call] __cxa_atexit x0=0x202f7739ce4 x1=0x202f9c5d940 x2=0x202f9c50000
[call] malloc       x0=0x30 x1=0x202f9c5d940 x2=0x202f9c50000
[call] __cxa_atexit x0=0x202f7730338 x1=0x202f9c5d990 x2=0x202f9c50000
[call] malloc       x0=0x20 x1=0x202f9c5d990 x2=0x202f9c50000
[call] __cxa_atexit x0=0x202f7730338 x1=0x202f9c5d9b0 x2=0x202f9c50000
[call] malloc       x0=0x30 x1=0x202f9c5d9b0 x2=0x202f9c50000
[call] __cxa_atexit x0=0x202f7730338 x1=0x202f9c5d9f0 x2=0x202f9c50000
[call] malloc       x0=0x20 x1=0x202f9c5d9f0 x2=0x202f9c50000
[call] __cxa_atexit x0=0x202f7730338 x1=0x202f9c5da10 x2=0x202f9c50000
[call] malloc       x0=0x30 x1=0x202f9c5da10 x2=0x202f9c50000
[call] __cxa_atexit x0=0x202f7730338 x1=0x202f9c5da50 x2=0x202f9c50000
[call] malloc       x0=0x20 x1=0x202f9c5da50 x2=0x202f9c50000
[call] __cxa_atexit x0=0x202f7730338 x1=0x202f9c5da70 x2=0x202f9c50000
[call] malloc       x0=0x30 x1=0x202f9c5da70 x2=0x202f9c50000
[call] __cxa_atexit x0=0x202f7730338 x1=0x202f9c5dab0 x2=0x202f9c50000
[call] malloc       x0=0x20 x1=0x202f9c5dab0 x2=0x202f9c50000
[call] __cxa_atexit x0=0x202f7730338 x1=0x202f9c5dad0 x2=0x202f9c50000
[call] __cxa_atexit x0=0x202f7730338 x1=0x202f9c8ebf0 x2=0x202f9c50000
[call] __cxa_atexit x0=0x202f7739ce4 x1=0x202f9c5daf0 x2=0x202f9c50000
[call] malloc       x0=0x30 x1=0x202f9c5daf0 x2=0x202f9c50000
[call] __cxa_atexit x0=0x202f7730338 x1=0x202f9c5db40 x2=0x202f9c50000
[call] malloc       x0=0x20 x1=0x202f9c5db40 x2=0x202f9c50000
[call] __cxa_atexit x0=0x202f7730338 x1=0x202f9c5db60 x2=0x202f9c50000
[call] malloc       x0=0x30 x1=0x202f9c5db60 x2=0x202f9c50000
[call] __cxa_atexit x0=0x202f7730338 x1=0x202f9c5dba0 x2=0x202f9c50000
[call] malloc       x0=0x20 x1=0x202f9c5dba0 x2=0x202f9c50000
[call] __cxa_atexit x0=0x202f7730338 x1=0x202f9c5dbc0 x2=0x202f9c50000
[call] malloc       x0=0x30 x1=0x202f9c5dbc0 x2=0x202f9c50000
[call] __cxa_atexit x0=0x202f7730338 x1=0x202f9c5dc00 x2=0x202f9c50000
[call] malloc       x0=0x20 x1=0x202f9c5dc00 x2=0x202f9c50000
[call] __cxa_atexit x0=0x202f7730338 x1=0x202f9c5dc20 x2=0x202f9c50000
[call] __cxa_atexit x0=0x202f7730338 x1=0x202f9c8ec20 x2=0x202f9c50000
[call] malloc       x0=0x30 x1=0x202f9c8ec20 x2=0x202f9c50000
[call] __cxa_atexit x0=0x202f7730338 x1=0x202f9c5dc60 x2=0x202f9c50000
[call] malloc       x0=0x20 x1=0x202f9c5dc60 x2=0x202f9c50000
[call] __cxa_atexit x0=0x202f7730338 x1=0x202f9c5dc80 x2=0x202f9c50000
[call] __cxa_atexit x0=0x202f7739ce4 x1=0x202f9c5dca0 x2=0x202f9c50000
[call] malloc       x0=0x30 x1=0x202f9c5dca0 x2=0x202f9c50000
[call] __cxa_atexit x0=0x202f7730338 x1=0x202f9c5dcf0 x2=0x202f9c50000
[call] malloc       x0=0x20 x1=0x202f9c5dcf0 x2=0x202f9c50000
[call] __cxa_atexit x0=0x202f7730338 x1=0x202f9c5dd10 x2=0x202f9c50000
[call] malloc       x0=0x30 x1=0x202f9c5dd10 x2=0x202f9c50000
[call] __cxa_atexit x0=0x202f7730338 x1=0x202f9c5dd50 x2=0x202f9c50000
[call] malloc       x0=0x20 x1=0x202f9c5dd50 x2=0x202f9c50000
[call] __cxa_atexit x0=0x202f7730338 x1=0x202f9c5dd70 x2=0x202f9c50000
[call] __cxa_atexit x0=0x202f7739ce4 x1=0x202f9c5dd90 x2=0x202f9c50000
[call] malloc       x0=0x30 x1=0x202f9c5dd90 x2=0x202f9c50000
[call] __cxa_atexit x0=0x202f7730338 x1=0x202f9c5dde0 x2=0x202f9c50000
[call] malloc       x0=0x20 x1=0x202f9c5dde0 x2=0x202f9c50000
[call] __cxa_atexit x0=0x202f7730338 x1=0x202f9c5de00 x2=0x202f9c50000
[call] malloc       x0=0x30 x1=0x202f9c5de00 x2=0x202f9c50000
[call] __cxa_atexit x0=0x202f7730338 x1=0x202f9c5de40 x2=0x202f9c50000
[call] malloc       x0=0x20 x1=0x202f9c5de40 x2=0x202f9c50000
[call] __cxa_atexit x0=0x202f7730338 x1=0x202f9c5de60 x2=0x202f9c50000
[call] malloc       x0=0x30 x1=0x202f9c5de60 x2=0x202f9c50000
[call] __cxa_atexit x0=0x202f7730338 x1=0x202f9c5dea0 x2=0x202f9c50000
[call] malloc       x0=0x20 x1=0x202f9c5dea0 x2=0x202f9c50000
[call] __cxa_atexit x0=0x202f7730338 x1=0x202f9c5dec0 x2=0x202f9c50000
[call] malloc       x0=0x30 x1=0x202f9c5dec0 x2=0x202f9c50000
[call] __cxa_atexit x0=0x202f7730338 x1=0x202f9c5df00 x2=0x202f9c50000
[call] malloc       x0=0x20 x1=0x202f9c5df00 x2=0x202f9c50000
[call] __cxa_atexit x0=0x202f7730338 x1=0x202f9c5df20 x2=0x202f9c50000
[call] malloc       x0=0x30 x1=0x202f9c5df20 x2=0x202f9c50000
[call] __cxa_atexit x0=0x202f7730338 x1=0x202f9c5df60 x2=0x202f9c50000
[call] malloc       x0=0x20 x1=0x202f9c5df60 x2=0x202f9c50000
[call] __cxa_atexit x0=0x202f7730338 x1=0x202f9c5df80 x2=0x202f9c50000
[call] malloc       x0=0x20 x1=0x202f9c5df80 x2=0x202f9c50000
[call] __cxa_atexit x0=0x202f7730338 x1=0x202f9c5dfa0 x2=0x202f9c50000
[call] malloc       x0=0x30 x1=0x202f9c5dfa0 x2=0x202f9c50000
[call] __cxa_atexit x0=0x202f7730338 x1=0x202f9c5dfc0 x2=0x202f9c50000
[call] malloc       x0=0x30 x1=0x202f9c5dfc0 x2=0x202f9c50000
[call] __cxa_atexit x0=0x202f7730338 x1=0x202f9c5e000 x2=0x202f9c50000
[call] malloc       x0=0x20 x1=0x202f9c5e000 x2=0x202f9c50000
[call] __cxa_atexit x0=0x202f7730338 x1=0x202f9c5e020 x2=0x202f9c50000
[call] malloc       x0=0x30 x1=0x202f9c5e020 x2=0x202f9c50000
[call] __cxa_atexit x0=0x202f7730338 x1=0x202f9c5e060 x2=0x202f9c50000
[call] malloc       x0=0x20 x1=0x202f9c5e060 x2=0x202f9c50000
[call] __cxa_atexit x0=0x202f7730338 x1=0x202f9c5e080 x2=0x202f9c50000
[call] __cxa_atexit x0=0x202f7730338 x1=0x202f9c8ecf8 x2=0x202f9c50000
[call] malloc       x0=0x30 x1=0x202f9c8ecf8 x2=0x202f9c50000
[call] __cxa_atexit x0=0x202f7730338 x1=0x202f9c5e0c0 x2=0x202f9c50000
[call] malloc       x0=0x20 x1=0x202f9c5e0c0 x2=0x202f9c50000
[call] __cxa_atexit x0=0x202f7730338 x1=0x202f9c5e0e0 x2=0x202f9c50000
[call] malloc       x0=0x30 x1=0x202f9c5e0e0 x2=0x202f9c50000
[call] __cxa_atexit x0=0x202f7730338 x1=0x202f9c5e120 x2=0x202f9c50000
[call] malloc       x0=0x20 x1=0x202f9c5e120 x2=0x202f9c50000
[call] __cxa_atexit x0=0x202f7730338 x1=0x202f9c5e140 x2=0x202f9c50000
[call] malloc       x0=0x30 x1=0x202f9c5e140 x2=0x202f9c50000
[call] __cxa_atexit x0=0x202f7730338 x1=0x202f9c5e180 x2=0x202f9c50000
[call] malloc       x0=0x20 x1=0x202f9c5e180 x2=0x202f9c50000
[call] __cxa_atexit x0=0x202f7730338 x1=0x202f9c5e1a0 x2=0x202f9c50000
[call] __cxa_atexit x0=0x202f7730338 x1=0x202f9c8ed40 x2=0x202f9c50000
[call] malloc       x0=0x30 x1=0x202f9c8ed40 x2=0x202f9c50000
[call] __cxa_atexit x0=0x202f7730338 x1=0x202f9c5e1e0 x2=0x202f9c50000
[call] malloc       x0=0x20 x1=0x202f9c5e1e0 x2=0x202f9c50000
[call] __cxa_atexit x0=0x202f7730338 x1=0x202f9c5e200 x2=0x202f9c50000
[call] malloc       x0=0x30 x1=0x202f9c5e200 x2=0x202f9c50000
[call] __cxa_atexit x0=0x202f7730338 x1=0x202f9c5e240 x2=0x202f9c50000
[call] malloc       x0=0x20 x1=0x202f9c5e240 x2=0x202f9c50000
[call] __cxa_atexit x0=0x202f7730338 x1=0x202f9c5e260 x2=0x202f9c50000
[call] malloc       x0=0x30 x1=0x202f9c5e260 x2=0x202f9c50000
[call] __cxa_atexit x0=0x202f7730338 x1=0x202f9c5e2a0 x2=0x202f9c50000
[call] malloc       x0=0x20 x1=0x202f9c5e2a0 x2=0x202f9c50000
[call] __cxa_atexit x0=0x202f7730338 x1=0x202f9c5e2c0 x2=0x202f9c50000
[call] __cxa_atexit x0=0x202f7730338 x1=0x202f9c8ee30 x2=0x202f9c50000
[call] __cxa_atexit x0=0x202f7730338 x1=0x202f9c8ee48 x2=0x202f9c50000
[call] __cxa_atexit x0=0x202f7730338 x1=0x202f9c8ee60 x2=0x202f9c50000
[call] pthread_mutex_lock x0=0x202f9cbd128 x1=0x202fccc5018 x2=0x202f9c50000
[call] pthread_mutex_unlock x0=0x202f9cbd128 x1=0x202fccc5018 x2=0x202f9c50000
[call] pthread_mutex_lock x0=0x202f9cbd128 x1=0x202fccc5018 x2=0x202f9c50000
[call] pthread_mutex_unlock x0=0x202f9cbd128 x1=0x202fccc5018 x2=0x202f9c50000
[call] pthread_cond_broadcast x0=0x202f9cbd150 x1=0x202fccc5018 x2=0x202f9c50000
[call] pthread_mutex_lock x0=0x202f9cbd128 x1=0x202fccc5018 x2=0x202f9c50000
[call] pthread_mutex_unlock x0=0x202f9cbd128 x1=0x202fccc5018 x2=0x202f9c50000
[call] pthread_mutex_lock x0=0x202f9cbd128 x1=0x202fccc5018 x2=0x202f9c50000
[call] pthread_mutex_unlock x0=0x202f9cbd128 x1=0x202fccc5018 x2=0x202f9c50000
[call] pthread_cond_broadcast x0=0x202f9cbd150 x1=0x202fccc5018 x2=0x202f9c50000
[call] pthread_mutex_lock x0=0x202f9cbd128 x1=0x202fccc5018 x2=0x202f9c50000
[call] pthread_mutex_unlock x0=0x202f9cbd128 x1=0x202fccc5018 x2=0x202f9c50000
[call] pthread_mutex_lock x0=0x202f9cbd128 x1=0x202fccc5018 x2=0x202f9c50000
[call] pthread_mutex_unlock x0=0x202f9cbd128 x1=0x202fccc5018 x2=0x202f9c50000
[call] pthread_cond_broadcast x0=0x202f9cbd150 x1=0x202fccc5018 x2=0x202f9c50000
[call] pthread_mutex_lock x0=0x202f9cbd128 x1=0x202fccc5018 x2=0x202f9c50000
[call] pthread_mutex_unlock x0=0x202f9cbd128 x1=0x202fccc5018 x2=0x202f9c50000
[call] pthread_mutex_lock x0=0x202f9cbd128 x1=0x202fccc5018 x2=0x202f9c50000
[call] pthread_mutex_unlock x0=0x202f9cbd128 x1=0x202fccc5018 x2=0x202f9c50000
[call] pthread_cond_broadcast x0=0x202f9cbd150 x1=0x202fccc5018 x2=0x202f9c50000
[call] log          x0=0 x1=0x202fccc5018 x2=0x202f9c50000
[call] sqrt         x0=0 x1=0x202fccc5018 x2=0x202f9c50000
[call] log          x0=0x202fccc5020 x1=0x202fccc5018 x2=0x202f9c50000
[call] sqrt         x0=0 x1=0x202fccc5018 x2=0x202f9c50000
[call] pthread_mutex_lock x0=0x202f9cbd128 x1=0x202fccc5018 x2=0x202f9c50000
[call] pthread_mutex_unlock x0=0x202f9cbd128 x1=0x202fccc5018 x2=0x202f9c50000
[call] pthread_mutex_lock x0=0x202f9cbd128 x1=0x202fccc5018 x2=0x202f9c50000
[call] pthread_mutex_unlock x0=0x202f9cbd128 x1=0x202fccc5018 x2=0x202f9c50000
[call] pthread_cond_broadcast x0=0x202f9cbd150 x1=0x202fccc5018 x2=0x202f9c50000
[call] pthread_mutex_lock x0=0x202f9cbd128 x1=0x202fccc5018 x2=0x202f9c50000
[call] pthread_mutex_unlock x0=0x202f9cbd128 x1=0x202fccc5018 x2=0x202f9c50000
[call] pthread_mutex_lock x0=0x202f9cbd128 x1=0x202fccc5018 x2=0x202f9c50000
[call] pthread_mutex_unlock x0=0x202f9cbd128 x1=0x202fccc5018 x2=0x202f9c50000
[call] pthread_cond_broadcast x0=0x202f9cbd150 x1=0x202fccc5018 x2=0x202f9c50000
[call] log          x0=0x202fccc5020 x1=0x202fccc5018 x2=0x202f9c50000
[call] sqrt         x0=0 x1=0x202fccc5018 x2=0x202f9c50000
[call] log          x0=0x202fccc5020 x1=0x202fccc5018 x2=0x202f9c50000
[call] sqrt         x0=0 x1=0x202fccc5018 x2=0x202f9c50000
[call] malloc       x0=0x30 x1=0x202fccc5018 x2=0x202f9c50000
[call] __cxa_atexit x0=0x202f7730338 x1=0x202f9c5e300 x2=0x202f9c50000
[call] malloc       x0=0x20 x1=0x202f9c5e300 x2=0x202f9c50000
[call] __cxa_atexit x0=0x202f7730338 x1=0x202f9c5e320 x2=0x202f9c50000
[call] malloc       x0=0x30 x1=0x202f9c5e320 x2=0x202f9c50000
[call] __cxa_atexit x0=0x202f7730338 x1=0x202f9c5e750 x2=0x202f9c50000
[call] malloc       x0=0x20 x1=0x202f9c5e750 x2=0x202f9c50000
[call] __cxa_atexit x0=0x202f7730338 x1=0x202f9c5e770 x2=0x202f9c50000
[call] __cxa_atexit x0=0x202f7739ce4 x1=0x202f9c5e790 x2=0x202f9c50000
[call] malloc       x0=0x30 x1=0x202f9c5e790 x2=0x202f9c50000
[call] __cxa_atexit x0=0x202f7730338 x1=0x202f9c5e7e0 x2=0x202f9c50000
[call] malloc       x0=0x20 x1=0x202f9c5e7e0 x2=0x202f9c50000
[call] __cxa_atexit x0=0x202f7730338 x1=0x202f9c5e800 x2=0x202f9c50000
[call] malloc       x0=0x30 x1=0x202f9c5e800 x2=0x202f9c50000
[call] __cxa_atexit x0=0x202f7730338 x1=0x202f9c5e840 x2=0x202f9c50000
[call] malloc       x0=0x20 x1=0x202f9c5e840 x2=0x202f9c50000
[call] __cxa_atexit x0=0x202f7730338 x1=0x202f9c5e860 x2=0x202f9c50000
[call] malloc       x0=0x30 x1=0x202f9c5e860 x2=0x202f9c50000
[call] __cxa_atexit x0=0x202f7730338 x1=0x202f9c5e8a0 x2=0x202f9c50000
[call] malloc       x0=0x20 x1=0x202f9c5e8a0 x2=0x202f9c50000
[call] __cxa_atexit x0=0x202f7730338 x1=0x202f9c5e8c0 x2=0x202f9c50000
[call] malloc       x0=0x30 x1=0x202f9c5e8c0 x2=0x202f9c50000
[call] __cxa_atexit x0=0x202f7730338 x1=0x202f9c5e900 x2=0x202f9c50000
[call] malloc       x0=0x20 x1=0x202f9c5e900 x2=0x202f9c50000
[call] __cxa_atexit x0=0x202f7730338 x1=0x202f9c5e920 x2=0x202f9c50000
[call] malloc       x0=0x30 x1=0x202f9c5e920 x2=0x202f9c50000
[call] __cxa_atexit x0=0x202f7730338 x1=0x202f9c5e960 x2=0x202f9c50000
[call] malloc       x0=0x20 x1=0x202f9c5e960 x2=0x202f9c50000
[call] __cxa_atexit x0=0x202f7730338 x1=0x202f9c5e980 x2=0x202f9c50000
[call] __cxa_atexit x0=0x202f7730338 x1=0x202f9c8ef38 x2=0x202f9c50000
[call] __cxa_atexit x0=0x202f7730338 x1=0x202f9c8ef50 x2=0x202f9c50000
[call] __cxa_atexit x0=0x202f7730338 x1=0x202f9c8ef68 x2=0x202f9c50000
[call] __cxa_atexit x0=0x202f7730338 x1=0x202f9c8ef80 x2=0x202f9c50000
[call] __cxa_atexit x0=0x202f7730338 x1=0x202f9c8ef98 x2=0x202f9c50000
[call] __cxa_atexit x0=0x202f7730338 x1=0x202f9c8efb0 x2=0x202f9c50000
[call] __cxa_atexit x0=0x202f7730338 x1=0x202f9c8efc8 x2=0x202f9c50000
[call] __cxa_atexit x0=0x202f7730338 x1=0x202f9c8efe0 x2=0x202f9c50000
[call] __cxa_atexit x0=0x202f7730338 x1=0x202f9c8eff8 x2=0x202f9c50000
[call] __cxa_atexit x0=0x202f7730338 x1=0x202f9c8f010 x2=0x202f9c50000
[call] __cxa_atexit x0=0x202f7730338 x1=0x202f9c8f028 x2=0x202f9c50000
[call] __cxa_atexit x0=0x202f7730338 x1=0x202f9c8f040 x2=0x202f9c50000
[call] malloc       x0=0x30 x1=0x202f9c8f040 x2=0x202f9c50000
[call] __cxa_atexit x0=0x202f7730338 x1=0x202f9c5e9c0 x2=0x202f9c50000
[call] malloc       x0=0x20 x1=0x202f9c5e9c0 x2=0x202f9c50000
[call] __cxa_atexit x0=0x202f7730338 x1=0x202f9c5e9e0 x2=0x202f9c50000
[call] __cxa_atexit x0=0x202f7730338 x1=0x202f9c8f058 x2=0x202f9c50000
[call] __cxa_atexit x0=0x202f7739ce4 x1=0x202f9c5ea00 x2=0x202f9c50000
[call] malloc       x0=0x30 x1=0x202f9c5ea00 x2=0x202f9c50000
[call] __cxa_atexit x0=0x202f7730338 x1=0x202f9c5ea50 x2=0x202f9c50000
[call] malloc       x0=0x20 x1=0x202f9c5ea50 x2=0x202f9c50000
[call] __cxa_atexit x0=0x202f7730338 x1=0x202f9c5ea70 x2=0x202f9c50000
[call] __cxa_atexit x0=0x202f7730338 x1=0x202f9c8f070 x2=0x202f9c50000
[call] __cxa_atexit x0=0x202f7730338 x1=0x202f9c8f088 x2=0x202f9c50000
[call] malloc       x0=0x20 x1=0x202f9c8f088 x2=0x202f9c50000
[call] __cxa_atexit x0=0x202f7730338 x1=0x202f9c5ea90 x2=0x202f9c50000
[call] malloc       x0=0x30 x1=0x202f9c5ea90 x2=0x202f9c50000
[call] __cxa_atexit x0=0x202f7730338 x1=0x202f9c5eab0 x2=0x202f9c50000
[call] __cxa_atexit x0=0x202f7739ce4 x1=0x202f9c5ead0 x2=0x202f9c50000
[call] __cxa_atexit x0=0x202f7730338 x1=0x202f9c8f0a0 x2=0x202f9c50000
[call] __cxa_atexit x0=0x202f7730338 x1=0x202f9c8f0b8 x2=0x202f9c50000
[call] __cxa_atexit x0=0x202f7730338 x1=0x202f9c8f0d0 x2=0x202f9c50000
[call] __cxa_atexit x0=0x202f7730338 x1=0x202f9c8f0e8 x2=0x202f9c50000
[call] __cxa_atexit x0=0x202f7730338 x1=0x202f9c8f100 x2=0x202f9c50000
[call] __cxa_atexit x0=0x202f7730338 x1=0x202f9c8f118 x2=0x202f9c50000
[call] __cxa_atexit x0=0x202f7730338 x1=0x202f9c8f130 x2=0x202f9c50000
[call] __cxa_atexit x0=0x202f7730338 x1=0x202f9c8f148 x2=0x202f9c50000
[call] __cxa_atexit x0=0x202f7730338 x1=0x202f9c8f160 x2=0x202f9c50000
[call] __cxa_atexit x0=0x202f7730338 x1=0x202f9c8f178 x2=0x202f9c50000
[call] __cxa_atexit x0=0x202f7730338 x1=0x202f9c8f190 x2=0x202f9c50000
[call] __cxa_atexit x0=0x202f7730338 x1=0x202f9c8f1a8 x2=0x202f9c50000
[call] __cxa_atexit x0=0x202f7730338 x1=0x202f9c8f1c0 x2=0x202f9c50000
[call] __cxa_atexit x0=0x202f7730338 x1=0x202f9c8f1d8 x2=0x202f9c50000
[call] __cxa_atexit x0=0x202f7730338 x1=0x202f9c8f1f0 x2=0x202f9c50000
[call] __cxa_atexit x0=0x202f7730338 x1=0x202f9c8f208 x2=0x202f9c50000
[call] __cxa_atexit x0=0x202f7730338 x1=0x202f9c8f220 x2=0x202f9c50000
[call] __cxa_atexit x0=0x202f7730338 x1=0x202f9c8f238 x2=0x202f9c50000
[call] malloc       x0=0x20 x1=0x202f9c8f238 x2=0x202f9c50000
[call] __cxa_atexit x0=0x202f7730338 x1=0x202f9c5eb00 x2=0x202f9c50000
[call] __cxa_atexit x0=0x202f7730338 x1=0x202f9c8f250 x2=0x202f9c50000
[call] __cxa_atexit x0=0x202f7730338 x1=0x202f9c8f268 x2=0x202f9c50000
[call] __cxa_atexit x0=0x202f7730338 x1=0x202f9c8f280 x2=0x202f9c50000
[call] malloc       x0=0x30 x1=0x202f9c8f280 x2=0x202f9c50000
[call] __cxa_atexit x0=0x202f7730338 x1=0x202f9c5eb40 x2=0x202f9c50000
[call] malloc       x0=0x20 x1=0x202f9c5eb40 x2=0x202f9c50000
[call] __cxa_atexit x0=0x202f7730338 x1=0x202f9c5eb60 x2=0x202f9c50000
[call] malloc       x0=0x30 x1=0x202f9c5eb60 x2=0x202f9c50000
[call] __cxa_atexit x0=0x202f7730338 x1=0x202f9c5ebe0 x2=0x202f9c50000
[call] malloc       x0=0x20 x1=0x202f9c5ebe0 x2=0x202f9c50000
[call] __cxa_atexit x0=0x202f7730338 x1=0x202f9c5ec00 x2=0x202f9c50000
[call] malloc       x0=0x30 x1=0x202f9c5ec00 x2=0x202f9c50000
[call] __cxa_atexit x0=0x202f7730338 x1=0x202f9c5ec40 x2=0x202f9c50000
[call] malloc       x0=0x20 x1=0x202f9c5ec40 x2=0x202f9c50000
[call] __cxa_atexit x0=0x202f7730338 x1=0x202f9c5ec60 x2=0x202f9c50000
[call] __cxa_atexit x0=0x202f7730338 x1=0x202f9c8f310 x2=0x202f9c50000
[call] malloc       x0=0x30 x1=0x202f9c8f310 x2=0x202f9c50000
[call] __cxa_atexit x0=0x202f7730338 x1=0x202f9c5eca0 x2=0x202f9c50000
[call] malloc       x0=0x20 x1=0x202f9c5eca0 x2=0x202f9c50000
[call] __cxa_atexit x0=0x202f7730338 x1=0x202f9c5ecc0 x2=0x202f9c50000
[call] malloc       x0=0x30 x1=0x202f9c5ecc0 x2=0x202f9c50000
[call] __cxa_atexit x0=0x202f7730338 x1=0x202f9c5ed60 x2=0x202f9c50000
[call] malloc       x0=0x20 x1=0x202f9c5ed60 x2=0x202f9c50000
[call] __cxa_atexit x0=0x202f7730338 x1=0x202f9c5ed80 x2=0x202f9c50000
[call] malloc       x0=0x30 x1=0x202f9c5ed80 x2=0x202f9c50000
[call] __cxa_atexit x0=0x202f7730338 x1=0x202f9c5edc0 x2=0x202f9c50000
[call] malloc       x0=0x20 x1=0x202f9c5edc0 x2=0x202f9c50000
[call] __cxa_atexit x0=0x202f7730338 x1=0x202f9c5ede0 x2=0x202f9c50000
[call] malloc       x0=0x30 x1=0x202f9c5ede0 x2=0x202f9c50000
[call] __cxa_atexit x0=0x202f7730338 x1=0x202f9c5ee20 x2=0x202f9c50000
[call] malloc       x0=0x20 x1=0x202f9c5ee20 x2=0x202f9c50000
[call] __cxa_atexit x0=0x202f7730338 x1=0x202f9c5ee40 x2=0x202f9c50000
[call] malloc       x0=0x30 x1=0x202f9c5ee40 x2=0x202f9c50000
[call] __cxa_atexit x0=0x202f7730338 x1=0x202f9c5ee80 x2=0x202f9c50000
[call] malloc       x0=0x20 x1=0x202f9c5ee80 x2=0x202f9c50000
[call] __cxa_atexit x0=0x202f7730338 x1=0x202f9c5eea0 x2=0x202f9c50000
[call] __cxa_atexit x0=0x202f7730338 x1=0x202f9c8f640 x2=0x202f9c50000
[call] malloc       x0=0x20 x1=0x202f9c8f640 x2=0x202f9c50000
[call] __cxa_atexit x0=0x202f7730338 x1=0x202f9c5eec0 x2=0x202f9c50000
[call] malloc       x0=0x20 x1=0x202f9c5eec0 x2=0x202f9c50000
[call] __cxa_atexit x0=0x202f7730338 x1=0x202f9c5eee0 x2=0x202f9c50000
[call] __cxa_atexit x0=0x202f7730338 x1=0x202f9c8f658 x2=0x202f9c50000
[call] malloc       x0=0x30 x1=0x202f9c8f658 x2=0x202f9c50000
[call] __cxa_atexit x0=0x202f7730338 x1=0x202f9c5ef20 x2=0x202f9c50000
[call] malloc       x0=0x20 x1=0x202f9c5ef20 x2=0x202f9c50000
[call] __cxa_atexit x0=0x202f7730338 x1=0x202f9c5ef40 x2=0x202f9c50000
[call] malloc       x0=0x30 x1=0x202f9c5ef40 x2=0x202f9c50000
[call] __cxa_atexit x0=0x202f7730338 x1=0x202f9c5ef80 x2=0x202f9c50000
[call] malloc       x0=0x20 x1=0x202f9c5ef80 x2=0x202f9c50000
[call] __cxa_atexit x0=0x202f7730338 x1=0x202f9c5efa0 x2=0x202f9c50000
[call] malloc       x0=0x30 x1=0x202f9c5efa0 x2=0x202f9c50000
[call] __cxa_atexit x0=0x202f7730338 x1=0x202f9c5efe0 x2=0x202f9c50000
[call] malloc       x0=0x20 x1=0x202f9c5efe0 x2=0x202f9c50000
[call] __cxa_atexit x0=0x202f7730338 x1=0x202f9c5f000 x2=0x202f9c50000
[call] malloc       x0=0x30 x1=0x202f9c5f000 x2=0x202f9c50000
[call] __cxa_atexit x0=0x202f7730338 x1=0x202f9c5f040 x2=0x202f9c50000
[call] malloc       x0=0x20 x1=0x202f9c5f040 x2=0x202f9c50000
[call] __cxa_atexit x0=0x202f7730338 x1=0x202f9c5f060 x2=0x202f9c50000
[call] __cxa_atexit x0=0x202f7730338 x1=0x202f9c8f7f0 x2=0x202f9c50000
[call] malloc       x0=0x30 x1=0x202f9c8f7f0 x2=0x202f9c50000
[call] __cxa_atexit x0=0x202f7730338 x1=0x202f9c5f0a0 x2=0x202f9c50000
[call] malloc       x0=0x20 x1=0x202f9c5f0a0 x2=0x202f9c50000
[call] __cxa_atexit x0=0x202f7730338 x1=0x202f9c5f0c0 x2=0x202f9c50000
[call] malloc       x0=0x30 x1=0x202f9c5f0c0 x2=0x202f9c50000
[call] __cxa_atexit x0=0x202f7730338 x1=0x202f9c5f100 x2=0x202f9c50000
[call] malloc       x0=0x20 x1=0x202f9c5f100 x2=0x202f9c50000
[call] __cxa_atexit x0=0x202f7730338 x1=0x202f9c5f120 x2=0x202f9c50000
[call] __cxa_atexit x0=0x202f7730338 x1=0x202f9c8f808 x2=0x202f9c50000
[call] __cxa_atexit x0=0x202f7730338 x1=0x202f9c8f820 x2=0x202f9c50000
[call] malloc       x0=0x30 x1=0x202f9c8f820 x2=0x202f9c50000
[call] __cxa_atexit x0=0x202f7730338 x1=0x202f9c5f160 x2=0x202f9c50000
[call] malloc       x0=0x20 x1=0x202f9c5f160 x2=0x202f9c50000
[call] __cxa_atexit x0=0x202f7730338 x1=0x202f9c5f180 x2=0x202f9c50000
[call] __cxa_atexit x0=0x202f7730338 x1=0x202f9c8f838 x2=0x202f9c50000
[call] malloc       x0=0x30 x1=0x202f9c8f838 x2=0x202f9c50000
[call] __cxa_atexit x0=0x202f7730338 x1=0x202f9c5f1c0 x2=0x202f9c50000
[call] malloc       x0=0x20 x1=0x202f9c5f1c0 x2=0x202f9c50000
[call] __cxa_atexit x0=0x202f7730338 x1=0x202f9c5f1e0 x2=0x202f9c50000
[call] malloc       x0=0x30 x1=0x202f9c5f1e0 x2=0x202f9c50000
[call] __cxa_atexit x0=0x202f7730338 x1=0x202f9c5f220 x2=0x202f9c50000
[call] malloc       x0=0x20 x1=0x202f9c5f220 x2=0x202f9c50000
[call] __cxa_atexit x0=0x202f7730338 x1=0x202f9c5f240 x2=0x202f9c50000
[call] malloc       x0=0x30 x1=0x202f9c5f240 x2=0x202f9c50000
[call] __cxa_atexit x0=0x202f7730338 x1=0x202f9c5f280 x2=0x202f9c50000
[call] malloc       x0=0x20 x1=0x202f9c5f280 x2=0x202f9c50000
[call] __cxa_atexit x0=0x202f7730338 x1=0x202f9c5f2a0 x2=0x202f9c50000
[call] malloc       x0=0x30 x1=0x202f9c5f2a0 x2=0x202f9c50000
[call] __cxa_atexit x0=0x202f7730338 x1=0x202f9c5f2e0 x2=0x202f9c50000
[call] malloc       x0=0x20 x1=0x202f9c5f2e0 x2=0x202f9c50000
[call] __cxa_atexit x0=0x202f7730338 x1=0x202f9c5f300 x2=0x202f9c50000
[call] malloc       x0=0x30 x1=0x202f9c5f300 x2=0x202f9c50000
[call] __cxa_atexit x0=0x202f7730338 x1=0x202f9c5f340 x2=0x202f9c50000
[call] malloc       x0=0x20 x1=0x202f9c5f340 x2=0x202f9c50000
[call] __cxa_atexit x0=0x202f7730338 x1=0x202f9c5f360 x2=0x202f9c50000
[call] __cxa_atexit x0=0x202f7730338 x1=0x202f9c8f868 x2=0x202f9c50000
[call] malloc       x0=0x30 x1=0x202f9c8f868 x2=0x202f9c50000
[call] __cxa_atexit x0=0x202f7730338 x1=0x202f9c5f3a0 x2=0x202f9c50000
[call] malloc       x0=0x20 x1=0x202f9c5f3a0 x2=0x202f9c50000
[call] __cxa_atexit x0=0x202f7730338 x1=0x202f9c5f3c0 x2=0x202f9c50000
[call] malloc       x0=0x30 x1=0x202f9c5f3c0 x2=0x202f9c50000
[call] __cxa_atexit x0=0x202f7730338 x1=0x202f9c5f400 x2=0x202f9c50000
[call] malloc       x0=0x20 x1=0x202f9c5f400 x2=0x202f9c50000
[call] __cxa_atexit x0=0x202f7730338 x1=0x202f9c5f420 x2=0x202f9c50000
[call] __cxa_atexit x0=0x202f7730338 x1=0x202f9c8f880 x2=0x202f9c50000
[call] malloc       x0=0x30 x1=0x202f9c8f880 x2=0x202f9c50000
[call] __cxa_atexit x0=0x202f7730338 x1=0x202f9c5f460 x2=0x202f9c50000
[call] malloc       x0=0x20 x1=0x202f9c5f460 x2=0x202f9c50000
[call] __cxa_atexit x0=0x202f7730338 x1=0x202f9c5f480 x2=0x202f9c50000
[call] malloc       x0=0x30 x1=0x202f9c5f480 x2=0x202f9c50000
[call] __cxa_atexit x0=0x202f7730338 x1=0x202f9c5f4c0 x2=0x202f9c50000
[call] malloc       x0=0x20 x1=0x202f9c5f4c0 x2=0x202f9c50000
[call] __cxa_atexit x0=0x202f7730338 x1=0x202f9c5f4e0 x2=0x202f9c50000
[call] __cxa_atexit x0=0x202f7730338 x1=0x202f9c8f898 x2=0x202f9c50000
[call] __cxa_atexit x0=0x202f7d008fc x1=0x202f9c8f8b0 x2=0x202f9c50000
[call] malloc       x0=0x30 x1=0x202f9c8f8b0 x2=0x202f9c50000
[call] __cxa_atexit x0=0x202f7730338 x1=0x202f9c5f520 x2=0x202f9c50000
[call] malloc       x0=0x20 x1=0x202f9c5f520 x2=0x202f9c50000
[call] __cxa_atexit x0=0x202f7730338 x1=0x202f9c5f540 x2=0x202f9c50000
[call] malloc       x0=0x30 x1=0x202f9c5f540 x2=0x202f9c50000
[call] __cxa_atexit x0=0x202f7730338 x1=0x202f9c5f580 x2=0x202f9c50000
[call] malloc       x0=0x20 x1=0x202f9c5f580 x2=0x202f9c50000
[call] __cxa_atexit x0=0x202f7730338 x1=0x202f9c5f5a0 x2=0x202f9c50000
[call] __cxa_atexit x0=0x202f7739ce4 x1=0x202f9c5f5c0 x2=0x202f9c50000
[call] __cxa_atexit x0=0x202f7730338 x1=0x202f9c8f8c8 x2=0x202f9c50000
[call] __cxa_atexit x0=0x202f7730338 x1=0x202f9c8f8e0 x2=0x202f9c50000
[call] malloc       x0=0x20 x1=0x202f9c8f8e0 x2=0x202f9c50000
[call] __cxa_atexit x0=0x202f7730338 x1=0x202f9c5f5f0 x2=0x202f9c50000
[call] malloc       x0=0x30 x1=0x202f9c5f5f0 x2=0x202f9c50000
[call] __cxa_atexit x0=0x202f7730338 x1=0x202f9c5f610 x2=0x202f9c50000
[call] __cxa_atexit x0=0x202f7730338 x1=0x202f9c8f8f8 x2=0x202f9c50000
[call] __cxa_atexit x0=0x202f7730338 x1=0x202f9c8f910 x2=0x202f9c50000
[call] __cxa_atexit x0=0x202f7730338 x1=0x202f9c8f928 x2=0x202f9c50000
[call] __cxa_atexit x0=0x202f7730338 x1=0x202f9c8f940 x2=0x202f9c50000
[call] __cxa_atexit x0=0x202f7730338 x1=0x202f9c8f958 x2=0x202f9c50000
[call] __cxa_atexit x0=0x202f7730338 x1=0x202f9c8f970 x2=0x202f9c50000
[call] __cxa_atexit x0=0x202f7730338 x1=0x202f9c8f988 x2=0x202f9c50000
[call] __cxa_atexit x0=0x202f7730338 x1=0x202f9c8f9a0 x2=0x202f9c50000
[call] __cxa_atexit x0=0x202f7730338 x1=0x202f9c8f9b8 x2=0x202f9c50000
[call] __cxa_atexit x0=0x202f7730338 x1=0x202f9c8f9d0 x2=0x202f9c50000
[call] __cxa_atexit x0=0x202f7730338 x1=0x202f9c8f9e8 x2=0x202f9c50000
[call] __cxa_atexit x0=0x202f7730338 x1=0x202f9c8fa00 x2=0x202f9c50000
[call] __cxa_atexit x0=0x202f7730338 x1=0x202f9c8fa18 x2=0x202f9c50000
[call] __cxa_atexit x0=0x202f7730338 x1=0x202f9c8fa30 x2=0x202f9c50000
[call] __cxa_atexit x0=0x202f7730338 x1=0x202f9c8fa48 x2=0x202f9c50000
[call] __cxa_atexit x0=0x202f7730338 x1=0x202f9c8fa60 x2=0x202f9c50000
[call] __cxa_atexit x0=0x202f7730338 x1=0x202f9c8fa78 x2=0x202f9c50000
[call] malloc       x0=0x20 x1=0x202f9c8fa78 x2=0x202f9c50000
[call] __cxa_atexit x0=0x202f7730338 x1=0x202f9c5f630 x2=0x202f9c50000
[call] __cxa_atexit x0=0x202f7730338 x1=0x202f9c8fa90 x2=0x202f9c50000
[call] __cxa_atexit x0=0x202f7730338 x1=0x202f9c8faa8 x2=0x202f9c50000
[call] __cxa_atexit x0=0x202f7730338 x1=0x202f9c8fac0 x2=0x202f9c50000
[call] __cxa_atexit x0=0x202f7730338 x1=0x202f9c8fad8 x2=0x202f9c50000
[call] __cxa_atexit x0=0x202f7730338 x1=0x202f9c8faf0 x2=0x202f9c50000
[call] __cxa_atexit x0=0x202f7730338 x1=0x202f9c8fb08 x2=0x202f9c50000
[call] malloc       x0=0x30 x1=0x202f9c8fb08 x2=0x202f9c50000
[call] __cxa_atexit x0=0x202f7730338 x1=0x202f9c5f670 x2=0x202f9c50000
[call] malloc       x0=0x20 x1=0x202f9c5f670 x2=0x202f9c50000
[call] __cxa_atexit x0=0x202f7730338 x1=0x202f9c5f690 x2=0x202f9c50000
[call] __cxa_atexit x0=0x202f7739ce4 x1=0x202f9c5f6b0 x2=0x202f9c50000
[call] __cxa_atexit x0=0x202f7730338 x1=0x202f9c8fb50 x2=0x202f9c50000
[call] __cxa_atexit x0=0x202f7730338 x1=0x202f9c8fb68 x2=0x202f9c50000
[call] __cxa_atexit x0=0x202f7730338 x1=0x202f9c8fb80 x2=0x202f9c50000
[call] __cxa_atexit x0=0x202f7730338 x1=0x202f9c8fb98 x2=0x202f9c50000
[call] __cxa_atexit x0=0x202f7730338 x1=0x202f9c8fbb0 x2=0x202f9c50000
[call] __cxa_atexit x0=0x202f7730338 x1=0x202f9c8fbc8 x2=0x202f9c50000
[call] __cxa_atexit x0=0x202f7730338 x1=0x202f9c8fbe0 x2=0x202f9c50000
[call] __cxa_atexit x0=0x202f7730338 x1=0x202f9c8fbf8 x2=0x202f9c50000
[call] __cxa_atexit x0=0x202f7730338 x1=0x202f9c8fc10 x2=0x202f9c50000
[call] __cxa_atexit x0=0x202f7730338 x1=0x202f9c8fc28 x2=0x202f9c50000
[call] __cxa_atexit x0=0x202f7730338 x1=0x202f9c8fc40 x2=0x202f9c50000
[call] __cxa_atexit x0=0x202f7730338 x1=0x202f9c8fc58 x2=0x202f9c50000
[call] __cxa_atexit x0=0x202f7730338 x1=0x202f9c8fc70 x2=0x202f9c50000
[call] __cxa_atexit x0=0x202f7730338 x1=0x202f9c8fc88 x2=0x202f9c50000
[call] __cxa_atexit x0=0x202f7730338 x1=0x202f9c8fca0 x2=0x202f9c50000
[call] __cxa_atexit x0=0x202f7730338 x1=0x202f9c8fcb8 x2=0x202f9c50000
[call] __cxa_atexit x0=0x202f7730338 x1=0x202f9c8fcd0 x2=0x202f9c50000
[call] malloc       x0=0x20 x1=0x202f9c8fcd0 x2=0x202f9c50000
[call] __cxa_atexit x0=0x202f7730338 x1=0x202f9c5f6e0 x2=0x202f9c50000
[call] __cxa_atexit x0=0x202f7730338 x1=0x202f9c8fce8 x2=0x202f9c50000
[call] __cxa_atexit x0=0x202f7730338 x1=0x202f9c8fd00 x2=0x202f9c50000
[call] __cxa_atexit x0=0x202f7730338 x1=0x202f9c8fd18 x2=0x202f9c50000
[call] __cxa_atexit x0=0x202f7730338 x1=0x202f9c8fd30 x2=0x202f9c50000
[call] malloc       x0=0x20 x1=0x202f9c8fd30 x2=0x202f9c50000
[call] __cxa_atexit x0=0x202f7730338 x1=0x202f9c5f700 x2=0x202f9c50000
[call] malloc       x0=0x30 x1=0x202f9c5f700 x2=0x202f9c50000
[call] __cxa_atexit x0=0x202f7730338 x1=0x202f9c5f740 x2=0x202f9c50000
[call] malloc       x0=0x20 x1=0x202f9c5f740 x2=0x202f9c50000
[call] __cxa_atexit x0=0x202f7730338 x1=0x202f9c5f760 x2=0x202f9c50000
[call] __cxa_atexit x0=0x202f7739ce4 x1=0x202f9c5f780 x2=0x202f9c50000
[call] malloc       x0=0x30 x1=0x202f9c5f780 x2=0x202f9c50000
[call] __cxa_atexit x0=0x202f7730338 x1=0x202f9c5f7d0 x2=0x202f9c50000
[call] malloc       x0=0x20 x1=0x202f9c5f7d0 x2=0x202f9c50000
[call] __cxa_atexit x0=0x202f7730338 x1=0x202f9c5f7f0 x2=0x202f9c50000
[call] malloc       x0=0x30 x1=0x202f9c5f7f0 x2=0x202f9c50000
[call] __cxa_atexit x0=0x202f7730338 x1=0x202f9c5f850 x2=0x202f9c50000
[call] malloc       x0=0x20 x1=0x202f9c5f850 x2=0x202f9c50000
[call] __cxa_atexit x0=0x202f7730338 x1=0x202f9c5f870 x2=0x202f9c50000
[call] malloc       x0=0x30 x1=0x202f9c5f870 x2=0x202f9c50000
[call] __cxa_atexit x0=0x202f7730338 x1=0x202f9c5f8b0 x2=0x202f9c50000
[call] malloc       x0=0x20 x1=0x202f9c5f8b0 x2=0x202f9c50000
[call] __cxa_atexit x0=0x202f7730338 x1=0x202f9c5f8d0 x2=0x202f9c50000
[call] malloc       x0=0x30 x1=0x202f9c5f8d0 x2=0x202f9c50000
[call] __cxa_atexit x0=0x202f7730338 x1=0x202f9c5f910 x2=0x202f9c50000
[call] malloc       x0=0x20 x1=0x202f9c5f910 x2=0x202f9c50000
[call] __cxa_atexit x0=0x202f7730338 x1=0x202f9c5f930 x2=0x202f9c50000
[call] __cxa_atexit x0=0x202f7730338 x1=0x202f9c90180 x2=0x202f9c50000
[call] __cxa_atexit x0=0x202f7730338 x1=0x202f9c90198 x2=0x202f9c50000
[call] malloc       x0=0x20 x1=0x202f9c90198 x2=0x202f9c50000
[call] __cxa_atexit x0=0x202f7730338 x1=0x202f9c5f950 x2=0x202f9c50000
[call] __cxa_atexit x0=0x202f7730338 x1=0x202f9c901b0 x2=0x202f9c50000
[call] malloc       x0=0x20 x1=0x202f9c901b0 x2=0x202f9c50000
[call] __cxa_atexit x0=0x202f7730338 x1=0x202f9c5f970 x2=0x202f9c50000
[call] malloc       x0=0x20 x1=0x202f9c5f970 x2=0x202f9c50000
[call] __cxa_atexit x0=0x202f7730338 x1=0x202f9c5f990 x2=0x202f9c50000
[call] __cxa_atexit x0=0x202f7730338 x1=0x202f9c901c8 x2=0x202f9c50000
[call] __cxa_atexit x0=0x202f7730338 x1=0x202f9c901e0 x2=0x202f9c50000
[call] __cxa_atexit x0=0x202f7730338 x1=0x202f9c901f8 x2=0x202f9c50000
[call] __cxa_atexit x0=0x202f7730338 x1=0x202f9c90210 x2=0x202f9c50000
[call] __cxa_atexit x0=0x202f7730338 x1=0x202f9c90228 x2=0x202f9c50000
[call] __cxa_atexit x0=0x202f7730338 x1=0x202f9c90240 x2=0x202f9c50000
[call] __cxa_atexit x0=0x202f7730338 x1=0x202f9c90258 x2=0x202f9c50000
[call] __cxa_atexit x0=0x202f7730338 x1=0x202f9c90270 x2=0x202f9c50000
[call] __cxa_atexit x0=0x202f7730338 x1=0x202f9c90288 x2=0x202f9c50000
[call] __cxa_atexit x0=0x202f7730338 x1=0x202f9c902a0 x2=0x202f9c50000
[call] __cxa_atexit x0=0x202f7730338 x1=0x202f9c902b8 x2=0x202f9c50000
[call] __cxa_atexit x0=0x202f7730338 x1=0x202f9c902d0 x2=0x202f9c50000
[call] __cxa_atexit x0=0x202f7730338 x1=0x202f9c902e8 x2=0x202f9c50000
[call] malloc       x0=0x20 x1=0x202f9c902e8 x2=0x202f9c50000
[call] __cxa_atexit x0=0x202f7730338 x1=0x202f9c5f9b0 x2=0x202f9c50000
[call] __cxa_atexit x0=0x202f7730338 x1=0x202f9c90300 x2=0x202f9c50000
[call] malloc       x0=0x20 x1=0x202f9c90300 x2=0x202f9c50000
[call] __cxa_atexit x0=0x202f7730338 x1=0x202f9c5f9d0 x2=0x202f9c50000
[call] malloc       x0=0x20 x1=0x202f9c5f9d0 x2=0x202f9c50000
[call] __cxa_atexit x0=0x202f7730338 x1=0x202f9c5f9f0 x2=0x202f9c50000
[call] malloc       x0=0x20 x1=0x202f9c5f9f0 x2=0x202f9c50000
[call] __cxa_atexit x0=0x202f7730338 x1=0x202f9c5fa10 x2=0x202f9c50000
[call] __cxa_atexit x0=0x202f7730338 x1=0x202f9c90318 x2=0x202f9c50000
[call] __cxa_atexit x0=0x202f7730338 x1=0x202f9c90330 x2=0x202f9c50000
[call] __cxa_atexit x0=0x202f7730338 x1=0x202f9c90348 x2=0x202f9c50000
[call] __cxa_atexit x0=0x202f7730338 x1=0x202f9c90360 x2=0x202f9c50000
[call] __cxa_atexit x0=0x202f7730338 x1=0x202f9c90378 x2=0x202f9c50000
[call] __cxa_atexit x0=0x202f7730338 x1=0x202f9c90390 x2=0x202f9c50000
[call] __cxa_atexit x0=0x202f7730338 x1=0x202f9c903a8 x2=0x202f9c50000
[call] __cxa_atexit x0=0x202f7730338 x1=0x202f9c903c0 x2=0x202f9c50000
[call] __cxa_atexit x0=0x202f7730338 x1=0x202f9c903d8 x2=0x202f9c50000
[call] __cxa_atexit x0=0x202f7730338 x1=0x202f9c903f0 x2=0x202f9c50000
[call] __cxa_atexit x0=0x202f7730338 x1=0x202f9c90408 x2=0x202f9c50000
[call] __cxa_atexit x0=0x202f7730338 x1=0x202f9c90420 x2=0x202f9c50000
[call] __cxa_atexit x0=0x202f7730338 x1=0x202f9c90438 x2=0x202f9c50000
[call] __cxa_atexit x0=0x202f7730338 x1=0x202f9c90450 x2=0x202f9c50000
[call] __cxa_atexit x0=0x202f7730338 x1=0x202f9c90468 x2=0x202f9c50000
[call] __cxa_atexit x0=0x202f7730338 x1=0x202f9c90480 x2=0x202f9c50000
[call] __cxa_atexit x0=0x202f7730338 x1=0x202f9c90498 x2=0x202f9c50000
[call] __cxa_atexit x0=0x202f7730338 x1=0x202f9c904b0 x2=0x202f9c50000
[call] __cxa_atexit x0=0x202f7730338 x1=0x202f9c904c8 x2=0x202f9c50000
[call] __cxa_atexit x0=0x202f7730338 x1=0x202f9c904e0 x2=0x202f9c50000
[call] __cxa_atexit x0=0x202f7730338 x1=0x202f9c904f8 x2=0x202f9c50000
[call] __cxa_atexit x0=0x202f7730338 x1=0x202f9c90510 x2=0x202f9c50000
[call] __cxa_atexit x0=0x202f7730338 x1=0x202f9c90528 x2=0x202f9c50000
[call] __cxa_atexit x0=0x202f7730338 x1=0x202f9c90540 x2=0x202f9c50000
[call] __cxa_atexit x0=0x202f7730338 x1=0x202f9c90558 x2=0x202f9c50000
[call] __cxa_atexit x0=0x202f7730338 x1=0x202f9c90570 x2=0x202f9c50000
[call] __cxa_atexit x0=0x202f7730338 x1=0x202f9c90588 x2=0x202f9c50000
[call] __cxa_atexit x0=0x202f7730338 x1=0x202f9c905a0 x2=0x202f9c50000
[call] __cxa_atexit x0=0x202f7730338 x1=0x202f9c905b8 x2=0x202f9c50000
[call] __cxa_atexit x0=0x202f7730338 x1=0x202f9c905d0 x2=0x202f9c50000
[call] __cxa_atexit x0=0x202f7730338 x1=0x202f9c905e8 x2=0x202f9c50000
[call] __cxa_atexit x0=0x202f7730338 x1=0x202f9c90600 x2=0x202f9c50000
[call] __cxa_atexit x0=0x202f7730338 x1=0x202f9c90618 x2=0x202f9c50000
[call] __cxa_atexit x0=0x202f7730338 x1=0x202f9c90630 x2=0x202f9c50000
[call] __cxa_atexit x0=0x202f7730338 x1=0x202f9c90648 x2=0x202f9c50000
[call] __cxa_atexit x0=0x202f7730338 x1=0x202f9c90660 x2=0x202f9c50000
[call] __cxa_atexit x0=0x202f7730338 x1=0x202f9c90678 x2=0x202f9c50000
[call] __cxa_atexit x0=0x202f7730338 x1=0x202f9c90690 x2=0x202f9c50000
[call] __cxa_atexit x0=0x202f7730338 x1=0x202f9c906a8 x2=0x202f9c50000
[call] __cxa_atexit x0=0x202f7730338 x1=0x202f9c906c0 x2=0x202f9c50000
[call] __cxa_atexit x0=0x202f7730338 x1=0x202f9c906d8 x2=0x202f9c50000
[call] malloc       x0=0x20 x1=0x202f9c906d8 x2=0x202f9c50000
[call] __cxa_atexit x0=0x202f7730338 x1=0x202f9c5fa30 x2=0x202f9c50000
[call] __cxa_atexit x0=0x202f7730338 x1=0x202f9c906f0 x2=0x202f9c50000
[call] __cxa_atexit x0=0x202f7730338 x1=0x202f9c90708 x2=0x202f9c50000
[call] __cxa_atexit x0=0x202f7730338 x1=0x202f9c90720 x2=0x202f9c50000
[call] __cxa_atexit x0=0x202f7730338 x1=0x202f9c90738 x2=0x202f9c50000
[call] __cxa_atexit x0=0x202f7730338 x1=0x202f9c90750 x2=0x202f9c50000
[call] __cxa_atexit x0=0x202f7730338 x1=0x202f9c90768 x2=0x202f9c50000
[call] __cxa_atexit x0=0x202f7730338 x1=0x202f9c90780 x2=0x202f9c50000
[call] __cxa_atexit x0=0x202f7730338 x1=0x202f9c90798 x2=0x202f9c50000
[call] __cxa_atexit x0=0x202f7730338 x1=0x202f9c907b0 x2=0x202f9c50000
[call] __cxa_atexit x0=0x202f7730338 x1=0x202f9c907c8 x2=0x202f9c50000
[call] __cxa_atexit x0=0x202f7730338 x1=0x202f9c907e0 x2=0x202f9c50000
[call] __cxa_atexit x0=0x202f7730338 x1=0x202f9c907f8 x2=0x202f9c50000
[call] __cxa_atexit x0=0x202f7730338 x1=0x202f9c90810 x2=0x202f9c50000
[call] __cxa_atexit x0=0x202f7730338 x1=0x202f9c90828 x2=0x202f9c50000
[call] __cxa_atexit x0=0x202f7730338 x1=0x202f9c90840 x2=0x202f9c50000
[call] __cxa_atexit x0=0x202f7730338 x1=0x202f9c90858 x2=0x202f9c50000
[call] __cxa_atexit x0=0x202f7730338 x1=0x202f9c90870 x2=0x202f9c50000
[call] __cxa_atexit x0=0x202f7730338 x1=0x202f9c90888 x2=0x202f9c50000
[call] __cxa_atexit x0=0x202f7730338 x1=0x202f9c908a0 x2=0x202f9c50000
[call] __cxa_atexit x0=0x202f7730338 x1=0x202f9c908b8 x2=0x202f9c50000
[call] __cxa_atexit x0=0x202f7730338 x1=0x202f9c908d0 x2=0x202f9c50000
[call] __cxa_atexit x0=0x202f7730338 x1=0x202f9c908e8 x2=0x202f9c50000
[call] __cxa_atexit x0=0x202f7730338 x1=0x202f9c90900 x2=0x202f9c50000
[call] __cxa_atexit x0=0x202f7730338 x1=0x202f9c90918 x2=0x202f9c50000
[call] __cxa_atexit x0=0x202f7730338 x1=0x202f9c90930 x2=0x202f9c50000
[call] __cxa_atexit x0=0x202f7730338 x1=0x202f9c90948 x2=0x202f9c50000
[call] __cxa_atexit x0=0x202f7730338 x1=0x202f9c90960 x2=0x202f9c50000
[call] __cxa_atexit x0=0x202f7730338 x1=0x202f9c90978 x2=0x202f9c50000
[call] __cxa_atexit x0=0x202f7730338 x1=0x202f9c90990 x2=0x202f9c50000
[call] __cxa_atexit x0=0x202f7730338 x1=0x202f9c909a8 x2=0x202f9c50000
[call] __cxa_atexit x0=0x202f7730338 x1=0x202f9c909c0 x2=0x202f9c50000
[call] __cxa_atexit x0=0x202f7730338 x1=0x202f9c909d8 x2=0x202f9c50000
[call] __cxa_atexit x0=0x202f7730338 x1=0x202f9c909f0 x2=0x202f9c50000
[call] __cxa_atexit x0=0x202f7730338 x1=0x202f9c90a08 x2=0x202f9c50000
[call] __cxa_atexit x0=0x202f7730338 x1=0x202f9c90a20 x2=0x202f9c50000
[call] __cxa_atexit x0=0x202f7730338 x1=0x202f9c90a38 x2=0x202f9c50000
[call] __cxa_atexit x0=0x202f7730338 x1=0x202f9c90a50 x2=0x202f9c50000
[call] __cxa_atexit x0=0x202f7730338 x1=0x202f9c90a68 x2=0x202f9c50000
[call] __cxa_atexit x0=0x202f7730338 x1=0x202f9c90a80 x2=0x202f9c50000
[call] __cxa_atexit x0=0x202f7730338 x1=0x202f9c90a98 x2=0x202f9c50000
[call] __cxa_atexit x0=0x202f7730338 x1=0x202f9c90ab0 x2=0x202f9c50000
[call] __cxa_atexit x0=0x202f7730338 x1=0x202f9c90ac8 x2=0x202f9c50000
[call] __cxa_atexit x0=0x202f7730338 x1=0x202f9c90ae0 x2=0x202f9c50000
[call] __cxa_atexit x0=0x202f7730338 x1=0x202f9c90af8 x2=0x202f9c50000
[call] __cxa_atexit x0=0x202f7730338 x1=0x202f9c90b10 x2=0x202f9c50000
[call] malloc       x0=0x20 x1=0x202f9c90b10 x2=0x202f9c50000
[call] __cxa_atexit x0=0x202f7730338 x1=0x202f9c5fa50 x2=0x202f9c50000
[call] __cxa_atexit x0=0x202f7730338 x1=0x202f9c90b28 x2=0x202f9c50000
[call] __cxa_atexit x0=0x202f7730338 x1=0x202f9c90b40 x2=0x202f9c50000
[call] __cxa_atexit x0=0x202f7730338 x1=0x202f9c90b58 x2=0x202f9c50000
[call] malloc       x0=0x30 x1=0x202f9c90b58 x2=0x202f9c50000
[call] __cxa_atexit x0=0x202f7730338 x1=0x202f9c5fa90 x2=0x202f9c50000
[call] malloc       x0=0x20 x1=0x202f9c5fa90 x2=0x202f9c50000
[call] __cxa_atexit x0=0x202f7730338 x1=0x202f9c5fab0 x2=0x202f9c50000
[call] malloc       x0=0x30 x1=0x202f9c5fab0 x2=0x202f9c50000
[call] __cxa_atexit x0=0x202f7730338 x1=0x202f9c5faf0 x2=0x202f9c50000
[call] malloc       x0=0x20 x1=0x202f9c5faf0 x2=0x202f9c50000
[call] __cxa_atexit x0=0x202f7730338 x1=0x202f9c5fb10 x2=0x202f9c50000
[call] malloc       x0=0x30 x1=0x202f9c5fb10 x2=0x202f9c50000
[call] __cxa_atexit x0=0x202f7730338 x1=0x202f9c5fb50 x2=0x202f9c50000
[call] malloc       x0=0x20 x1=0x202f9c5fb50 x2=0x202f9c50000
[call] __cxa_atexit x0=0x202f7730338 x1=0x202f9c5fb70 x2=0x202f9c50000
[call] malloc       x0=0x30 x1=0x202f9c5fb70 x2=0x202f9c50000
[call] __cxa_atexit x0=0x202f7730338 x1=0x202f9c5fbb0 x2=0x202f9c50000
[call] malloc       x0=0x20 x1=0x202f9c5fbb0 x2=0x202f9c50000
[call] __cxa_atexit x0=0x202f7730338 x1=0x202f9c5fbd0 x2=0x202f9c50000
[call] malloc       x0=0x30 x1=0x202f9c5fbd0 x2=0x202f9c50000
[call] __cxa_atexit x0=0x202f7730338 x1=0x202f9c5fc10 x2=0x202f9c50000
[call] malloc       x0=0x20 x1=0x202f9c5fc10 x2=0x202f9c50000
[call] __cxa_atexit x0=0x202f7730338 x1=0x202f9c5fc30 x2=0x202f9c50000
[call] __cxa_atexit x0=0x202f7730338 x1=0x202f9c90bb8 x2=0x202f9c50000
[call] __cxa_atexit x0=0x202f7730338 x1=0x202f9c90bd0 x2=0x202f9c50000
[call] __cxa_atexit x0=0x202f7730338 x1=0x202f9c90be8 x2=0x202f9c50000
[call] malloc       x0=0x30 x1=0x202f9c90be8 x2=0x202f9c50000
[call] __cxa_atexit x0=0x202f7730338 x1=0x202f9c5fc70 x2=0x202f9c50000
[call] malloc       x0=0x20 x1=0x202f9c5fc70 x2=0x202f9c50000
[call] __cxa_atexit x0=0x202f7730338 x1=0x202f9c5fc90 x2=0x202f9c50000
[call] malloc       x0=0x30 x1=0x202f9c5fc90 x2=0x202f9c50000
[call] __cxa_atexit x0=0x202f7730338 x1=0x202f9c5fcd0 x2=0x202f9c50000
[call] malloc       x0=0x20 x1=0x202f9c5fcd0 x2=0x202f9c50000
[call] __cxa_atexit x0=0x202f7730338 x1=0x202f9c5fcf0 x2=0x202f9c50000
[call] __cxa_atexit x0=0x202f7730338 x1=0x202f9c90c18 x2=0x202f9c50000
[call] malloc       x0=0x20 x1=0x202f9c90c18 x2=0x202f9c50000
[call] __cxa_atexit x0=0x202f7730338 x1=0x202f9c5fd10 x2=0x202f9c50000
[call] malloc       x0=0x30 x1=0x202f9c5fd10 x2=0x202f9c50000
[call] __cxa_atexit x0=0x202f7730338 x1=0x202f9c5fd50 x2=0x202f9c50000
[call] malloc       x0=0x20 x1=0x202f9c5fd50 x2=0x202f9c50000
[call] __cxa_atexit x0=0x202f7730338 x1=0x202f9c5fd70 x2=0x202f9c50000
[call] malloc       x0=0x30 x1=0x202f9c5fd70 x2=0x202f9c50000
[call] __cxa_atexit x0=0x202f7730338 x1=0x202f9c5fdb0 x2=0x202f9c50000
[call] malloc       x0=0x20 x1=0x202f9c5fdb0 x2=0x202f9c50000
[call] __cxa_atexit x0=0x202f7730338 x1=0x202f9c5fdd0 x2=0x202f9c50000
[call] malloc       x0=0x30 x1=0x202f9c5fdd0 x2=0x202f9c50000
[call] __cxa_atexit x0=0x202f7730338 x1=0x202f9c5fe10 x2=0x202f9c50000
[call] malloc       x0=0x20 x1=0x202f9c5fe10 x2=0x202f9c50000
[call] __cxa_atexit x0=0x202f7730338 x1=0x202f9c5fe30 x2=0x202f9c50000
[call] __cxa_atexit x0=0x202f7739ce4 x1=0x202f9c5fe50 x2=0x202f9c50000
[call] __cxa_atexit x0=0x202f7730338 x1=0x202f9c90cf0 x2=0x202f9c50000
[call] __cxa_atexit x0=0x202f7730338 x1=0x202f9c90d08 x2=0x202f9c50000
[call] __cxa_atexit x0=0x202f7730338 x1=0x202f9c90d20 x2=0x202f9c50000
[call] __cxa_atexit x0=0x202f7730338 x1=0x202f9c90d38 x2=0x202f9c50000
[call] __cxa_atexit x0=0x202f7730338 x1=0x202f9c90d50 x2=0x202f9c50000
[call] __cxa_atexit x0=0x202f7730338 x1=0x202f9c90d68 x2=0x202f9c50000
[call] __cxa_atexit x0=0x202f7730338 x1=0x202f9c90d80 x2=0x202f9c50000
[call] __cxa_atexit x0=0x202f7730338 x1=0x202f9c90d98 x2=0x202f9c50000
[call] __cxa_atexit x0=0x202f7730338 x1=0x202f9c90db0 x2=0x202f9c50000
[call] __cxa_atexit x0=0x202f7730338 x1=0x202f9c90dc8 x2=0x202f9c50000
[call] __cxa_atexit x0=0x202f7730338 x1=0x202f9c90de0 x2=0x202f9c50000
[call] __cxa_atexit x0=0x202f7730338 x1=0x202f9c90df8 x2=0x202f9c50000
[call] __cxa_atexit x0=0x202f7730338 x1=0x202f9c90e10 x2=0x202f9c50000
[call] __cxa_atexit x0=0x202f7730338 x1=0x202f9c90e28 x2=0x202f9c50000
[call] __cxa_atexit x0=0x202f7730338 x1=0x202f9c90e40 x2=0x202f9c50000
[call] __cxa_atexit x0=0x202f7730338 x1=0x202f9c90e58 x2=0x202f9c50000
[call] __cxa_atexit x0=0x202f7730338 x1=0x202f9c90e70 x2=0x202f9c50000
[call] __cxa_atexit x0=0x202f7730338 x1=0x202f9c90e88 x2=0x202f9c50000
[call] malloc       x0=0x20 x1=0x202f9c90e88 x2=0x202f9c50000
[call] __cxa_atexit x0=0x202f7730338 x1=0x202f9c5fe80 x2=0x202f9c50000
[call] __cxa_atexit x0=0x202f7730338 x1=0x202f9c90ea0 x2=0x202f9c50000
[call] __cxa_atexit x0=0x202f7730338 x1=0x202f9c90eb8 x2=0x202f9c50000
[call] __cxa_atexit x0=0x202f7730338 x1=0x202f9c90ed0 x2=0x202f9c50000
[call] malloc       x0=0x30 x1=0x202f9c90ed0 x2=0x202f9c50000
[call] __cxa_atexit x0=0x202f7730338 x1=0x202f9c5fec0 x2=0x202f9c50000
[call] malloc       x0=0x20 x1=0x202f9c5fec0 x2=0x202f9c50000
[call] __cxa_atexit x0=0x202f7730338 x1=0x202f9c5fee0 x2=0x202f9c50000
[call] malloc       x0=0x30 x1=0x202f9c5fee0 x2=0x202f9c50000
[call] __cxa_atexit x0=0x202f7730338 x1=0x202f9c5ff20 x2=0x202f9c50000
[call] malloc       x0=0x20 x1=0x202f9c5ff20 x2=0x202f9c50000
[call] __cxa_atexit x0=0x202f7730338 x1=0x202f9c5ff40 x2=0x202f9c50000
[call] malloc       x0=0x30 x1=0x202f9c5ff40 x2=0x202f9c50000
[call] __cxa_atexit x0=0x202f7730338 x1=0x202f9c5ff80 x2=0x202f9c50000
[call] malloc       x0=0x20 x1=0x202f9c5ff80 x2=0x202f9c50000
[call] __cxa_atexit x0=0x202f7730338 x1=0x202f9c5ffa0 x2=0x202f9c50000
[call] malloc       x0=0x30 x1=0x202f9c5ffa0 x2=0x202f9c50000
[call] __cxa_atexit x0=0x202f7730338 x1=0x202f9c5ffe0 x2=0x202f9c50000
[call] malloc       x0=0x20 x1=0x202f9c5ffe0 x2=0x202f9c50000
[call] __cxa_atexit x0=0x202f7730338 x1=0x202f9c60000 x2=0x202f9c50000
[call] __cxa_atexit x0=0x202f7730338 x1=0x202f9c90f18 x2=0x202f9c50000
[call] malloc       x0=0x30 x1=0x202f9c90f18 x2=0x202f9c50000
[call] __cxa_atexit x0=0x202f7730338 x1=0x202f9c60040 x2=0x202f9c50000
[call] malloc       x0=0x20 x1=0x202f9c60040 x2=0x202f9c50000
[call] __cxa_atexit x0=0x202f7730338 x1=0x202f9c60060 x2=0x202f9c50000
[call] __cxa_atexit x0=0x202f7730338 x1=0x202f9c90f30 x2=0x202f9c50000
[call] __cxa_atexit x0=0x202f7730338 x1=0x202f9c90f48 x2=0x202f9c50000
[call] __cxa_atexit x0=0x202f7730338 x1=0x202f9c90f60 x2=0x202f9c50000
[call] __cxa_atexit x0=0x202f7730338 x1=0x202f9c90f78 x2=0x202f9c50000
[call] __cxa_atexit x0=0x202f7730338 x1=0x202f9c90f90 x2=0x202f9c50000
[call] __cxa_atexit x0=0x202f7730338 x1=0x202f9c90fa8 x2=0x202f9c50000
[call] __cxa_atexit x0=0x202f7730338 x1=0x202f9c90fc0 x2=0x202f9c50000
[call] __cxa_atexit x0=0x202f7730338 x1=0x202f9c90fd8 x2=0x202f9c50000
[call] __cxa_atexit x0=0x202f7730338 x1=0x202f9c90ff0 x2=0x202f9c50000
[call] __cxa_atexit x0=0x202f7730338 x1=0x202f9c91008 x2=0x202f9c50000
[call] __cxa_atexit x0=0x202f7730338 x1=0x202f9c91020 x2=0x202f9c50000
[call] __cxa_atexit x0=0x202f7730338 x1=0x202f9c91038 x2=0x202f9c50000
[call] __cxa_atexit x0=0x202f7730338 x1=0x202f9c91050 x2=0x202f9c50000
[call] __cxa_atexit x0=0x202f7730338 x1=0x202f9c91068 x2=0x202f9c50000
[call] __cxa_atexit x0=0x202f7730338 x1=0x202f9c91080 x2=0x202f9c50000
[call] __cxa_atexit x0=0x202f7730338 x1=0x202f9c91098 x2=0x202f9c50000
[call] __cxa_atexit x0=0x202f7730338 x1=0x202f9c910b0 x2=0x202f9c50000
[call] __cxa_atexit x0=0x202f7730338 x1=0x202f9c910c8 x2=0x202f9c50000
[call] malloc       x0=0x20 x1=0x202f9c910c8 x2=0x202f9c50000
[call] __cxa_atexit x0=0x202f7730338 x1=0x202f9c60080 x2=0x202f9c50000
[call] __cxa_atexit x0=0x202f7730338 x1=0x202f9c910e0 x2=0x202f9c50000
[call] __cxa_atexit x0=0x202f7730338 x1=0x202f9c910f8 x2=0x202f9c50000
[call] __cxa_atexit x0=0x202f7730338 x1=0x202f9c91110 x2=0x202f9c50000
[call] malloc       x0=0x30 x1=0x202f9c91110 x2=0x202f9c50000
[call] __cxa_atexit x0=0x202f7730338 x1=0x202f9c600c0 x2=0x202f9c50000
[call] malloc       x0=0x20 x1=0x202f9c600c0 x2=0x202f9c50000
[call] __cxa_atexit x0=0x202f7730338 x1=0x202f9c600e0 x2=0x202f9c50000
[call] malloc       x0=0x30 x1=0x202f9c600e0 x2=0x202f9c50000
[call] __cxa_atexit x0=0x202f7730338 x1=0x202f9c60120 x2=0x202f9c50000
[call] malloc       x0=0x20 x1=0x202f9c60120 x2=0x202f9c50000
[call] __cxa_atexit x0=0x202f7730338 x1=0x202f9c60140 x2=0x202f9c50000
[call] __cxa_atexit x0=0x202f7730338 x1=0x202f9c91140 x2=0x202f9c50000
[call] __cxa_atexit x0=0x202f7730338 x1=0x202f9c91158 x2=0x202f9c50000
[call] __cxa_atexit x0=0x202f7730338 x1=0x202f9c91170 x2=0x202f9c50000
[call] __cxa_atexit x0=0x202f7730338 x1=0x202f9c91188 x2=0x202f9c50000
[call] __cxa_atexit x0=0x202f7730338 x1=0x202f9c911a0 x2=0x202f9c50000
[call] __cxa_atexit x0=0x202f7730338 x1=0x202f9c911b8 x2=0x202f9c50000
[call] __cxa_atexit x0=0x202f7730338 x1=0x202f9c911d0 x2=0x202f9c50000
[call] __cxa_atexit x0=0x202f7730338 x1=0x202f9c911e8 x2=0x202f9c50000
[call] __cxa_atexit x0=0x202f7730338 x1=0x202f9c91200 x2=0x202f9c50000
[call] __cxa_atexit x0=0x202f7730338 x1=0x202f9c91218 x2=0x202f9c50000
[call] __cxa_atexit x0=0x202f7730338 x1=0x202f9c91230 x2=0x202f9c50000
[call] __cxa_atexit x0=0x202f7730338 x1=0x202f9c91248 x2=0x202f9c50000
[call] __cxa_atexit x0=0x202f7730338 x1=0x202f9c91260 x2=0x202f9c50000
[call] __cxa_atexit x0=0x202f7730338 x1=0x202f9c91278 x2=0x202f9c50000
[call] __cxa_atexit x0=0x202f7730338 x1=0x202f9c91290 x2=0x202f9c50000
[call] __cxa_atexit x0=0x202f7730338 x1=0x202f9c912a8 x2=0x202f9c50000
[call] __cxa_atexit x0=0x202f7730338 x1=0x202f9c912c0 x2=0x202f9c50000
[call] __cxa_atexit x0=0x202f7730338 x1=0x202f9c912d8 x2=0x202f9c50000
[call] malloc       x0=0x20 x1=0x202f9c912d8 x2=0x202f9c50000
[call] __cxa_atexit x0=0x202f7730338 x1=0x202f9c60160 x2=0x202f9c50000
[call] __cxa_atexit x0=0x202f7730338 x1=0x202f9c912f0 x2=0x202f9c50000
[call] __cxa_atexit x0=0x202f7730338 x1=0x202f9c91308 x2=0x202f9c50000
[call] __cxa_atexit x0=0x202f7730338 x1=0x202f9c91320 x2=0x202f9c50000
[call] malloc       x0=0x30 x1=0x202f9c91320 x2=0x202f9c50000
[call] __cxa_atexit x0=0x202f7730338 x1=0x202f9c601a0 x2=0x202f9c50000
[call] malloc       x0=0x20 x1=0x202f9c601a0 x2=0x202f9c50000
[call] __cxa_atexit x0=0x202f7730338 x1=0x202f9c601c0 x2=0x202f9c50000
[call] malloc       x0=0x30 x1=0x202f9c601c0 x2=0x202f9c50000
[call] __cxa_atexit x0=0x202f7730338 x1=0x202f9c60200 x2=0x202f9c50000
[call] malloc       x0=0x20 x1=0x202f9c60200 x2=0x202f9c50000
[call] __cxa_atexit x0=0x202f7730338 x1=0x202f9c60220 x2=0x202f9c50000
[call] __cxa_atexit x0=0x202f7730338 x1=0x202f9c91350 x2=0x202f9c50000
[call] __cxa_atexit x0=0x202f7730338 x1=0x202f9c91368 x2=0x202f9c50000
[call] __cxa_atexit x0=0x202f7730338 x1=0x202f9c91380 x2=0x202f9c50000
[call] __cxa_atexit x0=0x202f7730338 x1=0x202f9c91398 x2=0x202f9c50000
[call] __cxa_atexit x0=0x202f7730338 x1=0x202f9c913b0 x2=0x202f9c50000
[call] __cxa_atexit x0=0x202f7730338 x1=0x202f9c913c8 x2=0x202f9c50000
[call] __cxa_atexit x0=0x202f7730338 x1=0x202f9c913e0 x2=0x202f9c50000
[call] __cxa_atexit x0=0x202f7730338 x1=0x202f9c913f8 x2=0x202f9c50000
[call] __cxa_atexit x0=0x202f7730338 x1=0x202f9c91410 x2=0x202f9c50000
[call] __cxa_atexit x0=0x202f7730338 x1=0x202f9c91428 x2=0x202f9c50000
[call] __cxa_atexit x0=0x202f7730338 x1=0x202f9c91440 x2=0x202f9c50000
[call] __cxa_atexit x0=0x202f7730338 x1=0x202f9c91458 x2=0x202f9c50000
[call] __cxa_atexit x0=0x202f7730338 x1=0x202f9c91470 x2=0x202f9c50000
[call] __cxa_atexit x0=0x202f7730338 x1=0x202f9c91488 x2=0x202f9c50000
[call] __cxa_atexit x0=0x202f7730338 x1=0x202f9c914a0 x2=0x202f9c50000
[call] __cxa_atexit x0=0x202f7730338 x1=0x202f9c914b8 x2=0x202f9c50000
[call] __cxa_atexit x0=0x202f7730338 x1=0x202f9c914d0 x2=0x202f9c50000
[call] __cxa_atexit x0=0x202f7730338 x1=0x202f9c914e8 x2=0x202f9c50000
[call] malloc       x0=0x20 x1=0x202f9c914e8 x2=0x202f9c50000
[call] __cxa_atexit x0=0x202f7730338 x1=0x202f9c60240 x2=0x202f9c50000
[call] __cxa_atexit x0=0x202f7730338 x1=0x202f9c91500 x2=0x202f9c50000
[call] __cxa_atexit x0=0x202f7730338 x1=0x202f9c91518 x2=0x202f9c50000
[call] __cxa_atexit x0=0x202f7730338 x1=0x202f9c91530 x2=0x202f9c50000
[call] __cxa_atexit x0=0x202f7730338 x1=0x202f9c91548 x2=0x202f9c50000
[call] __cxa_atexit x0=0x202f7730338 x1=0x202f9c91560 x2=0x202f9c50000
[call] __cxa_atexit x0=0x202f7730338 x1=0x202f9c91578 x2=0x202f9c50000
[call] __cxa_atexit x0=0x202f7730338 x1=0x202f9c91590 x2=0x202f9c50000
[call] __cxa_atexit x0=0x202f7730338 x1=0x202f9c915a8 x2=0x202f9c50000
[call] __cxa_atexit x0=0x202f7730338 x1=0x202f9c915c0 x2=0x202f9c50000
[call] __cxa_atexit x0=0x202f7730338 x1=0x202f9c915d8 x2=0x202f9c50000
[call] malloc       x0=0x20 x1=0x202f9c915d8 x2=0x202f9c50000
[call] __cxa_atexit x0=0x202f7730338 x1=0x202f9c60260 x2=0x202f9c50000
[call] malloc       x0=0x20 x1=0x202f9c60260 x2=0x202f9c50000
[call] __cxa_atexit x0=0x202f7730338 x1=0x202f9c60280 x2=0x202f9c50000
[call] malloc       x0=0x30 x1=0x202f9c60280 x2=0x202f9c50000
[call] __cxa_atexit x0=0x202f7730338 x1=0x202f9c602c0 x2=0x202f9c50000
[call] malloc       x0=0x20 x1=0x202f9c602c0 x2=0x202f9c50000
[call] __cxa_atexit x0=0x202f7730338 x1=0x202f9c602e0 x2=0x202f9c50000
[call] __cxa_atexit x0=0x202f7739ce4 x1=0x202f9c60300 x2=0x202f9c50000
[call] malloc       x0=0x30 x1=0x202f9c60300 x2=0x202f9c50000
[call] __cxa_atexit x0=0x202f7730338 x1=0x202f9c60350 x2=0x202f9c50000
[call] malloc       x0=0x20 x1=0x202f9c60350 x2=0x202f9c50000
[call] __cxa_atexit x0=0x202f7730338 x1=0x202f9c60370 x2=0x202f9c50000
[call] malloc       x0=0x30 x1=0x202f9c60370 x2=0x202f9c50000
[call] __cxa_atexit x0=0x202f7730338 x1=0x202f9c603b0 x2=0x202f9c50000
[call] malloc       x0=0x20 x1=0x202f9c603b0 x2=0x202f9c50000
[call] __cxa_atexit x0=0x202f7730338 x1=0x202f9c603d0 x2=0x202f9c50000
[call] malloc       x0=0x30 x1=0x202f9c603d0 x2=0x202f9c50000
[call] __cxa_atexit x0=0x202f7730338 x1=0x202f9c60410 x2=0x202f9c50000
[call] malloc       x0=0x20 x1=0x202f9c60410 x2=0x202f9c50000
[call] __cxa_atexit x0=0x202f7730338 x1=0x202f9c60430 x2=0x202f9c50000
[call] malloc       x0=0x30 x1=0x202f9c60430 x2=0x202f9c50000
[call] __cxa_atexit x0=0x202f7730338 x1=0x202f9c60470 x2=0x202f9c50000
[call] malloc       x0=0x20 x1=0x202f9c60470 x2=0x202f9c50000
[call] __cxa_atexit x0=0x202f7730338 x1=0x202f9c60490 x2=0x202f9c50000
[call] __cxa_atexit x0=0x202f7739ce4 x1=0x202f9c604b0 x2=0x202f9c50000
[call] malloc       x0=0x30 x1=0x202f9c604b0 x2=0x202f9c50000
[call] __cxa_atexit x0=0x202f7730338 x1=0x202f9c60500 x2=0x202f9c50000
[call] malloc       x0=0x20 x1=0x202f9c60500 x2=0x202f9c50000
[call] __cxa_atexit x0=0x202f7730338 x1=0x202f9c60520 x2=0x202f9c50000
[call] malloc       x0=0x30 x1=0x202f9c60520 x2=0x202f9c50000
[call] __cxa_atexit x0=0x202f7730338 x1=0x202f9c60560 x2=0x202f9c50000
[call] malloc       x0=0x20 x1=0x202f9c60560 x2=0x202f9c50000
[call] __cxa_atexit x0=0x202f7730338 x1=0x202f9c60580 x2=0x202f9c50000
[call] malloc       x0=0x30 x1=0x202f9c60580 x2=0x202f9c50000
[call] __cxa_atexit x0=0x202f7730338 x1=0x202f9c605c0 x2=0x202f9c50000
[call] malloc       x0=0x20 x1=0x202f9c605c0 x2=0x202f9c50000
[call] __cxa_atexit x0=0x202f7730338 x1=0x202f9c605e0 x2=0x202f9c50000
[call] __cxa_atexit x0=0x202f7730338 x1=0x202f9c92898 x2=0x202f9c50000
[call] malloc       x0=0x30 x1=0x202f9c92898 x2=0x202f9c50000
[call] __cxa_atexit x0=0x202f7730338 x1=0x202f9c60600 x2=0x202f9c50000
[call] malloc       x0=0x30 x1=0x202f9c60600 x2=0x202f9c50000
[call] __cxa_atexit x0=0x202f7730338 x1=0x202f9c60620 x2=0x202f9c50000
[call] __cxa_atexit x0=0x202f7730338 x1=0x202f9c928b0 x2=0x202f9c50000
[call] __cxa_atexit x0=0x202f7730338 x1=0x202f9c928c8 x2=0x202f9c50000
[call] __cxa_atexit x0=0x202f7730338 x1=0x202f9c928e0 x2=0x202f9c50000
[call] __cxa_atexit x0=0x202f7730338 x1=0x202f9c928f8 x2=0x202f9c50000
[call] __cxa_atexit x0=0x202f7730338 x1=0x202f9c92910 x2=0x202f9c50000
[call] __cxa_atexit x0=0x202f7730338 x1=0x202f9c92928 x2=0x202f9c50000
[call] __cxa_atexit x0=0x202f7730338 x1=0x202f9c92940 x2=0x202f9c50000
[call] __cxa_atexit x0=0x202f7730338 x1=0x202f9c92958 x2=0x202f9c50000
[call] __cxa_atexit x0=0x202f7730338 x1=0x202f9c92970 x2=0x202f9c50000
[call] __cxa_atexit x0=0x202f7730338 x1=0x202f9c92988 x2=0x202f9c50000
[call] __cxa_atexit x0=0x202f7730338 x1=0x202f9c929a0 x2=0x202f9c50000
[call] __cxa_atexit x0=0x202f7730338 x1=0x202f9c929b8 x2=0x202f9c50000
[call] __cxa_atexit x0=0x202f7730338 x1=0x202f9c929d0 x2=0x202f9c50000
[call] __cxa_atexit x0=0x202f7730338 x1=0x202f9c929e8 x2=0x202f9c50000
[call] __cxa_atexit x0=0x202f7730338 x1=0x202f9c92a00 x2=0x202f9c50000
[call] __cxa_atexit x0=0x202f7730338 x1=0x202f9c92a18 x2=0x202f9c50000
[call] __cxa_atexit x0=0x202f7730338 x1=0x202f9c92a30 x2=0x202f9c50000
[call] malloc       x0=0x20 x1=0x202f9c92a30 x2=0x202f9c50000
[call] __cxa_atexit x0=0x202f7730338 x1=0x202f9c60640 x2=0x202f9c50000
[call] __cxa_atexit x0=0x202f7730338 x1=0x202f9c92a48 x2=0x202f9c50000
[call] __cxa_atexit x0=0x202f7730338 x1=0x202f9c92a60 x2=0x202f9c50000
[call] __cxa_atexit x0=0x202f7730338 x1=0x202f9c92a78 x2=0x202f9c50000
[call] malloc       x0=0x30 x1=0x202f9c92a78 x2=0x202f9c50000
[call] __cxa_atexit x0=0x202f7730338 x1=0x202f9c606d0 x2=0x202f9c50000
[call] malloc       x0=0x20 x1=0x202f9c606d0 x2=0x202f9c50000
[call] __cxa_atexit x0=0x202f7730338 x1=0x202f9c606f0 x2=0x202f9c50000
[call] malloc       x0=0x30 x1=0x202f9c606f0 x2=0x202f9c50000
[call] __cxa_atexit x0=0x202f7730338 x1=0x202f9c60730 x2=0x202f9c50000
[call] malloc       x0=0x20 x1=0x202f9c60730 x2=0x202f9c50000
[call] __cxa_atexit x0=0x202f7730338 x1=0x202f9c60750 x2=0x202f9c50000
[call] malloc       x0=0x30 x1=0x202f9c60750 x2=0x202f9c50000
[call] __cxa_atexit x0=0x202f7730338 x1=0x202f9c60790 x2=0x202f9c50000
[call] malloc       x0=0x20 x1=0x202f9c60790 x2=0x202f9c50000
[call] __cxa_atexit x0=0x202f7730338 x1=0x202f9c607b0 x2=0x202f9c50000
[call] __cxa_atexit x0=0x202f7739ce4 x1=0x202f9c607d0 x2=0x202f9c50000
[call] __cxa_atexit x0=0x202f7730338 x1=0x202f9c92a90 x2=0x202f9c50000
[call] malloc       x0=0x30 x1=0x202f9c92a90 x2=0x202f9c50000
[call] __cxa_atexit x0=0x202f7730338 x1=0x202f9c60820 x2=0x202f9c50000
[call] malloc       x0=0x20 x1=0x202f9c60820 x2=0x202f9c50000
[call] __cxa_atexit x0=0x202f7730338 x1=0x202f9c60840 x2=0x202f9c50000
[call] __cxa_atexit x0=0x202f7730338 x1=0x202f9c92ca0 x2=0x202f9c50000
[call] __cxa_atexit x0=0x202f7730338 x1=0x202f9c92cb8 x2=0x202f9c50000
[call] __cxa_atexit x0=0x202f7730338 x1=0x202f9c92cd0 x2=0x202f9c50000
[call] __cxa_atexit x0=0x202f7730338 x1=0x202f9c92ce8 x2=0x202f9c50000
[call] __cxa_atexit x0=0x202f7730338 x1=0x202f9c92d00 x2=0x202f9c50000
[call] __cxa_atexit x0=0x202f7730338 x1=0x202f9c92d18 x2=0x202f9c50000
[call] __cxa_atexit x0=0x202f7730338 x1=0x202f9c92d30 x2=0x202f9c50000
[call] __cxa_atexit x0=0x202f7730338 x1=0x202f9c92d48 x2=0x202f9c50000
[call] __cxa_atexit x0=0x202f7730338 x1=0x202f9c92d60 x2=0x202f9c50000
[call] __cxa_atexit x0=0x202f7730338 x1=0x202f9c92d78 x2=0x202f9c50000
[call] __cxa_atexit x0=0x202f7730338 x1=0x202f9c92d90 x2=0x202f9c50000
[call] __cxa_atexit x0=0x202f7730338 x1=0x202f9c92da8 x2=0x202f9c50000
[call] __cxa_atexit x0=0x202f7730338 x1=0x202f9c92dc0 x2=0x202f9c50000
[call] __cxa_atexit x0=0x202f7730338 x1=0x202f9c92dd8 x2=0x202f9c50000
[call] __cxa_atexit x0=0x202f7730338 x1=0x202f9c92df0 x2=0x202f9c50000
[call] malloc       x0=0x20 x1=0x202f9c92df0 x2=0x202f9c50000
[call] __cxa_atexit x0=0x202f7730338 x1=0x202f9c60860 x2=0x202f9c50000
[call] __cxa_atexit x0=0x202f7730338 x1=0x202f9c92e08 x2=0x202f9c50000
[call] __cxa_atexit x0=0x202f7730338 x1=0x202f9c92e20 x2=0x202f9c50000
[call] __cxa_atexit x0=0x202f7730338 x1=0x202f9c92e38 x2=0x202f9c50000
[call] __cxa_atexit x0=0x202f7730338 x1=0x202f9c92e50 x2=0x202f9c50000
[call] __cxa_atexit x0=0x202f7730338 x1=0x202f9c92e68 x2=0x202f9c50000
[call] __cxa_atexit x0=0x202f7730338 x1=0x202f9c92e80 x2=0x202f9c50000
[call] __cxa_atexit x0=0x202f7730338 x1=0x202f9c92e98 x2=0x202f9c50000
[call] __cxa_atexit x0=0x202f7730338 x1=0x202f9c92eb0 x2=0x202f9c50000
[call] __cxa_atexit x0=0x202f7730338 x1=0x202f9c92ec8 x2=0x202f9c50000
[call] __cxa_atexit x0=0x202f7730338 x1=0x202f9c92ee0 x2=0x202f9c50000
[call] malloc       x0=0x20 x1=0x202f9c92ee0 x2=0x202f9c50000
[call] __cxa_atexit x0=0x202f7730338 x1=0x202f9c60880 x2=0x202f9c50000
[call] __cxa_atexit x0=0x202f7730338 x1=0x202f9c92ef8 x2=0x202f9c50000
[call] __cxa_atexit x0=0x202f7730338 x1=0x202f9c92f10 x2=0x202f9c50000
[call] __cxa_atexit x0=0x202f7730338 x1=0x202f9c92f28 x2=0x202f9c50000
[call] malloc       x0=0x20 x1=0x202f9c92f28 x2=0x202f9c50000
[call] __cxa_atexit x0=0x202f7730338 x1=0x202f9c608a0 x2=0x202f9c50000
[call] malloc       x0=0x20 x1=0x202f9c608a0 x2=0x202f9c50000
[call] __cxa_atexit x0=0x202f7730338 x1=0x202f9c608c0 x2=0x202f9c50000
[call] __cxa_atexit x0=0x202f7730338 x1=0x202f9c92f40 x2=0x202f9c50000
[call] __cxa_atexit x0=0x202f7730338 x1=0x202f9c92f58 x2=0x202f9c50000
[call] __cxa_atexit x0=0x202f7730338 x1=0x202f9c92f70 x2=0x202f9c50000
[call] __cxa_atexit x0=0x202f7730338 x1=0x202f9c92f88 x2=0x202f9c50000
[call] __cxa_atexit x0=0x202f7730338 x1=0x202f9c92fa0 x2=0x202f9c50000
[call] __cxa_atexit x0=0x202f7730338 x1=0x202f9c92fb8 x2=0x202f9c50000
[call] __cxa_atexit x0=0x202f7730338 x1=0x202f9c92fd0 x2=0x202f9c50000
[call] __cxa_atexit x0=0x202f7730338 x1=0x202f9c92fe8 x2=0x202f9c50000
[call] __cxa_atexit x0=0x202f7730338 x1=0x202f9c93000 x2=0x202f9c50000
[call] __cxa_atexit x0=0x202f7730338 x1=0x202f9c93018 x2=0x202f9c50000
[call] __cxa_atexit x0=0x202f7730338 x1=0x202f9c93030 x2=0x202f9c50000
[call] __cxa_atexit x0=0x202f7730338 x1=0x202f9c93048 x2=0x202f9c50000
[call] __cxa_atexit x0=0x202f7730338 x1=0x202f9c93060 x2=0x202f9c50000
[call] __cxa_atexit x0=0x202f7730338 x1=0x202f9c93078 x2=0x202f9c50000
[call] __cxa_atexit x0=0x202f7730338 x1=0x202f9c93090 x2=0x202f9c50000
[call] __cxa_atexit x0=0x202f7730338 x1=0x202f9c930a8 x2=0x202f9c50000
[call] __cxa_atexit x0=0x202f7730338 x1=0x202f9c930c0 x2=0x202f9c50000
[call] __cxa_atexit x0=0x202f7730338 x1=0x202f9c930d8 x2=0x202f9c50000
[call] __cxa_atexit x0=0x202f7730338 x1=0x202f9c930f0 x2=0x202f9c50000
[call] __cxa_atexit x0=0x202f7730338 x1=0x202f9c93108 x2=0x202f9c50000
[call] __cxa_atexit x0=0x202f7730338 x1=0x202f9c93120 x2=0x202f9c50000
[call] __cxa_atexit x0=0x202f7730338 x1=0x202f9c93138 x2=0x202f9c50000
[call] __cxa_atexit x0=0x202f7730338 x1=0x202f9c93150 x2=0x202f9c50000
[call] malloc       x0=0x38 x1=0x202f9c93170 x2=0x202fccc4ea0
[call] memcmp       x0=0x202f362e391 x1=0x202fccc4f49 x2=0xc
[call] memcmp       x0=0x202fccc4f49 x1=0x202f362e391 x2=0xc
[call] malloc       x0=0x38 x1=0x202f362e391 x2=0xc
[call] memcmp       x0=0x202f362e391 x1=0x202fccc4f61 x2=0x9
[call] memcmp       x0=0x202fccc4f61 x1=0x202f362e391 x2=0x9
[call] memcmp       x0=0x202fccc4f61 x1=0x202f362e2d1 x2=0x9
[call] malloc       x0=0x38 x1=0x202f362e2d1 x2=0x9
[call] memcmp       x0=0x202f362e391 x1=0x202fccc4f79 x2=0x9
[call] memcmp       x0=0x202fccc4f79 x1=0x202f362e2d1 x2=0x9
[call] memcmp       x0=0x202f362e2d1 x1=0x202fccc4f79 x2=0x9
[call] memcmp       x0=0x202fccc4f79 x1=0x202f362e391 x2=0x9
[call] malloc       x0=0x38 x1=0x202f362e391 x2=0x9
[call] memcmp       x0=0x202f362e391 x1=0x202fccc4f91 x2=0xb
[call] memcmp       x0=0x202fccc4f91 x1=0x202f362e2d1 x2=0xb
[call] memcmp       x0=0x202f362e2d1 x1=0x202fccc4f91 x2=0xb
[call] memcmp       x0=0x202fccc4f91 x1=0x202f362e391 x2=0xb
[call] memcmp       x0=0x202fccc4f91 x1=0x202f362f011 x2=0x9
[call] malloc       x0=0x38 x1=0x202f362f011 x2=0x9
[call] memcmp       x0=0x202f362e391 x1=0x202fccc4fa9 x2=0xc
[call] malloc       x0=0x38 x1=0x202fccc4fa9 x2=0xc
[call] memcmp       x0=0x202f362efd1 x1=0x202fccc4fc1 x2=0xe
[call] memcmp       x0=0x202fccc4fc1 x1=0x202f362e2d1 x2=0x11
[call] memcmp       x0=0x202fccc4fc1 x1=0x202f362e451 x2=0x9
[call] malloc       x0=0x38 x1=0x202f362e451 x2=0x9
[call] memcmp       x0=0x202f362efd1 x1=0x202fccc4fd9 x2=0xe
[call] malloc       x0=0x38 x1=0x202fccc4fd9 x2=0xe
[call] __cxa_atexit x0=0x202f7ac44e8 x1=0x202f9c93168 x2=0x202f9c50000
[call] malloc       x0=0x30 x1=0x202f9c93168 x2=0x202f9c50000
[call] __cxa_atexit x0=0x202f7730338 x1=0x202f9c609d0 x2=0x202f9c50000
[call] malloc       x0=0x20 x1=0x202f9c609d0 x2=0x202f9c50000
[call] __cxa_atexit x0=0x202f7730338 x1=0x202f9c609f0 x2=0x202f9c50000
[call] __cxa_atexit x0=0x202f7739ce4 x1=0x202f9c60a10 x2=0x202f9c50000
[call] __cxa_atexit x0=0x202f7730338 x1=0x202f9c93198 x2=0x202f9c50000
[call] malloc       x0=0x30 x1=0x202f9c93198 x2=0x202f9c50000
[call] __cxa_atexit x0=0x202f7730338 x1=0x202f9c60a60 x2=0x202f9c50000
[call] malloc       x0=0x20 x1=0x202f9c60a60 x2=0x202f9c50000
[call] __cxa_atexit x0=0x202f7730338 x1=0x202f9c60a80 x2=0x202f9c50000
[call] malloc       x0=0x30 x1=0x202f9c60a80 x2=0x202f9c50000
[call] __cxa_atexit x0=0x202f7730338 x1=0x202f9c60ac0 x2=0x202f9c50000
[call] malloc       x0=0x20 x1=0x202f9c60ac0 x2=0x202f9c50000
[call] __cxa_atexit x0=0x202f7730338 x1=0x202f9c60ae0 x2=0x202f9c50000
[call] __cxa_atexit x0=0x202f7739ce4 x1=0x202f9c60b00 x2=0x202f9c50000
[call] malloc       x0=0x30 x1=0x202f9c60b00 x2=0x202f9c50000
[call] __cxa_atexit x0=0x202f7730338 x1=0x202f9c60b30 x2=0x202f9c50000
[call] malloc       x0=0x30 x1=0x202f9c60b30 x2=0x202f9c50000
[call] __cxa_atexit x0=0x202f7730338 x1=0x202f9c60b50 x2=0x202f9c50000
[call] __cxa_atexit x0=0x202f7730338 x1=0x202f9c931e0 x2=0x202f9c50000
[call] __cxa_atexit x0=0x202f7730338 x1=0x202f9c931f8 x2=0x202f9c50000
[call] __cxa_atexit x0=0x202f7730338 x1=0x202f9c93210 x2=0x202f9c50000
[call] __cxa_atexit x0=0x202f7730338 x1=0x202f9c93228 x2=0x202f9c50000
[call] __cxa_atexit x0=0x202f7730338 x1=0x202f9c93240 x2=0x202f9c50000
[call] __cxa_atexit x0=0x202f7730338 x1=0x202f9c93258 x2=0x202f9c50000
[call] __cxa_atexit x0=0x202f7730338 x1=0x202f9c93270 x2=0x202f9c50000
[call] __cxa_atexit x0=0x202f7730338 x1=0x202f9c93288 x2=0x202f9c50000
[call] __cxa_atexit x0=0x202f7730338 x1=0x202f9c932a0 x2=0x202f9c50000
[call] __cxa_atexit x0=0x202f7730338 x1=0x202f9c932b8 x2=0x202f9c50000
[call] __cxa_atexit x0=0x202f7730338 x1=0x202f9c932d0 x2=0x202f9c50000
[call] __cxa_atexit x0=0x202f7730338 x1=0x202f9c932e8 x2=0x202f9c50000
[call] __cxa_atexit x0=0x202f7730338 x1=0x202f9c93300 x2=0x202f9c50000
[call] __cxa_atexit x0=0x202f7730338 x1=0x202f9c93318 x2=0x202f9c50000
[call] __cxa_atexit x0=0x202f7730338 x1=0x202f9c93330 x2=0x202f9c50000
[call] __cxa_atexit x0=0x202f7730338 x1=0x202f9c93348 x2=0x202f9c50000
[call] __cxa_atexit x0=0x202f7730338 x1=0x202f9c93360 x2=0x202f9c50000
[call] malloc       x0=0x20 x1=0x202f9c93360 x2=0x202f9c50000
[call] __cxa_atexit x0=0x202f7730338 x1=0x202f9c60b70 x2=0x202f9c50000
[call] __cxa_atexit x0=0x202f7730338 x1=0x202f9c93378 x2=0x202f9c50000
[call] __cxa_atexit x0=0x202f7730338 x1=0x202f9c93390 x2=0x202f9c50000
[call] __cxa_atexit x0=0x202f7730338 x1=0x202f9c933a8 x2=0x202f9c50000
[call] __cxa_atexit x0=0x202f7730338 x1=0x202f9c933c0 x2=0x202f9c50000
[call] __cxa_atexit x0=0x202f7730338 x1=0x202f9c933d8 x2=0x202f9c50000
[call] __cxa_atexit x0=0x202f7730338 x1=0x202f9c933f0 x2=0x202f9c50000
[call] __cxa_atexit x0=0x202f7730338 x1=0x202f9c93408 x2=0x202f9c50000
[call] __cxa_atexit x0=0x202f7730338 x1=0x202f9c93420 x2=0x202f9c50000
[call] __cxa_atexit x0=0x202f7730338 x1=0x202f9c93438 x2=0x202f9c50000
[call] __cxa_atexit x0=0x202f7730338 x1=0x202f9c93450 x2=0x202f9c50000
[call] __cxa_atexit x0=0x202f7730338 x1=0x202f9c93468 x2=0x202f9c50000
[call] __cxa_atexit x0=0x202f7730338 x1=0x202f9c93480 x2=0x202f9c50000
[call] __cxa_atexit x0=0x202f7730338 x1=0x202f9c93498 x2=0x202f9c50000
[call] __cxa_atexit x0=0x202f7730338 x1=0x202f9c934b0 x2=0x202f9c50000
[call] __cxa_atexit x0=0x202f7730338 x1=0x202f9c934c8 x2=0x202f9c50000
[call] __cxa_atexit x0=0x202f7730338 x1=0x202f9c934e0 x2=0x202f9c50000
[call] __cxa_atexit x0=0x202f7730338 x1=0x202f9c934f8 x2=0x202f9c50000
[call] __cxa_atexit x0=0x202f7730338 x1=0x202f9c93510 x2=0x202f9c50000
[call] __cxa_atexit x0=0x202f7730338 x1=0x202f9c93528 x2=0x202f9c50000
[call] __cxa_atexit x0=0x202f7730338 x1=0x202f9c93540 x2=0x202f9c50000
[call] __cxa_atexit x0=0x202f7730338 x1=0x202f9c93558 x2=0x202f9c50000
[call] __cxa_atexit x0=0x202f7730338 x1=0x202f9c93570 x2=0x202f9c50000
[call] __cxa_atexit x0=0x202f7730338 x1=0x202f9c93588 x2=0x202f9c50000
[call] __cxa_atexit x0=0x202f7730338 x1=0x202f9c935a0 x2=0x202f9c50000
[call] __cxa_atexit x0=0x202f7730338 x1=0x202f9c935b8 x2=0x202f9c50000
[call] __cxa_atexit x0=0x202f7730338 x1=0x202f9c935d0 x2=0x202f9c50000
[call] __cxa_atexit x0=0x202f7730338 x1=0x202f9c935e8 x2=0x202f9c50000
[call] __cxa_atexit x0=0x202f7730338 x1=0x202f9c93600 x2=0x202f9c50000
[call] __cxa_atexit x0=0x202f7730338 x1=0x202f9c93618 x2=0x202f9c50000
[call] __cxa_atexit x0=0x202f7730338 x1=0x202f9c93630 x2=0x202f9c50000
[call] __cxa_atexit x0=0x202f7730338 x1=0x202f9c93648 x2=0x202f9c50000
[call] __cxa_atexit x0=0x202f7730338 x1=0x202f9c93660 x2=0x202f9c50000
[call] __cxa_atexit x0=0x202f7730338 x1=0x202f9c93678 x2=0x202f9c50000
[call] __cxa_atexit x0=0x202f91c2a08 x1=0x202f9c84580 x2=0x202f9c50000
[call] __cxa_atexit x0=0x202f91b4ca8 x1=0x202f9ca33c0 x2=0x202f9c50000
[call] __cxa_atexit x0=0x202f91c2a08 x1=0x202f9c84588 x2=0x202f9c50000
[call] __cxa_atexit x0=0x202f91b4ca8 x1=0x202f9ca33e8 x2=0x202f9c50000
[call] malloc       x0=0x30 x1=0x202f9ca33e8 x2=0x202f9c50000
[call] __cxa_atexit x0=0x202f7730338 x1=0x202f9c60bb0 x2=0x202f9c50000
[call] malloc       x0=0x20 x1=0x202f9c60bb0 x2=0x202f9c50000
[call] __cxa_atexit x0=0x202f7730338 x1=0x202f9c60bd0 x2=0x202f9c50000
[call] malloc       x0=0x30 x1=0x202f9c60bd0 x2=0x202f9c50000
[call] __cxa_atexit x0=0x202f7730338 x1=0x202f9c60c10 x2=0x202f9c50000
[call] malloc       x0=0x20 x1=0x202f9c60c10 x2=0x202f9c50000
[call] __cxa_atexit x0=0x202f7730338 x1=0x202f9c60c30 x2=0x202f9c50000
[call] malloc       x0=0x30 x1=0x202f9c60c30 x2=0x202f9c50000
[call] __cxa_atexit x0=0x202f7730338 x1=0x202f9c60c70 x2=0x202f9c50000
[call] malloc       x0=0x20 x1=0x202f9c60c70 x2=0x202f9c50000
[call] __cxa_atexit x0=0x202f7730338 x1=0x202f9c60c90 x2=0x202f9c50000
[call] malloc       x0=0x30 x1=0x202f9c60c90 x2=0x202f9c50000
[call] __cxa_atexit x0=0x202f7730338 x1=0x202f9c60cd0 x2=0x202f9c50000
[call] malloc       x0=0x20 x1=0x202f9c60cd0 x2=0x202f9c50000
[call] __cxa_atexit x0=0x202f7730338 x1=0x202f9c60cf0 x2=0x202f9c50000
[call] malloc       x0=0x20 x1=0x202f9c60cf0 x2=0x202f9c50000
[call] __cxa_atexit x0=0x202f7730338 x1=0x202f9c60d10 x2=0x202f9c50000
[call] malloc       x0=0x30 x1=0x202f9c60d10 x2=0x202f9c50000
[call] __cxa_atexit x0=0x202f7730338 x1=0x202f9c60d50 x2=0x202f9c50000
[call] malloc       x0=0x20 x1=0x202f9c60d50 x2=0x202f9c50000
[call] __cxa_atexit x0=0x202f7730338 x1=0x202f9c60d70 x2=0x202f9c50000
[call] __cxa_atexit x0=0x202f7730338 x1=0x202f9c93780 x2=0x202f9c50000
[call] __cxa_atexit x0=0x202f7730338 x1=0x202f9c93798 x2=0x202f9c50000
[call] malloc       x0=0x30 x1=0x202f9c93798 x2=0x202f9c50000
[call] __cxa_atexit x0=0x202f7730338 x1=0x202f9c60db0 x2=0x202f9c50000
[call] malloc       x0=0x20 x1=0x202f9c60db0 x2=0x202f9c50000
[call] __cxa_atexit x0=0x202f7730338 x1=0x202f9c60dd0 x2=0x202f9c50000
[call] malloc       x0=0x30 x1=0x202f9c60dd0 x2=0x202f9c50000
[call] __cxa_atexit x0=0x202f7730338 x1=0x202f9c60e10 x2=0x202f9c50000
[call] malloc       x0=0x20 x1=0x202f9c60e10 x2=0x202f9c50000
[call] __cxa_atexit x0=0x202f7730338 x1=0x202f9c60e30 x2=0x202f9c50000
[call] __cxa_atexit x0=0x202f7730338 x1=0x202f9c93828 x2=0x202f9c50000
[call] __cxa_atexit x0=0x202f7730338 x1=0x202f9c93840 x2=0x202f9c50000
[call] __cxa_atexit x0=0x202f7730338 x1=0x202f9c93858 x2=0x202f9c50000
[call] malloc       x0=0x20 x1=0x202f9c93858 x2=0x202f9c50000
[call] __cxa_atexit x0=0x202f7730338 x1=0x202f9c60e50 x2=0x202f9c50000
[call] malloc       x0=0x20 x1=0x202f9c60e50 x2=0x202f9c50000
[call] __cxa_atexit x0=0x202f7730338 x1=0x202f9c60e70 x2=0x202f9c50000
[call] __cxa_atexit x0=0x202f7730338 x1=0x202f9c93870 x2=0x202f9c50000
[call] __cxa_atexit x0=0x202f7730338 x1=0x202f9c93888 x2=0x202f9c50000
[call] __cxa_atexit x0=0x202f7730338 x1=0x202f9c938a0 x2=0x202f9c50000
[call] __cxa_atexit x0=0x202f7730338 x1=0x202f9c938b8 x2=0x202f9c50000
[call] malloc       x0=0x30 x1=0x202f9c938b8 x2=0x202f9c50000
[call] __cxa_atexit x0=0x202f7730338 x1=0x202f9c60e90 x2=0x202f9c50000
[call] __cxa_atexit x0=0x202f7730338 x1=0x202f9c938d0 x2=0x202f9c50000
[call] malloc       x0=0x20 x1=0x202f9c938d0 x2=0x202f9c50000
[call] __cxa_atexit x0=0x202f7730338 x1=0x202f9c60eb0 x2=0x202f9c50000
[call] malloc       x0=0x30 x1=0x202f9c60eb0 x2=0x202f9c50000
[call] __cxa_atexit x0=0x202f7730338 x1=0x202f9c60ef0 x2=0x202f9c50000
[call] malloc       x0=0x20 x1=0x202f9c60ef0 x2=0x202f9c50000
[call] __cxa_atexit x0=0x202f7730338 x1=0x202f9c60f10 x2=0x202f9c50000
[call] __cxa_atexit x0=0x202f7730338 x1=0x202f9c93a68 x2=0x202f9c50000
[call] __cxa_atexit x0=0x202f7730338 x1=0x202f9c93a80 x2=0x202f9c50000
[call] __cxa_atexit x0=0x202f7730338 x1=0x202f9c93a98 x2=0x202f9c50000
[call] malloc       x0=0x20 x1=0x202f9c93a98 x2=0x202f9c50000
[call] __cxa_atexit x0=0x202f7730338 x1=0x202f9c60f30 x2=0x202f9c50000
[call] malloc       x0=0x30 x1=0x202f9c60f30 x2=0x202f9c50000
[call] __cxa_atexit x0=0x202f7730338 x1=0x202f9c60f70 x2=0x202f9c50000
[call] malloc       x0=0x20 x1=0x202f9c60f70 x2=0x202f9c50000
[call] __cxa_atexit x0=0x202f7730338 x1=0x202f9c60f90 x2=0x202f9c50000
[call] __cxa_atexit x0=0x202f7730338 x1=0x202f9c93b40 x2=0x202f9c50000
[call] malloc       x0=0x30 x1=0x202f9c93b40 x2=0x202f9c50000
[call] __cxa_atexit x0=0x202f7730338 x1=0x202f9c60fd0 x2=0x202f9c50000
[call] malloc       x0=0x20 x1=0x202f9c60fd0 x2=0x202f9c50000
[call] __cxa_atexit x0=0x202f7730338 x1=0x202f9c60ff0 x2=0x202f9c50000
[call] __cxa_atexit x0=0x202f7730338 x1=0x202f9c93b58 x2=0x202f9c50000
[call] __cxa_atexit x0=0x202f7730338 x1=0x202f9c93b70 x2=0x202f9c50000
[call] __cxa_atexit x0=0x202f7730338 x1=0x202f9c93b88 x2=0x202f9c50000
[call] __cxa_atexit x0=0x202f7730338 x1=0x202f9c93ba0 x2=0x202f9c50000
[call] __cxa_atexit x0=0x202f7730338 x1=0x202f9c93bb8 x2=0x202f9c50000
[call] malloc       x0=0x20 x1=0x202f9c93bb8 x2=0x202f9c50000
[call] __cxa_atexit x0=0x202f7730338 x1=0x202f9c61010 x2=0x202f9c50000
[call] __cxa_atexit x0=0x202f7730338 x1=0x202f9c93bd0 x2=0x202f9c50000
[call] __cxa_atexit x0=0x202f7730338 x1=0x202f9c93be8 x2=0x202f9c50000
[call] __cxa_atexit x0=0x202f7730338 x1=0x202f9c93c00 x2=0x202f9c50000
[call] __cxa_atexit x0=0x202f7730338 x1=0x202f9c93c18 x2=0x202f9c50000
[call] __cxa_atexit x0=0x202f7730338 x1=0x202f9c93c30 x2=0x202f9c50000
[call] __cxa_atexit x0=0x202f7730338 x1=0x202f9c93c48 x2=0x202f9c50000
[call] __cxa_atexit x0=0x202f7730338 x1=0x202f9c93c60 x2=0x202f9c50000
[call] __cxa_atexit x0=0x202f7730338 x1=0x202f9c93c78 x2=0x202f9c50000
[call] __cxa_atexit x0=0x202f7730338 x1=0x202f9c93c90 x2=0x202f9c50000
[call] __cxa_atexit x0=0x202f7730338 x1=0x202f9c93ca8 x2=0x202f9c50000
[call] malloc       x0=0x20 x1=0x202f9c93ca8 x2=0x202f9c50000
[call] __cxa_atexit x0=0x202f7730338 x1=0x202f9c61030 x2=0x202f9c50000
[call] __cxa_atexit x0=0x202f7730338 x1=0x202f9c93cc0 x2=0x202f9c50000
[call] __cxa_atexit x0=0x202f7730338 x1=0x202f9c93cd8 x2=0x202f9c50000
[call] __cxa_atexit x0=0x202f7730338 x1=0x202f9c93cf0 x2=0x202f9c50000
[call] __cxa_atexit x0=0x202f7730338 x1=0x202f9c93d08 x2=0x202f9c50000
[call] __cxa_atexit x0=0x202f7730338 x1=0x202f9c93d20 x2=0x202f9c50000
[call] __cxa_atexit x0=0x202f7730338 x1=0x202f9c93d38 x2=0x202f9c50000
[call] __cxa_atexit x0=0x202f7730338 x1=0x202f9c93d50 x2=0x202f9c50000
[call] __cxa_atexit x0=0x202f7730338 x1=0x202f9c93d68 x2=0x202f9c50000
[call] __cxa_atexit x0=0x202f7730338 x1=0x202f9c93d80 x2=0x202f9c50000
[call] __cxa_atexit x0=0x202f7730338 x1=0x202f9c93d98 x2=0x202f9c50000
[call] __cxa_atexit x0=0x202f7730338 x1=0x202f9c93db0 x2=0x202f9c50000
[call] __cxa_atexit x0=0x202f7730338 x1=0x202f9c93dc8 x2=0x202f9c50000
[call] __cxa_atexit x0=0x202f7730338 x1=0x202f9c93de0 x2=0x202f9c50000
[call] __cxa_atexit x0=0x202f7730338 x1=0x202f9c93df8 x2=0x202f9c50000
[call] __cxa_atexit x0=0x202f7730338 x1=0x202f9c93e10 x2=0x202f9c50000
[call] __cxa_atexit x0=0x202f7730338 x1=0x202f9c93e28 x2=0x202f9c50000
[call] __cxa_atexit x0=0x202f7730338 x1=0x202f9c93e40 x2=0x202f9c50000
[call] __cxa_atexit x0=0x202f7730338 x1=0x202f9c93e58 x2=0x202f9c50000
[call] __cxa_atexit x0=0x202f7730338 x1=0x202f9c93e70 x2=0x202f9c50000
[call] __cxa_atexit x0=0x202f7730338 x1=0x202f9c93e88 x2=0x202f9c50000
[call] __cxa_atexit x0=0x202f7730338 x1=0x202f9c93ea0 x2=0x202f9c50000
[call] __cxa_atexit x0=0x202f7730338 x1=0x202f9c93eb8 x2=0x202f9c50000
[call] __cxa_atexit x0=0x202f7730338 x1=0x202f9c93ed0 x2=0x202f9c50000
[call] __cxa_atexit x0=0x202f7730338 x1=0x202f9c93ee8 x2=0x202f9c50000
[call] __cxa_atexit x0=0x202f7730338 x1=0x202f9c93f00 x2=0x202f9c50000
[call] __cxa_atexit x0=0x202f7730338 x1=0x202f9c93f18 x2=0x202f9c50000
[call] __cxa_atexit x0=0x202f7730338 x1=0x202f9c93f30 x2=0x202f9c50000
[call] __cxa_atexit x0=0x202f7730338 x1=0x202f9c93f48 x2=0x202f9c50000
[call] malloc       x0=0x20 x1=0x202f9c93f48 x2=0x202f9c50000
[call] __cxa_atexit x0=0x202f7730338 x1=0x202f9c61050 x2=0x202f9c50000
[call] malloc       x0=0x20 x1=0x202f9c61050 x2=0x202f9c50000
[call] __cxa_atexit x0=0x202f7730338 x1=0x202f9c61070 x2=0x202f9c50000
[call] malloc       x0=0x20 x1=0x202f9c61070 x2=0x202f9c50000
[call] __cxa_atexit x0=0x202f7730338 x1=0x202f9c61090 x2=0x202f9c50000
[call] __cxa_atexit x0=0x202f7730338 x1=0x202f9c93f60 x2=0x202f9c50000
[call] __cxa_atexit x0=0x202f7730338 x1=0x202f9c93f78 x2=0x202f9c50000
[call] __cxa_atexit x0=0x202f7730338 x1=0x202f9c93f90 x2=0x202f9c50000
[call] __cxa_atexit x0=0x202f7730338 x1=0x202f9c93fa8 x2=0x202f9c50000
[call] __cxa_atexit x0=0x202f7730338 x1=0x202f9c93fc0 x2=0x202f9c50000
[call] __cxa_atexit x0=0x202f7730338 x1=0x202f9c93fd8 x2=0x202f9c50000
[call] __cxa_atexit x0=0x202f7730338 x1=0x202f9c93ff0 x2=0x202f9c50000
[call] __cxa_atexit x0=0x202f7730338 x1=0x202f9c94008 x2=0x202f9c50000
[call] __cxa_atexit x0=0x202f7730338 x1=0x202f9c94020 x2=0x202f9c50000
[call] malloc       x0=0x20 x1=0x202f9c94020 x2=0x202f9c50000
[call] __cxa_atexit x0=0x202f7730338 x1=0x202f9c610b0 x2=0x202f9c50000
[call] malloc       x0=0x30 x1=0x202f9c610b0 x2=0x202f9c50000
[call] __cxa_atexit x0=0x202f7730338 x1=0x202f9c610f0 x2=0x202f9c50000
[call] malloc       x0=0x20 x1=0x202f9c610f0 x2=0x202f9c50000
[call] __cxa_atexit x0=0x202f7730338 x1=0x202f9c61110 x2=0x202f9c50000
[call] __cxa_atexit x0=0x202f7739ce4 x1=0x202f9c61130 x2=0x202f9c50000
[call] malloc       x0=0x30 x1=0x202f9c61130 x2=0x202f9c50000
[call] __cxa_atexit x0=0x202f7730338 x1=0x202f9c612c0 x2=0x202f9c50000
[call] malloc       x0=0x20 x1=0x202f9c612c0 x2=0x202f9c50000
[call] __cxa_atexit x0=0x202f7730338 x1=0x202f9c612e0 x2=0x202f9c50000
[call] malloc       x0=0x30 x1=0x202f9c612e0 x2=0x202f9c50000
[call] __cxa_atexit x0=0x202f7730338 x1=0x202f9c61320 x2=0x202f9c50000
[call] malloc       x0=0x20 x1=0x202f9c61320 x2=0x202f9c50000
[call] __cxa_atexit x0=0x202f7730338 x1=0x202f9c61340 x2=0x202f9c50000
[call] __cxa_atexit x0=0x202f7730338 x1=0x202f9c94068 x2=0x202f9c50000
[call] malloc       x0=0x30 x1=0x202f9c94068 x2=0x202f9c50000
[call] __cxa_atexit x0=0x202f7730338 x1=0x202f9c61380 x2=0x202f9c50000
[call] malloc       x0=0x20 x1=0x202f9c61380 x2=0x202f9c50000
[call] __cxa_atexit x0=0x202f7730338 x1=0x202f9c613a0 x2=0x202f9c50000
[call] malloc       x0=0x30 x1=0x202f9c613a0 x2=0x202f9c50000
[call] __cxa_atexit x0=0x202f7730338 x1=0x202f9c613e0 x2=0x202f9c50000
[call] malloc       x0=0x20 x1=0x202f9c613e0 x2=0x202f9c50000
[call] __cxa_atexit x0=0x202f7730338 x1=0x202f9c61400 x2=0x202f9c50000
[call] __cxa_atexit x0=0x202f7739ce4 x1=0x202f9c61420 x2=0x202f9c50000
[call] malloc       x0=0x30 x1=0x202f9c61420 x2=0x202f9c50000
[call] __cxa_atexit x0=0x202f7730338 x1=0x202f9c61470 x2=0x202f9c50000
[call] malloc       x0=0x20 x1=0x202f9c61470 x2=0x202f9c50000
[call] __cxa_atexit x0=0x202f7730338 x1=0x202f9c61490 x2=0x202f9c50000
[call] __cxa_atexit x0=0x202f7730338 x1=0x202f9c94080 x2=0x202f9c50000
[call] malloc       x0=0x30 x1=0x202f9c94080 x2=0x202f9c50000
[call] __cxa_atexit x0=0x202f7730338 x1=0x202f9c614d0 x2=0x202f9c50000
[call] malloc       x0=0x20 x1=0x202f9c614d0 x2=0x202f9c50000
[call] __cxa_atexit x0=0x202f7730338 x1=0x202f9c614f0 x2=0x202f9c50000
[call] __cxa_atexit x0=0x202f7730338 x1=0x202f9c940b0 x2=0x202f9c50000
[call] malloc       x0=0x30 x1=0x202f9c940b0 x2=0x202f9c50000
[call] __cxa_atexit x0=0x202f7730338 x1=0x202f9c61530 x2=0x202f9c50000
[call] malloc       x0=0x20 x1=0x202f9c61530 x2=0x202f9c50000
[call] __cxa_atexit x0=0x202f7730338 x1=0x202f9c61550 x2=0x202f9c50000
[call] __cxa_atexit x0=0x202f7730338 x1=0x202f9c940c8 x2=0x202f9c50000
[call] malloc       x0=0x30 x1=0x202f9c940c8 x2=0x202f9c50000
[call] __cxa_atexit x0=0x202f7730338 x1=0x202f9c61590 x2=0x202f9c50000
[call] malloc       x0=0x20 x1=0x202f9c61590 x2=0x202f9c50000
[call] __cxa_atexit x0=0x202f7730338 x1=0x202f9c615b0 x2=0x202f9c50000
[call] malloc       x0=0x30 x1=0x202f9c615b0 x2=0x202f9c50000
[call] __cxa_atexit x0=0x202f7730338 x1=0x202f9c615f0 x2=0x202f9c50000
[call] malloc       x0=0x20 x1=0x202f9c615f0 x2=0x202f9c50000
[call] __cxa_atexit x0=0x202f7730338 x1=0x202f9c61610 x2=0x202f9c50000
[call] malloc       x0=0x30 x1=0x202f9c61610 x2=0x202f9c50000
[call] __cxa_atexit x0=0x202f7730338 x1=0x202f9c61650 x2=0x202f9c50000
[call] malloc       x0=0x20 x1=0x202f9c61650 x2=0x202f9c50000
[call] __cxa_atexit x0=0x202f7730338 x1=0x202f9c61670 x2=0x202f9c50000
[call] __cxa_atexit x0=0x202f7730338 x1=0x202f9c940f8 x2=0x202f9c50000
[call] __cxa_atexit x0=0x202f7730338 x1=0x202f9c94110 x2=0x202f9c50000
[call] __cxa_atexit x0=0x202f7730338 x1=0x202f9c94128 x2=0x202f9c50000
[call] __cxa_atexit x0=0x202f7730338 x1=0x202f9c94140 x2=0x202f9c50000
[call] __cxa_atexit x0=0x202f7730338 x1=0x202f9c94158 x2=0x202f9c50000
[call] __cxa_atexit x0=0x202f7730338 x1=0x202f9c94170 x2=0x202f9c50000
[call] __cxa_atexit x0=0x202f7730338 x1=0x202f9c94188 x2=0x202f9c50000
[call] __cxa_atexit x0=0x202f7730338 x1=0x202f9c941a0 x2=0x202f9c50000
[call] __cxa_atexit x0=0x202f7730338 x1=0x202f9c941b8 x2=0x202f9c50000
[call] __cxa_atexit x0=0x202f7730338 x1=0x202f9c941d0 x2=0x202f9c50000
[call] __cxa_atexit x0=0x202f7730338 x1=0x202f9c941e8 x2=0x202f9c50000
[call] __cxa_atexit x0=0x202f7730338 x1=0x202f9c94200 x2=0x202f9c50000
[call] __cxa_atexit x0=0x202f7730338 x1=0x202f9c94218 x2=0x202f9c50000
[call] __cxa_atexit x0=0x202f7730338 x1=0x202f9c94230 x2=0x202f9c50000
[call] __cxa_atexit x0=0x202f7730338 x1=0x202f9c94248 x2=0x202f9c50000
[call] __cxa_atexit x0=0x202f7730338 x1=0x202f9c94260 x2=0x202f9c50000
[call] __cxa_atexit x0=0x202f7730338 x1=0x202f9c94278 x2=0x202f9c50000
[call] __cxa_atexit x0=0x202f7730338 x1=0x202f9c94290 x2=0x202f9c50000
[call] __cxa_atexit x0=0x202f7730338 x1=0x202f9c942a8 x2=0x202f9c50000
[call] __cxa_atexit x0=0x202f7730338 x1=0x202f9c942c0 x2=0x202f9c50000
[call] __cxa_atexit x0=0x202f7730338 x1=0x202f9c942d8 x2=0x202f9c50000
[call] __cxa_atexit x0=0x202f7730338 x1=0x202f9c942f0 x2=0x202f9c50000
[call] __cxa_atexit x0=0x202f7730338 x1=0x202f9c94308 x2=0x202f9c50000
[call] __cxa_atexit x0=0x202f7730338 x1=0x202f9c94320 x2=0x202f9c50000
[call] __cxa_atexit x0=0x202f7730338 x1=0x202f9c94338 x2=0x202f9c50000
[call] __cxa_atexit x0=0x202f7730338 x1=0x202f9c94350 x2=0x202f9c50000
[call] __cxa_atexit x0=0x202f7730338 x1=0x202f9c94368 x2=0x202f9c50000
[call] __cxa_atexit x0=0x202f7730338 x1=0x202f9c94380 x2=0x202f9c50000
[call] __cxa_atexit x0=0x202f7730338 x1=0x202f9c94398 x2=0x202f9c50000
[call] __cxa_atexit x0=0x202f7730338 x1=0x202f9c943b0 x2=0x202f9c50000
[call] __cxa_atexit x0=0x202f7730338 x1=0x202f9c943c8 x2=0x202f9c50000
[call] __cxa_atexit x0=0x202f7730338 x1=0x202f9c943e0 x2=0x202f9c50000
[call] __cxa_atexit x0=0x202f7730338 x1=0x202f9c943f8 x2=0x202f9c50000
[call] __cxa_atexit x0=0x202f7730338 x1=0x202f9c94410 x2=0x202f9c50000
[call] __cxa_atexit x0=0x202f7730338 x1=0x202f9c94428 x2=0x202f9c50000
[call] __cxa_atexit x0=0x202f7730338 x1=0x202f9c94440 x2=0x202f9c50000
[call] __cxa_atexit x0=0x202f7730338 x1=0x202f9c94458 x2=0x202f9c50000
[call] __cxa_atexit x0=0x202f7730338 x1=0x202f9c94470 x2=0x202f9c50000
[call] __cxa_atexit x0=0x202f7730338 x1=0x202f9c94488 x2=0x202f9c50000
[call] __cxa_atexit x0=0x202f7730338 x1=0x202f9c944a0 x2=0x202f9c50000
[call] __cxa_atexit x0=0x202f7730338 x1=0x202f9c944b8 x2=0x202f9c50000
[call] __cxa_atexit x0=0x202f7730338 x1=0x202f9c944d0 x2=0x202f9c50000
[call] __cxa_atexit x0=0x202f7730338 x1=0x202f9c944e8 x2=0x202f9c50000
[call] __cxa_atexit x0=0x202f7730338 x1=0x202f9c94500 x2=0x202f9c50000
[call] __cxa_atexit x0=0x202f7730338 x1=0x202f9c94518 x2=0x202f9c50000
[call] __cxa_atexit x0=0x202f7730338 x1=0x202f9c94530 x2=0x202f9c50000
[call] __cxa_atexit x0=0x202f7730338 x1=0x202f9c94548 x2=0x202f9c50000
[call] malloc       x0=0x20 x1=0x202f9c94548 x2=0x202f9c50000
[call] __cxa_atexit x0=0x202f7730338 x1=0x202f9c61690 x2=0x202f9c50000
[call] __cxa_atexit x0=0x202f7730338 x1=0x202f9c94560 x2=0x202f9c50000
[call] __cxa_atexit x0=0x202f7730338 x1=0x202f9c94578 x2=0x202f9c50000
[call] __cxa_atexit x0=0x202f7730338 x1=0x202f9c94590 x2=0x202f9c50000
[call] __cxa_atexit x0=0x202f7730338 x1=0x202f9c945a8 x2=0x202f9c50000
[call] malloc       x0=0x20 x1=0x202f9c945a8 x2=0x202f9c50000
[call] __cxa_atexit x0=0x202f7730338 x1=0x202f9c616b0 x2=0x202f9c50000
[call] __cxa_atexit x0=0x202f7730338 x1=0x202f9c945c0 x2=0x202f9c50000
[call] malloc       x0=0x30 x1=0x202f9c945c0 x2=0x202f9c50000
[call] __cxa_atexit x0=0x202f7730338 x1=0x202f9c616d0 x2=0x202f9c50000
[call] malloc       x0=0x20 x1=0x202f9c616d0 x2=0x202f9c50000
[call] __cxa_atexit x0=0x202f7730338 x1=0x202f9c616f0 x2=0x202f9c50000
[call] __cxa_atexit x0=0x202f7730338 x1=0x202f9c945d8 x2=0x202f9c50000
[call] __cxa_atexit x0=0x202f7730338 x1=0x202f9c945f0 x2=0x202f9c50000
[call] malloc       x0=0x20 x1=0x202f9c945f0 x2=0x202f9c50000
[call] __cxa_atexit x0=0x202f7730338 x1=0x202f9c61710 x2=0x202f9c50000
[call] __cxa_atexit x0=0x202f7730338 x1=0x202f9c94608 x2=0x202f9c50000
[call] __cxa_atexit x0=0x202f7730338 x1=0x202f9c94620 x2=0x202f9c50000
[call] __cxa_atexit x0=0x202f7730338 x1=0x202f9c94638 x2=0x202f9c50000
[call] __cxa_atexit x0=0x202f7730338 x1=0x202f9c94650 x2=0x202f9c50000
[call] __cxa_atexit x0=0x202f7730338 x1=0x202f9c94668 x2=0x202f9c50000
[call] __cxa_atexit x0=0x202f7730338 x1=0x202f9c94680 x2=0x202f9c50000
[call] __cxa_atexit x0=0x202f7730338 x1=0x202f9c94698 x2=0x202f9c50000
[call] __cxa_atexit x0=0x202f7730338 x1=0x202f9c946b0 x2=0x202f9c50000
[call] __cxa_atexit x0=0x202f7730338 x1=0x202f9c946c8 x2=0x202f9c50000
[call] malloc       x0=0x20 x1=0x202f9c946c8 x2=0x202f9c50000
[call] __cxa_atexit x0=0x202f7730338 x1=0x202f9c61730 x2=0x202f9c50000
[call] __cxa_atexit x0=0x202f7730338 x1=0x202f9c946e0 x2=0x202f9c50000
[call] __cxa_atexit x0=0x202f7730338 x1=0x202f9c946f8 x2=0x202f9c50000
[call] malloc       x0=0x20 x1=0x202f9c946f8 x2=0x202f9c50000
[call] __cxa_atexit x0=0x202f7730338 x1=0x202f9c61750 x2=0x202f9c50000
[call] __cxa_atexit x0=0x202f7730338 x1=0x202f9c94710 x2=0x202f9c50000
[call] __cxa_atexit x0=0x202f7730338 x1=0x202f9c94728 x2=0x202f9c50000
[call] __cxa_atexit x0=0x202f7730338 x1=0x202f9c94740 x2=0x202f9c50000
[call] __cxa_atexit x0=0x202f7730338 x1=0x202f9c94758 x2=0x202f9c50000
[call] malloc       x0=0x20 x1=0x202f9c94758 x2=0x202f9c50000
[call] __cxa_atexit x0=0x202f7730338 x1=0x202f9c61770 x2=0x202f9c50000
[call] __cxa_atexit x0=0x202f7730338 x1=0x202f9c94770 x2=0x202f9c50000
[call] __cxa_atexit x0=0x202f7730338 x1=0x202f9c94788 x2=0x202f9c50000
[call] malloc       x0=0x20 x1=0x202f9c94788 x2=0x202f9c50000
[call] __cxa_atexit x0=0x202f7730338 x1=0x202f9c61790 x2=0x202f9c50000
[call] __cxa_atexit x0=0x202f7730338 x1=0x202f9c947a0 x2=0x202f9c50000
[call] __cxa_atexit x0=0x202f7730338 x1=0x202f9c947b8 x2=0x202f9c50000
[call] __cxa_atexit x0=0x202f7730338 x1=0x202f9c947d0 x2=0x202f9c50000
[call] __cxa_atexit x0=0x202f7730338 x1=0x202f9c947e8 x2=0x202f9c50000
[call] __cxa_atexit x0=0x202f7730338 x1=0x202f9c94800 x2=0x202f9c50000
[call] __cxa_atexit x0=0x202f7730338 x1=0x202f9c94818 x2=0x202f9c50000
[call] __cxa_atexit x0=0x202f7730338 x1=0x202f9c94830 x2=0x202f9c50000
[call] __cxa_atexit x0=0x202f7730338 x1=0x202f9c94848 x2=0x202f9c50000
[call] __cxa_atexit x0=0x202f7730338 x1=0x202f9c94860 x2=0x202f9c50000
[call] __cxa_atexit x0=0x202f7730338 x1=0x202f9c94878 x2=0x202f9c50000
[call] __cxa_atexit x0=0x202f7730338 x1=0x202f9c94890 x2=0x202f9c50000
[call] __cxa_atexit x0=0x202f7730338 x1=0x202f9c948a8 x2=0x202f9c50000
[call] __cxa_atexit x0=0x202f7730338 x1=0x202f9c948c0 x2=0x202f9c50000
[call] __cxa_atexit x0=0x202f7730338 x1=0x202f9c948d8 x2=0x202f9c50000
[call] __cxa_atexit x0=0x202f7730338 x1=0x202f9c948f0 x2=0x202f9c50000
[call] __cxa_atexit x0=0x202f7730338 x1=0x202f9c94908 x2=0x202f9c50000
[call] __cxa_atexit x0=0x202f7730338 x1=0x202f9c94920 x2=0x202f9c50000
[call] malloc       x0=0x20 x1=0x202f9c94920 x2=0x202f9c50000
[call] __cxa_atexit x0=0x202f7730338 x1=0x202f9c617b0 x2=0x202f9c50000
[call] malloc       x0=0x20 x1=0x202f9c617b0 x2=0x202f9c50000
[call] __cxa_atexit x0=0x202f7730338 x1=0x202f9c617d0 x2=0x202f9c50000
[call] __cxa_atexit x0=0x202f7730338 x1=0x202f9c94938 x2=0x202f9c50000
[call] __cxa_atexit x0=0x202f7730338 x1=0x202f9c94950 x2=0x202f9c50000
[call] __cxa_atexit x0=0x202f7730338 x1=0x202f9c94968 x2=0x202f9c50000
[call] __cxa_atexit x0=0x202f7730338 x1=0x202f9c94980 x2=0x202f9c50000
[call] __cxa_atexit x0=0x202f7730338 x1=0x202f9c94998 x2=0x202f9c50000
[call] __cxa_atexit x0=0x202f7730338 x1=0x202f9c949b0 x2=0x202f9c50000
[call] __cxa_atexit x0=0x202f7730338 x1=0x202f9c949c8 x2=0x202f9c50000
[call] __cxa_atexit x0=0x202f7730338 x1=0x202f9c949e0 x2=0x202f9c50000
[call] __cxa_atexit x0=0x202f7730338 x1=0x202f9c949f8 x2=0x202f9c50000
[call] __cxa_atexit x0=0x202f7730338 x1=0x202f9c94a10 x2=0x202f9c50000
[call] malloc       x0=0x20 x1=0x202f9c94a10 x2=0x202f9c50000
[call] __cxa_atexit x0=0x202f7730338 x1=0x202f9c617f0 x2=0x202f9c50000
[call] __cxa_atexit x0=0x202f7730338 x1=0x202f9c94a28 x2=0x202f9c50000
[call] __cxa_atexit x0=0x202f7730338 x1=0x202f9c94a40 x2=0x202f9c50000
[call] __cxa_atexit x0=0x202f7730338 x1=0x202f9c94a58 x2=0x202f9c50000
[call] __cxa_atexit x0=0x202f7730338 x1=0x202f9c94a70 x2=0x202f9c50000
[call] __cxa_atexit x0=0x202f7730338 x1=0x202f9c94a88 x2=0x202f9c50000
[call] __cxa_atexit x0=0x202f7730338 x1=0x202f9c94aa0 x2=0x202f9c50000
[call] __cxa_atexit x0=0x202f7730338 x1=0x202f9c94ab8 x2=0x202f9c50000
[call] __cxa_atexit x0=0x202f7730338 x1=0x202f9c94ad0 x2=0x202f9c50000
[call] __cxa_atexit x0=0x202f7730338 x1=0x202f9c94ae8 x2=0x202f9c50000
[call] __cxa_atexit x0=0x202f7730338 x1=0x202f9c94b00 x2=0x202f9c50000
[call] __cxa_atexit x0=0x202f7730338 x1=0x202f9c94b18 x2=0x202f9c50000
[call] __cxa_atexit x0=0x202f7730338 x1=0x202f9c94b30 x2=0x202f9c50000
[call] __cxa_atexit x0=0x202f7730338 x1=0x202f9c94b48 x2=0x202f9c50000
[call] __cxa_atexit x0=0x202f7730338 x1=0x202f9c94b60 x2=0x202f9c50000
[call] __cxa_atexit x0=0x202f7730338 x1=0x202f9c94b78 x2=0x202f9c50000
[call] __cxa_atexit x0=0x202f7730338 x1=0x202f9c94b90 x2=0x202f9c50000
[call] __cxa_atexit x0=0x202f7730338 x1=0x202f9c94ba8 x2=0x202f9c50000
[call] __cxa_atexit x0=0x202f7730338 x1=0x202f9c94bc0 x2=0x202f9c50000
[call] __cxa_atexit x0=0x202f7730338 x1=0x202f9c94bd8 x2=0x202f9c50000
[call] __cxa_atexit x0=0x202f7730338 x1=0x202f9c94bf0 x2=0x202f9c50000
[call] __cxa_atexit x0=0x202f7730338 x1=0x202f9c94c08 x2=0x202f9c50000
[call] __cxa_atexit x0=0x202f7730338 x1=0x202f9c94c20 x2=0x202f9c50000
[call] __cxa_atexit x0=0x202f7730338 x1=0x202f9c94c38 x2=0x202f9c50000
[call] __cxa_atexit x0=0x202f7730338 x1=0x202f9c94c50 x2=0x202f9c50000
[call] __cxa_atexit x0=0x202f7730338 x1=0x202f9c94c68 x2=0x202f9c50000
[call] __cxa_atexit x0=0x202f7730338 x1=0x202f9c94c80 x2=0x202f9c50000
[call] __cxa_atexit x0=0x202f7730338 x1=0x202f9c94c98 x2=0x202f9c50000
[call] __cxa_atexit x0=0x202f7730338 x1=0x202f9c94cb0 x2=0x202f9c50000
[call] __cxa_atexit x0=0x202f7730338 x1=0x202f9c94cc8 x2=0x202f9c50000
[call] __cxa_atexit x0=0x202f7730338 x1=0x202f9c94ce0 x2=0x202f9c50000
[call] __cxa_atexit x0=0x202f7730338 x1=0x202f9c94cf8 x2=0x202f9c50000
[call] __cxa_atexit x0=0x202f7730338 x1=0x202f9c94d10 x2=0x202f9c50000
[call] __cxa_atexit x0=0x202f7730338 x1=0x202f9c94d28 x2=0x202f9c50000
[call] __cxa_atexit x0=0x202f7730338 x1=0x202f9c94d40 x2=0x202f9c50000
[call] __cxa_atexit x0=0x202f7730338 x1=0x202f9c94d58 x2=0x202f9c50000
[call] __cxa_atexit x0=0x202f7730338 x1=0x202f9c94d70 x2=0x202f9c50000
[call] __cxa_atexit x0=0x202f7730338 x1=0x202f9c94d88 x2=0x202f9c50000
[call] __cxa_atexit x0=0x202f7730338 x1=0x202f9c94da0 x2=0x202f9c50000
[call] __cxa_atexit x0=0x202f7730338 x1=0x202f9c94db8 x2=0x202f9c50000
[call] __cxa_atexit x0=0x202f7730338 x1=0x202f9c94dd0 x2=0x202f9c50000
[call] __cxa_atexit x0=0x202f7730338 x1=0x202f9c94de8 x2=0x202f9c50000
[call] __cxa_atexit x0=0x202f7730338 x1=0x202f9c94e00 x2=0x202f9c50000
[call] __cxa_atexit x0=0x202f7730338 x1=0x202f9c94e18 x2=0x202f9c50000
[call] __cxa_atexit x0=0x202f7730338 x1=0x202f9c94e30 x2=0x202f9c50000
[call] __cxa_atexit x0=0x202f7730338 x1=0x202f9c94e48 x2=0x202f9c50000
[call] __cxa_atexit x0=0x202f7730338 x1=0x202f9c94e60 x2=0x202f9c50000
[call] __cxa_atexit x0=0x202f7730338 x1=0x202f9c94e78 x2=0x202f9c50000
[call] malloc       x0=0x20 x1=0x202f9c94e78 x2=0x202f9c50000
[call] __cxa_atexit x0=0x202f7730338 x1=0x202f9c61810 x2=0x202f9c50000
[call] __cxa_atexit x0=0x202f7730338 x1=0x202f9c94e90 x2=0x202f9c50000
[call] __cxa_atexit x0=0x202f7730338 x1=0x202f9c94ea8 x2=0x202f9c50000
[call] malloc       x0=0x20 x1=0x202f9c94ea8 x2=0x202f9c50000
[call] __cxa_atexit x0=0x202f7730338 x1=0x202f9c61830 x2=0x202f9c50000
[call] __cxa_atexit x0=0x202f7730338 x1=0x202f9c94ec0 x2=0x202f9c50000
[call] __cxa_atexit x0=0x202f7730338 x1=0x202f9c94ed8 x2=0x202f9c50000
[call] __cxa_atexit x0=0x202f7730338 x1=0x202f9c94ef0 x2=0x202f9c50000
[call] __cxa_atexit x0=0x202f7730338 x1=0x202f9c94f08 x2=0x202f9c50000
[call] __cxa_atexit x0=0x202f7730338 x1=0x202f9c94f20 x2=0x202f9c50000
[call] __cxa_atexit x0=0x202f7730338 x1=0x202f9c94f38 x2=0x202f9c50000
[call] __cxa_atexit x0=0x202f7730338 x1=0x202f9c94f50 x2=0x202f9c50000
[call] __cxa_atexit x0=0x202f7730338 x1=0x202f9c94f68 x2=0x202f9c50000
[call] __cxa_atexit x0=0x202f7730338 x1=0x202f9c94f80 x2=0x202f9c50000
[call] __cxa_atexit x0=0x202f7730338 x1=0x202f9c94f98 x2=0x202f9c50000
[call] __cxa_atexit x0=0x202f7730338 x1=0x202f9c94fb0 x2=0x202f9c50000
[call] __cxa_atexit x0=0x202f7730338 x1=0x202f9c94fc8 x2=0x202f9c50000
[call] __cxa_atexit x0=0x202f7730338 x1=0x202f9c94fe0 x2=0x202f9c50000
[call] malloc       x0=0x30 x1=0x202f9c94fe0 x2=0x202f9c50000
[call] __cxa_atexit x0=0x202f7730338 x1=0x202f9c61850 x2=0x202f9c50000
[call] __cxa_atexit x0=0x202f7730338 x1=0x202f9c94ff8 x2=0x202f9c50000
[call] __cxa_atexit x0=0x202f7730338 x1=0x202f9c95010 x2=0x202f9c50000
[call] __cxa_atexit x0=0x202f7730338 x1=0x202f9c95028 x2=0x202f9c50000
[call] __cxa_atexit x0=0x202f7730338 x1=0x202f9c95040 x2=0x202f9c50000
[call] __cxa_atexit x0=0x202f7730338 x1=0x202f9c95058 x2=0x202f9c50000
[call] __cxa_atexit x0=0x202f7730338 x1=0x202f9c95070 x2=0x202f9c50000
[call] __cxa_atexit x0=0x202f7730338 x1=0x202f9c95088 x2=0x202f9c50000
[call] __cxa_atexit x0=0x202f7730338 x1=0x202f9c950a0 x2=0x202f9c50000
[call] __cxa_atexit x0=0x202f7730338 x1=0x202f9c950b8 x2=0x202f9c50000
[call] __cxa_atexit x0=0x202f7730338 x1=0x202f9c950d0 x2=0x202f9c50000
[call] __cxa_atexit x0=0x202f7730338 x1=0x202f9c950e8 x2=0x202f9c50000
[call] __cxa_atexit x0=0x202f7730338 x1=0x202f9c95100 x2=0x202f9c50000
[call] malloc       x0=0x20 x1=0x202f9c95100 x2=0x202f9c50000
[call] __cxa_atexit x0=0x202f7730338 x1=0x202f9c61870 x2=0x202f9c50000
[call] __cxa_atexit x0=0x202f7730338 x1=0x202f9c95118 x2=0x202f9c50000
[call] __cxa_atexit x0=0x202f7730338 x1=0x202f9c95130 x2=0x202f9c50000
[call] __cxa_atexit x0=0x202f7730338 x1=0x202f9c95148 x2=0x202f9c50000
[call] __cxa_atexit x0=0x202f7730338 x1=0x202f9c95160 x2=0x202f9c50000
[call] __cxa_atexit x0=0x202f7730338 x1=0x202f9c95178 x2=0x202f9c50000
[call] malloc       x0=0x20 x1=0x202f9c95178 x2=0x202f9c50000
[call] __cxa_atexit x0=0x202f7730338 x1=0x202f9c61890 x2=0x202f9c50000
[call] malloc       x0=0x20 x1=0x202f9c61890 x2=0x202f9c50000
[call] __cxa_atexit x0=0x202f7730338 x1=0x202f9c618b0 x2=0x202f9c50000
[call] __cxa_atexit x0=0x202f7730338 x1=0x202f9c95190 x2=0x202f9c50000
[call] __cxa_atexit x0=0x202f7730338 x1=0x202f9c951a8 x2=0x202f9c50000
[call] __cxa_atexit x0=0x202f7730338 x1=0x202f9c951c0 x2=0x202f9c50000
[call] __cxa_atexit x0=0x202f7730338 x1=0x202f9c951d8 x2=0x202f9c50000
[call] __cxa_atexit x0=0x202f7730338 x1=0x202f9c951f0 x2=0x202f9c50000
[call] __cxa_atexit x0=0x202f7730338 x1=0x202f9c95208 x2=0x202f9c50000
[call] malloc       x0=0x20 x1=0x202f9c95208 x2=0x202f9c50000
[call] __cxa_atexit x0=0x202f7730338 x1=0x202f9c618d0 x2=0x202f9c50000
[call] __cxa_atexit x0=0x202f7730338 x1=0x202f9c95220 x2=0x202f9c50000
[call] __cxa_atexit x0=0x202f7730338 x1=0x202f9c95238 x2=0x202f9c50000
[call] __cxa_atexit x0=0x202f7730338 x1=0x202f9c95250 x2=0x202f9c50000
[call] __cxa_atexit x0=0x202f7730338 x1=0x202f9c95268 x2=0x202f9c50000
[call] malloc       x0=0x20 x1=0x202f9c95268 x2=0x202f9c50000
[call] __cxa_atexit x0=0x202f7730338 x1=0x202f9c618f0 x2=0x202f9c50000
[call] malloc       x0=0x20 x1=0x202f9c618f0 x2=0x202f9c50000
[call] __cxa_atexit x0=0x202f7730338 x1=0x202f9c61910 x2=0x202f9c50000
[call] __cxa_atexit x0=0x202f7730338 x1=0x202f9c95280 x2=0x202f9c50000
[call] __cxa_atexit x0=0x202f7730338 x1=0x202f9c95298 x2=0x202f9c50000
[call] __cxa_atexit x0=0x202f7730338 x1=0x202f9c952b0 x2=0x202f9c50000
[call] __cxa_atexit x0=0x202f7730338 x1=0x202f9c952c8 x2=0x202f9c50000
[call] __cxa_atexit x0=0x202f7730338 x1=0x202f9c952e0 x2=0x202f9c50000
[call] __cxa_atexit x0=0x202f7730338 x1=0x202f9c952f8 x2=0x202f9c50000
[call] __cxa_atexit x0=0x202f7730338 x1=0x202f9c95310 x2=0x202f9c50000
[call] __cxa_atexit x0=0x202f7730338 x1=0x202f9c95328 x2=0x202f9c50000
[call] __cxa_atexit x0=0x202f7730338 x1=0x202f9c95340 x2=0x202f9c50000
[call] __cxa_atexit x0=0x202f7730338 x1=0x202f9c95358 x2=0x202f9c50000
[call] __cxa_atexit x0=0x202f7730338 x1=0x202f9c95370 x2=0x202f9c50000
[call] __cxa_atexit x0=0x202f7730338 x1=0x202f9c95388 x2=0x202f9c50000
[call] __cxa_atexit x0=0x202f7730338 x1=0x202f9c953a0 x2=0x202f9c50000
[call] __cxa_atexit x0=0x202f7730338 x1=0x202f9c953b8 x2=0x202f9c50000
[call] __cxa_atexit x0=0x202f7730338 x1=0x202f9c953d0 x2=0x202f9c50000
[call] __cxa_atexit x0=0x202f7730338 x1=0x202f9c953e8 x2=0x202f9c50000
[call] __cxa_atexit x0=0x202f7730338 x1=0x202f9c95400 x2=0x202f9c50000
[call] __cxa_atexit x0=0x202f7730338 x1=0x202f9c95418 x2=0x202f9c50000
[call] malloc       x0=0x20 x1=0x202f9c95418 x2=0x202f9c50000
[call] __cxa_atexit x0=0x202f7730338 x1=0x202f9c61930 x2=0x202f9c50000
[call] malloc       x0=0x20 x1=0x202f9c61930 x2=0x202f9c50000
[call] __cxa_atexit x0=0x202f7730338 x1=0x202f9c61950 x2=0x202f9c50000
[call] __cxa_atexit x0=0x202f7730338 x1=0x202f9c95430 x2=0x202f9c50000
[call] __cxa_atexit x0=0x202f7730338 x1=0x202f9c95448 x2=0x202f9c50000
[call] __cxa_atexit x0=0x202f7730338 x1=0x202f9c95460 x2=0x202f9c50000
[call] __cxa_atexit x0=0x202f7730338 x1=0x202f9c95478 x2=0x202f9c50000
[call] __cxa_atexit x0=0x202f7730338 x1=0x202f9c95490 x2=0x202f9c50000
[call] __cxa_atexit x0=0x202f7730338 x1=0x202f9c954a8 x2=0x202f9c50000
[call] __cxa_atexit x0=0x202f7730338 x1=0x202f9c954c0 x2=0x202f9c50000
[call] __cxa_atexit x0=0x202f7730338 x1=0x202f9c954d8 x2=0x202f9c50000
[call] __cxa_atexit x0=0x202f7730338 x1=0x202f9c954f0 x2=0x202f9c50000
[call] __cxa_atexit x0=0x202f7730338 x1=0x202f9c95508 x2=0x202f9c50000
[call] __cxa_atexit x0=0x202f7730338 x1=0x202f9c95520 x2=0x202f9c50000
[call] __cxa_atexit x0=0x202f7730338 x1=0x202f9c95538 x2=0x202f9c50000
[call] __cxa_atexit x0=0x202f7730338 x1=0x202f9c95550 x2=0x202f9c50000
[call] __cxa_atexit x0=0x202f7730338 x1=0x202f9c95568 x2=0x202f9c50000
[call] __cxa_atexit x0=0x202f7730338 x1=0x202f9c95580 x2=0x202f9c50000
[call] __cxa_atexit x0=0x202f7730338 x1=0x202f9c95598 x2=0x202f9c50000
[call] __cxa_atexit x0=0x202f7730338 x1=0x202f9c955b0 x2=0x202f9c50000
[call] __cxa_atexit x0=0x202f7730338 x1=0x202f9c955c8 x2=0x202f9c50000
[call] malloc       x0=0x20 x1=0x202f9c955c8 x2=0x202f9c50000
[call] __cxa_atexit x0=0x202f7730338 x1=0x202f9c61970 x2=0x202f9c50000
[call] __cxa_atexit x0=0x202f7730338 x1=0x202f9c955e0 x2=0x202f9c50000
[call] __cxa_atexit x0=0x202f7730338 x1=0x202f9c955f8 x2=0x202f9c50000
[call] __cxa_atexit x0=0x202f7730338 x1=0x202f9c95610 x2=0x202f9c50000
[call] __cxa_atexit x0=0x202f7730338 x1=0x202f9c95628 x2=0x202f9c50000
[call] __cxa_atexit x0=0x202f7730338 x1=0x202f9c95640 x2=0x202f9c50000
[call] __cxa_atexit x0=0x202f7730338 x1=0x202f9c95658 x2=0x202f9c50000
[call] __cxa_atexit x0=0x202f7730338 x1=0x202f9c95670 x2=0x202f9c50000
[call] __cxa_atexit x0=0x202f7730338 x1=0x202f9c95688 x2=0x202f9c50000
[call] __cxa_atexit x0=0x202f7730338 x1=0x202f9c956a0 x2=0x202f9c50000
[call] malloc       x0=0x30 x1=0x202f9c956a0 x2=0x202f9c50000
[call] __cxa_atexit x0=0x202f7730338 x1=0x202f9c619b0 x2=0x202f9c50000
[call] malloc       x0=0x20 x1=0x202f9c619b0 x2=0x202f9c50000
[call] __cxa_atexit x0=0x202f7730338 x1=0x202f9c619d0 x2=0x202f9c50000
[call] __cxa_atexit x0=0x202f7730338 x1=0x202f9c956d0 x2=0x202f9c50000
[call] malloc       x0=0x30 x1=0x202f9c956d0 x2=0x202f9c50000
[call] __cxa_atexit x0=0x202f7730338 x1=0x202f9c61a10 x2=0x202f9c50000
[call] malloc       x0=0x20 x1=0x202f9c61a10 x2=0x202f9c50000
[call] __cxa_atexit x0=0x202f7730338 x1=0x202f9c61a30 x2=0x202f9c50000
[call] malloc       x0=0x30 x1=0x202f9c61a30 x2=0x202f9c50000
[call] __cxa_atexit x0=0x202f7730338 x1=0x202f9c61a70 x2=0x202f9c50000
[call] malloc       x0=0x20 x1=0x202f9c61a70 x2=0x202f9c50000
[call] __cxa_atexit x0=0x202f7730338 x1=0x202f9c61a90 x2=0x202f9c50000
[call] malloc       x0=0x30 x1=0x202f9c61a90 x2=0x202f9c50000
[call] __cxa_atexit x0=0x202f7730338 x1=0x202f9c61ad0 x2=0x202f9c50000
[call] malloc       x0=0x20 x1=0x202f9c61ad0 x2=0x202f9c50000
[call] __cxa_atexit x0=0x202f7730338 x1=0x202f9c61af0 x2=0x202f9c50000
[call] __cxa_atexit x0=0x202f7730338 x1=0x202f9c957f0 x2=0x202f9c50000
[call] malloc       x0=0x30 x1=0x202f9c957f0 x2=0x202f9c50000
[call] __cxa_atexit x0=0x202f7730338 x1=0x202f9c61b30 x2=0x202f9c50000
[call] malloc       x0=0x20 x1=0x202f9c61b30 x2=0x202f9c50000
[call] __cxa_atexit x0=0x202f7730338 x1=0x202f9c61b50 x2=0x202f9c50000
[call] __cxa_atexit x0=0x202f7730338 x1=0x202f9c95808 x2=0x202f9c50000
[call] malloc       x0=0x30 x1=0x202f9c95808 x2=0x202f9c50000
[call] __cxa_atexit x0=0x202f7730338 x1=0x202f9c61bd0 x2=0x202f9c50000
[call] malloc       x0=0x20 x1=0x202f9c61bd0 x2=0x202f9c50000
[call] __cxa_atexit x0=0x202f7730338 x1=0x202f9c61bf0 x2=0x202f9c50000
[call] __cxa_atexit x0=0x202f7730338 x1=0x202f9c95820 x2=0x202f9c50000
[call] malloc       x0=0x30 x1=0x202f9c95820 x2=0x202f9c50000
[call] __cxa_atexit x0=0x202f7730338 x1=0x202f9c61c50 x2=0x202f9c50000
[call] malloc       x0=0x20 x1=0x202f9c61c50 x2=0x202f9c50000
[call] __cxa_atexit x0=0x202f7730338 x1=0x202f9c61c70 x2=0x202f9c50000
[call] malloc       x0=0x30 x1=0x202f9c61c70 x2=0x202f9c50000
[call] __cxa_atexit x0=0x202f7730338 x1=0x202f9c61cb0 x2=0x202f9c50000
[call] malloc       x0=0x20 x1=0x202f9c61cb0 x2=0x202f9c50000
[call] __cxa_atexit x0=0x202f7730338 x1=0x202f9c61cd0 x2=0x202f9c50000
[call] __cxa_atexit x0=0x202f7730338 x1=0x202f9c95838 x2=0x202f9c50000
[call] malloc       x0=0x30 x1=0x202f9c95838 x2=0x202f9c50000
[call] __cxa_atexit x0=0x202f7730338 x1=0x202f9c61d10 x2=0x202f9c50000
[call] malloc       x0=0x20 x1=0x202f9c61d10 x2=0x202f9c50000
[call] __cxa_atexit x0=0x202f7730338 x1=0x202f9c61d30 x2=0x202f9c50000
[call] __cxa_atexit x0=0x202f7730338 x1=0x202f9c95850 x2=0x202f9c50000
[call] malloc       x0=0x58 x1=0x202fccc4580 x2=0x202f9c50000
[call] memcmp       x0=0x202f1c70031 x1=0x202fccc45b9 x2=0x1
[call] malloc       x0=0x58 x1=0x202fccc45b9 x2=0x1
[call] memcmp       x0=0x202f1c70451 x1=0x202fccc45f1 x2=0x7
[call] malloc       x0=0x58 x1=0x202fccc45f1 x2=0x7
[call] memcmp       x0=0x202f1c6fb51 x1=0x202fccc4629 x2=0x7
[call] memcmp       x0=0x202fccc4629 x1=0x202f1c70451 x2=0x7
[call] memcmp       x0=0x202f1c70451 x1=0x202fccc4629 x2=0x7
[call] memcmp       x0=0x202fccc4629 x1=0x202f1c6fb51 x2=0x7
[call] malloc       x0=0x58 x1=0x202f1c6fb51 x2=0x7
[call] memcmp       x0=0x202f1c6fb51 x1=0x202fccc4661 x2=0x7
[call] memcmp       x0=0x202fccc4661 x1=0x202f1c70451 x2=0x7
[call] memcmp       x0=0x202f1c70451 x1=0x202fccc4661 x2=0x7
[call] memcmp       x0=0x202fccc4661 x1=0x202f1c6fb51 x2=0x7
[call] memcmp       x0=0x202fccc4661 x1=0x202f1c6fe51 x2=0x7
[call] memcmp       x0=0x202f1c6fe51 x1=0x202fccc4661 x2=0x7
[call] malloc       x0=0x58 x1=0x202fccc4661 x2=0x7
[call] malloc       x0=0x58 x1=0x202fccc4698 x2=0
[call] memcmp       x0=0x202f1c6fb51 x1=0x202fccc46d1 x2=0x7
[call] malloc       x0=0x58 x1=0x202fccc46d1 x2=0x7
[call] memcmp       x0=0x202f1c70511 x1=0x202fccc4709 x2=0x1
[call] memcmp       x0=0x202fccc4709 x1=0x202f1c70451 x2=0x1
[call] memcmp       x0=0x202fccc4709 x1=0x202f1c70031 x2=0x1
[call] memcmp       x0=0x202f1c70031 x1=0x202fccc4709 x2=0x1
[call] malloc       x0=0x58 x1=0x202fccc4709 x2=0x1
[call] memcmp       x0=0x202f1c70511 x1=0x202fccc4741 x2=0x1
[call] memcmp       x0=0x202fccc4741 x1=0x202f1c70451 x2=0x1
[call] memcmp       x0=0x202f1c70451 x1=0x202fccc4741 x2=0x1
[call] memcmp       x0=0x202fccc4741 x1=0x202f1c70091 x2=0x1
[call] memcmp       x0=0x202f1c70091 x1=0x202fccc4741 x2=0x1
[call] memcmp       x0=0x202fccc4741 x1=0x202f1c6fb51 x2=0x1
[call] memcmp       x0=0x202f1c6fb51 x1=0x202fccc4741 x2=0x1
[call] memcmp       x0=0x202fccc4741 x1=0x202f1c70511 x2=0x1
[call] malloc       x0=0x58 x1=0x202f1c70511 x2=0x1
[call] memcmp       x0=0x202f1c70511 x1=0x202fccc4779 x2=0x1
[call] memcmp       x0=0x202fccc4779 x1=0x202f1c70451 x2=0x1
[call] memcmp       x0=0x202fccc4779 x1=0x202f1c70031 x2=0x1
[call] memcmp       x0=0x202f1c70031 x1=0x202fccc4779 x2=0x1
[call] memcmp       x0=0x202fccc4779 x1=0x202f1c70151 x2=0x1
[call] malloc       x0=0x58 x1=0x202f1c70151 x2=0x1
[call] memcmp       x0=0x202f1c70511 x1=0x202fccc47b1 x2=0x1
[call] memcmp       x0=0x202fccc47b1 x1=0x202f1c70451 x2=0x1
[call] memcmp       x0=0x202f1c70451 x1=0x202fccc47b1 x2=0x1
[call] memcmp       x0=0x202fccc47b1 x1=0x202f1c70091 x2=0x1
[call] memcmp       x0=0x202fccc47b1 x1=0x202f1c6fe51 x2=0x1
[call] memcmp       x0=0x202f1c6fe51 x1=0x202fccc47b1 x2=0x1
[call] malloc       x0=0x58 x1=0x202fccc47b1 x2=0x1
[call] memcmp       x0=0x202f1c70511 x1=0x202fccc47e9 x2=0x3
[call] memcmp       x0=0x202fccc47e9 x1=0x202f1c70451 x2=0x3
[call] memcmp       x0=0x202fccc47e9 x1=0x202f1c70031 x2=0x1
[call] memcmp       x0=0x202f1c70031 x1=0x202fccc47e9 x2=0x1
[call] memcmp       x0=0x202fccc47e9 x1=0x202f1c70151 x2=0x1
[call] memcmp       x0=0x202f1c70151 x1=0x202fccc47e9 x2=0x1
[call] malloc       x0=0x58 x1=0x202fccc47e9 x2=0x1
[call] memcmp       x0=0x202f1c70511 x1=0x202fccc4821 x2=0x3
[call] memcmp       x0=0x202fccc4821 x1=0x202f1c70451 x2=0x3
[call] memcmp       x0=0x202f1c70451 x1=0x202fccc4821 x2=0x3
[call] memcmp       x0=0x202fccc4821 x1=0x202f1c70091 x2=0x3
[call] memcmp       x0=0x202fccc4821 x1=0x202f1c6fe51 x2=0x3
[call] memcmp       x0=0x202f1c6fe51 x1=0x202fccc4821 x2=0x3
[call] memcmp       x0=0x202fccc4821 x1=0x202f1c6fbb1 x2=0x1
[call] memcmp       x0=0x202f1c6fbb1 x1=0x202fccc4821 x2=0x1
[call] malloc       x0=0x58 x1=0x202fccc4821 x2=0x1
[call] memcmp       x0=0x202f1c70511 x1=0x202fccc4859 x2=0x3
[call] memcmp       x0=0x202fccc4859 x1=0x202f1c70451 x2=0x3
[call] memcmp       x0=0x202f1c70451 x1=0x202fccc4859 x2=0x3
[call] memcmp       x0=0x202fccc4859 x1=0x202f1c70091 x2=0x3
[call] memcmp       x0=0x202f1c70091 x1=0x202fccc4859 x2=0x3
[call] memcmp       x0=0x202fccc4859 x1=0x202f1c701b1 x2=0x1
[call] memcmp       x0=0x202f1c701b1 x1=0x202fccc4859 x2=0x1
[call] memcmp       x0=0x202fccc4859 x1=0x202f1c70511 x2=0x3
[call] malloc       x0=0x58 x1=0x202f1c70511 x2=0x3
[call] memcmp       x0=0x202f1c70511 x1=0x202fccc4891 x2=0x3
[call] memcmp       x0=0x202fccc4891 x1=0x202f1c70451 x2=0x3
[call] memcmp       x0=0x202fccc4891 x1=0x202f1c70031 x2=0x1
[call] memcmp       x0=0x202f1c70031 x1=0x202fccc4891 x2=0x1
[call] memcmp       x0=0x202fccc4891 x1=0x202f1c70151 x2=0x1
[call] memcmp       x0=0x202fccc4891 x1=0x202f1c70211 x2=0x1
[call] memcmp       x0=0x202f1c70211 x1=0x202fccc4891 x2=0x1
[call] malloc       x0=0x58 x1=0x202fccc4891 x2=0x1
[call] memcmp       x0=0x202f1c70511 x1=0x202fccc48c9 x2=0x3
[call] memcmp       x0=0x202fccc48c9 x1=0x202f1c70451 x2=0x3
[call] memcmp       x0=0x202fccc48c9 x1=0x202f1c70031 x2=0x1
[call] memcmp       x0=0x202f1c70031 x1=0x202fccc48c9 x2=0x1
[call] memcmp       x0=0x202fccc48c9 x1=0x202f1c70151 x2=0x1
[call] memcmp       x0=0x202fccc48c9 x1=0x202f1c70211 x2=0x1
[call] memcmp       x0=0x202f1c70211 x1=0x202fccc48c9 x2=0x1
[call] memcmp       x0=0x202fccc48c9 x1=0x202f1c6f851 x2=0x3
[call] memcmp       x0=0x202f1c6f851 x1=0x202fccc48c9 x2=0x3
[call] malloc       x0=0x58 x1=0x202fccc48c9 x2=0x3
[call] memcmp       x0=0x202f1c70511 x1=0x202fccc4901 x2=0x3
[call] memcmp       x0=0x202fccc4901 x1=0x202f1c70451 x2=0x3
[call] memcmp       x0=0x202f1c70451 x1=0x202fccc4901 x2=0x3
[call] memcmp       x0=0x202fccc4901 x1=0x202f1c70091 x2=0x3
[call] memcmp       x0=0x202f1c70091 x1=0x202fccc4901 x2=0x3
[call] memcmp       x0=0x202fccc4901 x1=0x202f1c701b1 x2=0x1
[call] memcmp       x0=0x202f1c701b1 x1=0x202fccc4901 x2=0x1
[call] memcmp       x0=0x202fccc4901 x1=0x202f1c70511 x2=0x3
[call] memcmp       x0=0x202fccc4901 x1=0x202f1c6f8b1 x2=0x3
[call] memcmp       x0=0x202f1c6f8b1 x1=0x202fccc4901 x2=0x3
[call] malloc       x0=0x58 x1=0x202fccc4901 x2=0x3
[call] memcmp       x0=0x202f1c70511 x1=0x202fccc4939 x2=0x3
[call] memcmp       x0=0x202fccc4939 x1=0x202f1c70451 x2=0x3
[call] memcmp       x0=0x202f1c70451 x1=0x202fccc4939 x2=0x3
[call] memcmp       x0=0x202fccc4939 x1=0x202f1c70091 x2=0x3
[call] memcmp       x0=0x202f1c70091 x1=0x202fccc4939 x2=0x3
[call] memcmp       x0=0x202fccc4939 x1=0x202f1c701b1 x2=0x1
[call] memcmp       x0=0x202f1c701b1 x1=0x202fccc4939 x2=0x1
[call] memcmp       x0=0x202fccc4939 x1=0x202f1c70331 x2=0x3
[call] memcmp       x0=0x202fccc4939 x1=0x202f1c6f8b1 x2=0x3
[call] memcmp       x0=0x202f1c6f8b1 x1=0x202fccc4939 x2=0x3
[call] malloc       x0=0x58 x1=0x202fccc4939 x2=0x3
[call] memcmp       x0=0x202f1c70511 x1=0x202fccc4971 x2=0x3
[call] memcmp       x0=0x202fccc4971 x1=0x202f1c70451 x2=0x3
[call] memcmp       x0=0x202fccc4971 x1=0x202f1c70031 x2=0x1
[call] memcmp       x0=0x202f1c70031 x1=0x202fccc4971 x2=0x1
[call] memcmp       x0=0x202fccc4971 x1=0x202f1c70151 x2=0x1
[call] memcmp       x0=0x202fccc4971 x1=0x202f1c6f851 x2=0x3
[call] memcmp       x0=0x202f1c6f851 x1=0x202fccc4971 x2=0x3
[call] memcmp       x0=0x202fccc4971 x1=0x202f1c702d1 x2=0x3
[call] memcmp       x0=0x202f1c702d1 x1=0x202fccc4971 x2=0x3
[call] malloc       x0=0x58 x1=0x202fccc4971 x2=0x3
[call] memcmp       x0=0x202f1c70511 x1=0x202fccc49a9 x2=0x5
[call] memcmp       x0=0x202fccc49a9 x1=0x202f1c70451 x2=0x5
[call] memcmp       x0=0x202fccc49a9 x1=0x202f1c6f851 x2=0x3
[call] memcmp       x0=0x202f1c6f851 x1=0x202fccc49a9 x2=0x3
[call] memcmp       x0=0x202fccc49a9 x1=0x202f1c70151 x2=0x1
[call] memcmp       x0=0x202fccc49a9 x1=0x202f1c702d1 x2=0x3
[call] memcmp       x0=0x202f1c702d1 x1=0x202fccc49a9 x2=0x3
[call] memcmp       x0=0x202fccc49a9 x1=0x202f1c6f911 x2=0x3
[call] malloc       x0=0x58 x1=0x202f1c6f911 x2=0x3
[call] memcmp       x0=0x202f1c70511 x1=0x202fccc49e1 x2=0x5
[call] memcmp       x0=0x202fccc49e1 x1=0x202f1c70451 x2=0x5
[call] memcmp       x0=0x202f1c70451 x1=0x202fccc49e1 x2=0x5
[call] memcmp       x0=0x202fccc49e1 x1=0x202f1c701b1 x2=0x1
[call] memcmp       x0=0x202f1c701b1 x1=0x202fccc49e1 x2=0x1
[call] memcmp       x0=0x202fccc49e1 x1=0x202f1c70331 x2=0x3
[call] memcmp       x0=0x202fccc49e1 x1=0x202f1c6f8b1 x2=0x3
[call] memcmp       x0=0x202f1c6f8b1 x1=0x202fccc49e1 x2=0x3
[call] memcmp       x0=0x202fccc49e1 x1=0x202f1c70391 x2=0x3
[call] memcmp       x0=0x202f1c70391 x1=0x202fccc49e1 x2=0x3
[call] malloc       x0=0x58 x1=0x202fccc49e1 x2=0x3
[call] memcmp       x0=0x202f1c70511 x1=0x202fccc4a19 x2=0x5
[call] memcmp       x0=0x202fccc4a19 x1=0x202f1c70451 x2=0x5
[call] memcmp       x0=0x202fccc4a19 x1=0x202f1c6f851 x2=0x3
[call] memcmp       x0=0x202f1c6f851 x1=0x202fccc4a19 x2=0x3
[call] memcmp       x0=0x202fccc4a19 x1=0x202f1c70151 x2=0x1
[call] memcmp       x0=0x202fccc4a19 x1=0x202f1c6fa91 x2=0x5
[call] memcmp       x0=0x202f1c6fa91 x1=0x202fccc4a19 x2=0x5
[call] memcmp       x0=0x202fccc4a19 x1=0x202f1c6f911 x2=0x3
[call] memcmp       x0=0x202f1c6f911 x1=0x202fccc4a19 x2=0x3
[call] malloc       x0=0x58 x1=0x202fccc4a19 x2=0x3
[call] memcmp       x0=0x202f1c70511 x1=0x202fccc4a51 x2=0x5
[call] memcmp       x0=0x202fccc4a51 x1=0x202f1c70451 x2=0x5
[call] memcmp       x0=0x202f1c70451 x1=0x202fccc4a51 x2=0x5
[call] memcmp       x0=0x202fccc4a51 x1=0x202f1c701b1 x2=0x1
[call] memcmp       x0=0x202f1c701b1 x1=0x202fccc4a51 x2=0x1
[call] memcmp       x0=0x202fccc4a51 x1=0x202f1c70331 x2=0x3
[call] memcmp       x0=0x202f1c70331 x1=0x202fccc4a51 x2=0x3
[call] memcmp       x0=0x202fccc4a51 x1=0x202f1c70511 x2=0x5
[call] malloc       x0=0x58 x1=0x202f1c70511 x2=0x5
[call] memcmp       x0=0x202f1c70511 x1=0x202fccc4a89 x2=0x5
[call] memcmp       x0=0x202fccc4a89 x1=0x202f1c70451 x2=0x5
[call] memcmp       x0=0x202fccc4a89 x1=0x202f1c6f851 x2=0x3
[call] memcmp       x0=0x202f1c6f851 x1=0x202fccc4a89 x2=0x3
[call] memcmp       x0=0x202fccc4a89 x1=0x202f1c70151 x2=0x1
[call] memcmp       x0=0x202fccc4a89 x1=0x202f1c6fa91 x2=0x5
[call] memcmp       x0=0x202fccc4a89 x1=0x202f1c702d1 x2=0x3
[call] memcmp       x0=0x202f1c702d1 x1=0x202fccc4a89 x2=0x3
[call] malloc       x0=0x58 x1=0x202fccc4a89 x2=0x3
[call] memcmp       x0=0x202f1c70511 x1=0x202fccc4ac1 x2=0x5
[call] memcmp       x0=0x202fccc4ac1 x1=0x202f1c70451 x2=0x5
[call] memcmp       x0=0x202f1c70451 x1=0x202fccc4ac1 x2=0x5
[call] memcmp       x0=0x202fccc4ac1 x1=0x202f1c701b1 x2=0x1
[call] memcmp       x0=0x202f1c701b1 x1=0x202fccc4ac1 x2=0x1
[call] memcmp       x0=0x202fccc4ac1 x1=0x202f1c70331 x2=0x3
[call] memcmp       x0=0x202fccc4ac1 x1=0x202f1c70391 x2=0x3
[call] memcmp       x0=0x202f1c70391 x1=0x202fccc4ac1 x2=0x3
[call] memcmp       x0=0x202fccc4ac1 x1=0x202f1c6faf1 x2=0x5
[call] memcmp       x0=0x202f1c6faf1 x1=0x202fccc4ac1 x2=0x5
[call] malloc       x0=0x58 x1=0x202fccc4ac1 x2=0x5
[call] memcmp       x0=0x202f1c70511 x1=0x202fccc4af9 x2=0x5
[call] memcmp       x0=0x202fccc4af9 x1=0x202f1c70451 x2=0x5
[call] memcmp       x0=0x202fccc4af9 x1=0x202f1c6f851 x2=0x3
[call] memcmp       x0=0x202f1c6f851 x1=0x202fccc4af9 x2=0x3
[call] memcmp       x0=0x202fccc4af9 x1=0x202f1c70151 x2=0x1
[call] memcmp       x0=0x202fccc4af9 x1=0x202f1c6fa91 x2=0x5
[call] memcmp       x0=0x202f1c6fa91 x1=0x202fccc4af9 x2=0x5
[call] memcmp       x0=0x202fccc4af9 x1=0x202f1c6f911 x2=0x3
[call] memcmp       x0=0x202f1c6f911 x1=0x202fccc4af9 x2=0x3
[call] memcmp       x0=0x202fccc4af9 x1=0x202f1c703f1 x2=0x5
[call] malloc       x0=0x58 x1=0x202f1c703f1 x2=0x5
[call] memcmp       x0=0x202f1c70511 x1=0x202fccc4b31 x2=0x5
[call] memcmp       x0=0x202fccc4b31 x1=0x202f1c70451 x2=0x5
[call] memcmp       x0=0x202f1c70451 x1=0x202fccc4b31 x2=0x5
[call] memcmp       x0=0x202fccc4b31 x1=0x202f1c701b1 x2=0x1
[call] memcmp       x0=0x202f1c701b1 x1=0x202fccc4b31 x2=0x1
[call] memcmp       x0=0x202fccc4b31 x1=0x202f1c70331 x2=0x3
[call] memcmp       x0=0x202f1c70331 x1=0x202fccc4b31 x2=0x3
[call] memcmp       x0=0x202fccc4b31 x1=0x202f1c70511 x2=0x5
[call] memcmp       x0=0x202fccc4b31 x1=0x202f1c704b1 x2=0x5
[call] memcmp       x0=0x202f1c704b1 x1=0x202fccc4b31 x2=0x5
[call] malloc       x0=0x58 x1=0x202fccc4b31 x2=0x5
[call] memcmp       x0=0x202f1c70511 x1=0x202fccc4b69 x2=0x6
[call] memcmp       x0=0x202fccc4b69 x1=0x202f1c70451 x2=0x6
[call] memcmp       x0=0x202fccc4b69 x1=0x202f1c6f851 x2=0x3
[call] memcmp       x0=0x202f1c6f851 x1=0x202fccc4b69 x2=0x3
[call] memcmp       x0=0x202fccc4b69 x1=0x202f1c70151 x2=0x1
[call] memcmp       x0=0x202fccc4b69 x1=0x202f1c6fa91 x2=0x5
[call] memcmp       x0=0x202fccc4b69 x1=0x202f1c702d1 x2=0x3
[call] memcmp       x0=0x202f1c702d1 x1=0x202fccc4b69 x2=0x3
[call] memcmp       x0=0x202fccc4b69 x1=0x202f1c6fa31 x2=0x5
[call] memcmp       x0=0x202f1c6fa31 x1=0x202fccc4b69 x2=0x5
[call] malloc       x0=0x58 x1=0x202fccc4b69 x2=0x5
[call] memcmp       x0=0x202f1c70511 x1=0x202fccc4ba1 x2=0x6
[call] memcmp       x0=0x202fccc4ba1 x1=0x202f1c70451 x2=0x6
[call] memcmp       x0=0x202f1c70451 x1=0x202fccc4ba1 x2=0x6
[call] memcmp       x0=0x202fccc4ba1 x1=0x202f1c701b1 x2=0x1
[call] memcmp       x0=0x202f1c701b1 x1=0x202fccc4ba1 x2=0x1
[call] memcmp       x0=0x202fccc4ba1 x1=0x202f1c70331 x2=0x3
[call] memcmp       x0=0x202fccc4ba1 x1=0x202f1c70391 x2=0x3
[call] memcmp       x0=0x202f1c70391 x1=0x202fccc4ba1 x2=0x3
[call] memcmp       x0=0x202fccc4ba1 x1=0x202f1c6faf1 x2=0x5
[call] memcmp       x0=0x202f1c6faf1 x1=0x202fccc4ba1 x2=0x5
[call] memcmp       x0=0x202fccc4ba1 x1=0x202f1c70571 x2=0x5
[call] malloc       x0=0x58 x1=0x202f1c70571 x2=0x5
[call] memcmp       x0=0x202f1c70511 x1=0x202fccc4bd9 x2=0x6
[call] memcmp       x0=0x202fccc4bd9 x1=0x202f1c70451 x2=0x6
[call] memcmp       x0=0x202fccc4bd9 x1=0x202f1c6f851 x2=0x3
[call] memcmp       x0=0x202f1c6f851 x1=0x202fccc4bd9 x2=0x3
[call] memcmp       x0=0x202fccc4bd9 x1=0x202f1c70151 x2=0x1
[call] memcmp       x0=0x202fccc4bd9 x1=0x202f1c6fa91 x2=0x5
[call] memcmp       x0=0x202f1c6fa91 x1=0x202fccc4bd9 x2=0x5
[call] memcmp       x0=0x202fccc4bd9 x1=0x202f1c70631 x2=0x5
[call] memcmp       x0=0x202f1c70631 x1=0x202fccc4bd9 x2=0x5
[call] memcmp       x0=0x202fccc4bd9 x1=0x202f1c703f1 x2=0x5
[call] malloc       x0=0x58 x1=0x202f1c703f1 x2=0x5
[call] memcmp       x0=0x202f1c70511 x1=0x202fccc4c11 x2=0x6
[call] memcmp       x0=0x202fccc4c11 x1=0x202f1c70451 x2=0x6
[call] memcmp       x0=0x202f1c70451 x1=0x202fccc4c11 x2=0x6
[call] memcmp       x0=0x202fccc4c11 x1=0x202f1c701b1 x2=0x1
[call] memcmp       x0=0x202f1c701b1 x1=0x202fccc4c11 x2=0x1
[call] memcmp       x0=0x202fccc4c11 x1=0x202f1c70331 x2=0x3
[call] memcmp       x0=0x202f1c70331 x1=0x202fccc4c11 x2=0x3
[call] memcmp       x0=0x202fccc4c11 x1=0x202f1c6fc11 x2=0x5
[call] memcmp       x0=0x202fccc4c11 x1=0x202f1c704b1 x2=0x5
[call] memcmp       x0=0x202f1c704b1 x1=0x202fccc4c11 x2=0x5
[call] malloc       x0=0x58 x1=0x202fccc4c11 x2=0x5
[call] memcmp       x0=0x202f1c70511 x1=0x202fccc4c49 x2=0x1
[call] memcmp       x0=0x202fccc4c49 x1=0x202f1c70451 x2=0x1
[call] memcmp       x0=0x202f1c70451 x1=0x202fccc4c49 x2=0x1
[call] memcmp       x0=0x202fccc4c49 x1=0x202f1c701b1 x2=0x1
[call] memcmp       x0=0x202f1c701b1 x1=0x202fccc4c49 x2=0x1
[call] memcmp       x0=0x202fccc4c49 x1=0x202f1c70331 x2=0x1
[call] memcmp       x0=0x202f1c70331 x1=0x202fccc4c49 x2=0x1
[call] memcmp       x0=0x202fccc4c49 x1=0x202f1c6fc11 x2=0x1
[call] memcmp       x0=0x202f1c6fc11 x1=0x202fccc4c49 x2=0x1
[call] memcmp       x0=0x202fccc4c49 x1=0x202f1c70511 x2=0x1
[call] malloc       x0=0x58 x1=0x202f1c70511 x2=0x1
[call] memcmp       x0=0x202f1c70511 x1=0x202fccc4c81 x2=0x3
[call] memcmp       x0=0x202fccc4c81 x1=0x202f1c70451 x2=0x3
[call] memcmp       x0=0x202f1c70451 x1=0x202fccc4c81 x2=0x3
[call] memcmp       x0=0x202fccc4c81 x1=0x202f1c701b1 x2=0x1
[call] memcmp       x0=0x202f1c701b1 x1=0x202fccc4c81 x2=0x1
[call] memcmp       x0=0x202fccc4c81 x1=0x202f1c70331 x2=0x3
[call] memcmp       x0=0x202f1c70331 x1=0x202fccc4c81 x2=0x3
[call] memcmp       x0=0x202fccc4c81 x1=0x202f1c6fc11 x2=0x3
[call] memcmp       x0=0x202f1c6fc11 x1=0x202fccc4c81 x2=0x3
[call] memcmp       x0=0x202fccc4c81 x1=0x202f1c70511 x2=0x3
[call] memcmp       x0=0x202fccc4c81 x1=0x202f1c653a1 x2=0x1
[call] memcmp       x0=0x202f1c653a1 x1=0x202fccc4c81 x2=0x1
[call] malloc       x0=0x58 x1=0x202fccc4c81 x2=0x1
[call] memcmp       x0=0x202f1c70511 x1=0x202fccc4cb9 x2=0x3
[call] memcmp       x0=0x202fccc4cb9 x1=0x202f1c70451 x2=0x3
[call] memcmp       x0=0x202f1c70451 x1=0x202fccc4cb9 x2=0x3
[call] memcmp       x0=0x202fccc4cb9 x1=0x202f1c701b1 x2=0x1
[call] memcmp       x0=0x202f1c701b1 x1=0x202fccc4cb9 x2=0x1
[call] memcmp       x0=0x202fccc4cb9 x1=0x202f1c70331 x2=0x3
[call] memcmp       x0=0x202f1c70331 x1=0x202fccc4cb9 x2=0x3
[call] memcmp       x0=0x202fccc4cb9 x1=0x202f1c6fc11 x2=0x3
[call] memcmp       x0=0x202f1c6fc11 x1=0x202fccc4cb9 x2=0x3
[call] memcmp       x0=0x202fccc4cb9 x1=0x202f1c64c81 x2=0x3
[call] memcmp       x0=0x202fccc4cb9 x1=0x202f1c653a1 x2=0x1
[call] memcmp       x0=0x202f1c653a1 x1=0x202fccc4cb9 x2=0x1
[call] malloc       x0=0x58 x1=0x202fccc4cb9 x2=0x1
[call] memcmp       x0=0x202f1c70511 x1=0x202fccc4cf1 x2=0x3
[call] memcmp       x0=0x202fccc4cf1 x1=0x202f1c70451 x2=0x3
[call] memcmp       x0=0x202f1c70451 x1=0x202fccc4cf1 x2=0x3
[call] memcmp       x0=0x202fccc4cf1 x1=0x202f1c701b1 x2=0x1
[call] memcmp       x0=0x202f1c701b1 x1=0x202fccc4cf1 x2=0x1
[call] memcmp       x0=0x202fccc4cf1 x1=0x202f1c70331 x2=0x3
[call] memcmp       x0=0x202f1c70331 x1=0x202fccc4cf1 x2=0x3
[call] memcmp       x0=0x202fccc4cf1 x1=0x202f1c6fc11 x2=0x3
[call] memcmp       x0=0x202f1c6fc11 x1=0x202fccc4cf1 x2=0x3
[call] memcmp       x0=0x202fccc4cf1 x1=0x202f1c64c81 x2=0x3
[call] memcmp       x0=0x202f1c64c81 x1=0x202fccc4cf1 x2=0x3
[call] memcmp       x0=0x202fccc4cf1 x1=0x202f1c70511 x2=0x3
[call] malloc       x0=0x58 x1=0x202f1c70511 x2=0x3
[call] memcmp       x0=0x202f1c70511 x1=0x202fccc4d29 x2=0x3
[call] memcmp       x0=0x202fccc4d29 x1=0x202f1c70451 x2=0x3
[call] memcmp       x0=0x202f1c70451 x1=0x202fccc4d29 x2=0x3
[call] memcmp       x0=0x202fccc4d29 x1=0x202f1c701b1 x2=0x1
[call] memcmp       x0=0x202f1c701b1 x1=0x202fccc4d29 x2=0x1
[call] memcmp       x0=0x202fccc4d29 x1=0x202f1c70331 x2=0x3
[call] memcmp       x0=0x202f1c70331 x1=0x202fccc4d29 x2=0x3
[call] memcmp       x0=0x202fccc4d29 x1=0x202f1c6fc11 x2=0x3
[call] memcmp       x0=0x202f1c6fc11 x1=0x202fccc4d29 x2=0x3
[call] memcmp       x0=0x202fccc4d29 x1=0x202f1c64c81 x2=0x3
[call] memcmp       x0=0x202f1c64c81 x1=0x202fccc4d29 x2=0x3
[call] memcmp       x0=0x202fccc4d29 x1=0x202f1c70511 x2=0x3
[call] memcmp       x0=0x202fccc4d29 x1=0x202f3630c51 x2=0x3
[call] malloc       x0=0x58 x1=0x202f3630c51 x2=0x3
[call] memcmp       x0=0x202f1c70511 x1=0x202fccc4d61 x2=0x4
[call] memcmp       x0=0x202fccc4d61 x1=0x202f1c70451 x2=0x4
[call] memcmp       x0=0x202f1c70451 x1=0x202fccc4d61 x2=0x4
[call] memcmp       x0=0x202fccc4d61 x1=0x202f1c701b1 x2=0x1
[call] memcmp       x0=0x202f1c701b1 x1=0x202fccc4d61 x2=0x1
[call] memcmp       x0=0x202fccc4d61 x1=0x202f1c70331 x2=0x3
[call] memcmp       x0=0x202f1c70331 x1=0x202fccc4d61 x2=0x3
[call] memcmp       x0=0x202fccc4d61 x1=0x202f1c6fc11 x2=0x4
[call] memcmp       x0=0x202f1c6fc11 x1=0x202fccc4d61 x2=0x4
[call] memcmp       x0=0x202fccc4d61 x1=0x202f1c64c81 x2=0x3
[call] memcmp       x0=0x202fccc4d61 x1=0x202f1c653a1 x2=0x1
[call] memcmp       x0=0x202f1c653a1 x1=0x202fccc4d61 x2=0x1
[call] memcmp       x0=0x202fccc4d61 x1=0x202f3630891 x2=0x3
[call] memcmp       x0=0x202f3630891 x1=0x202fccc4d61 x2=0x3
[call] malloc       x0=0x58 x1=0x202fccc4d61 x2=0x3
[call] memcmp       x0=0x202f1c70511 x1=0x202fccc4d99 x2=0x4
[call] memcmp       x0=0x202fccc4d99 x1=0x202f1c70451 x2=0x4
[call] memcmp       x0=0x202f1c70451 x1=0x202fccc4d99 x2=0x4
[call] memcmp       x0=0x202fccc4d99 x1=0x202f1c701b1 x2=0x1
[call] memcmp       x0=0x202f1c701b1 x1=0x202fccc4d99 x2=0x1
[call] memcmp       x0=0x202fccc4d99 x1=0x202f1c70331 x2=0x3
[call] memcmp       x0=0x202f1c70331 x1=0x202fccc4d99 x2=0x3
[call] memcmp       x0=0x202fccc4d99 x1=0x202f1c6fc11 x2=0x4
[call] memcmp       x0=0x202f1c6fc11 x1=0x202fccc4d99 x2=0x4
[call] memcmp       x0=0x202fccc4d99 x1=0x202f1c64c81 x2=0x3
[call] memcmp       x0=0x202f1c64c81 x1=0x202fccc4d99 x2=0x3
[call] memcmp       x0=0x202fccc4d99 x1=0x202f3630c51 x2=0x3
[call] memcmp       x0=0x202fccc4d99 x1=0x202f3631011 x2=0x3
[call] malloc       x0=0x58 x1=0x202f3631011 x2=0x3
[call] memcmp       x0=0x202f1c70511 x1=0x202fccc4dd1 x2=0x4
[call] memcmp       x0=0x202fccc4dd1 x1=0x202f1c70451 x2=0x4
[call] memcmp       x0=0x202f1c70451 x1=0x202fccc4dd1 x2=0x4
[call] memcmp       x0=0x202fccc4dd1 x1=0x202f1c701b1 x2=0x1
[call] memcmp       x0=0x202f1c701b1 x1=0x202fccc4dd1 x2=0x1
[call] memcmp       x0=0x202fccc4dd1 x1=0x202f1c70331 x2=0x3
[call] memcmp       x0=0x202f1c70331 x1=0x202fccc4dd1 x2=0x3
[call] memcmp       x0=0x202fccc4dd1 x1=0x202f1c64c81 x2=0x3
[call] memcmp       x0=0x202fccc4dd1 x1=0x202f1c6fc11 x2=0x4
[call] memcmp       x0=0x202f1c6fc11 x1=0x202fccc4dd1 x2=0x4
[call] memcmp       x0=0x202fccc4dd1 x1=0x202f3630891 x2=0x3
[call] memcmp       x0=0x202f3630891 x1=0x202fccc4dd1 x2=0x3
[call] memcmp       x0=0x202fccc4dd1 x1=0x202f36305f1 x2=0x4
[call] memcmp       x0=0x202f36305f1 x1=0x202fccc4dd1 x2=0x4
[call] malloc       x0=0x58 x1=0x202fccc4dd1 x2=0x4
[call] memcmp       x0=0x202f1c70511 x1=0x202fccc4e09 x2=0x4
[call] memcmp       x0=0x202fccc4e09 x1=0x202f1c70451 x2=0x4
[call] memcmp       x0=0x202f1c70451 x1=0x202fccc4e09 x2=0x4
[call] memcmp       x0=0x202fccc4e09 x1=0x202f1c70331 x2=0x3
[call] memcmp       x0=0x202f1c70331 x1=0x202fccc4e09 x2=0x3
[call] memcmp       x0=0x202fccc4e09 x1=0x202f1c64c81 x2=0x3
[call] memcmp       x0=0x202f1c64c81 x1=0x202fccc4e09 x2=0x3
[call] memcmp       x0=0x202fccc4e09 x1=0x202f3630c51 x2=0x3
[call] memcmp       x0=0x202fccc4e09 x1=0x202f3631011 x2=0x3
[call] memcmp       x0=0x202f3631011 x1=0x202fccc4e09 x2=0x3
[call] malloc       x0=0x58 x1=0x202fccc4e09 x2=0x3
[call] memcmp       x0=0x202f1c70511 x1=0x202fccc4e41 x2=0x4
[call] memcmp       x0=0x202fccc4e41 x1=0x202f1c70451 x2=0x4
[call] memcmp       x0=0x202f1c70451 x1=0x202fccc4e41 x2=0x4
[call] memcmp       x0=0x202fccc4e41 x1=0x202f1c70331 x2=0x3
[call] memcmp       x0=0x202f1c70331 x1=0x202fccc4e41 x2=0x3
[call] memcmp       x0=0x202fccc4e41 x1=0x202f1c64c81 x2=0x3
[call] memcmp       x0=0x202f1c64c81 x1=0x202fccc4e41 x2=0x3
[call] memcmp       x0=0x202fccc4e41 x1=0x202f3630c51 x2=0x3
[call] memcmp       x0=0x202fccc4e41 x1=0x202f3631011 x2=0x3
[call] memcmp       x0=0x202fccc4e41 x1=0x202f3630ef1 x2=0x4
[call] malloc       x0=0x58 x1=0x202f3630ef1 x2=0x4
[call] memcmp       x0=0x202f1c70511 x1=0x202fccc4e79 x2=0x4
[call] memcmp       x0=0x202fccc4e79 x1=0x202f1c70451 x2=0x4
[call] memcmp       x0=0x202f1c70451 x1=0x202fccc4e79 x2=0x4
[call] memcmp       x0=0x202fccc4e79 x1=0x202f1c70331 x2=0x3
[call] memcmp       x0=0x202f1c70331 x1=0x202fccc4e79 x2=0x3
[call] memcmp       x0=0x202fccc4e79 x1=0x202f1c64c81 x2=0x3
[call] memcmp       x0=0x202fccc4e79 x1=0x202f1c6fc11 x2=0x4
[call] memcmp       x0=0x202f1c6fc11 x1=0x202fccc4e79 x2=0x4
[call] memcmp       x0=0x202fccc4e79 x1=0x202f3630891 x2=0x3
[call] memcmp       x0=0x202f3630891 x1=0x202fccc4e79 x2=0x3
[call] memcmp       x0=0x202fccc4e79 x1=0x202f36305f1 x2=0x4
[call] memcmp       x0=0x202f36305f1 x1=0x202fccc4e79 x2=0x4
[call] memcmp       x0=0x202fccc4e79 x1=0x202f3631071 x2=0x4
[call] memcmp       x0=0x202f3631071 x1=0x202fccc4e79 x2=0x4
[call] malloc       x0=0x58 x1=0x202fccc4e79 x2=0x4
[call] memcmp       x0=0x202f1c70511 x1=0x202fccc4eb1 x2=0x5
[call] memcmp       x0=0x202fccc4eb1 x1=0x202f1c70451 x2=0x5
[call] memcmp       x0=0x202f1c70451 x1=0x202fccc4eb1 x2=0x5
[call] memcmp       x0=0x202fccc4eb1 x1=0x202f1c70331 x2=0x3
[call] memcmp       x0=0x202f1c70331 x1=0x202fccc4eb1 x2=0x3
[call] memcmp       x0=0x202fccc4eb1 x1=0x202f1c64c81 x2=0x3
[call] memcmp       x0=0x202fccc4eb1 x1=0x202f1c6fc11 x2=0x5
[call] memcmp       x0=0x202f1c6fc11 x1=0x202fccc4eb1 x2=0x5
[call] memcmp       x0=0x202fccc4eb1 x1=0x202f3630891 x2=0x3
[call] memcmp       x0=0x202f3630891 x1=0x202fccc4eb1 x2=0x3
[call] memcmp       x0=0x202fccc4eb1 x1=0x202f3631071 x2=0x4
[call] memcmp       x0=0x202fccc4eb1 x1=0x202f36305f1 x2=0x4
[call] memcmp       x0=0x202f36305f1 x1=0x202fccc4eb1 x2=0x4
[call] malloc       x0=0x58 x1=0x202fccc4eb1 x2=0x4
[call] memcmp       x0=0x202f1c70511 x1=0x202fccc4ee9 x2=0x5
[call] memcmp       x0=0x202fccc4ee9 x1=0x202f1c70451 x2=0x5
[call] memcmp       x0=0x202f1c70451 x1=0x202fccc4ee9 x2=0x5
[call] memcmp       x0=0x202fccc4ee9 x1=0x202f1c70331 x2=0x3
[call] memcmp       x0=0x202f1c70331 x1=0x202fccc4ee9 x2=0x3
[call] memcmp       x0=0x202fccc4ee9 x1=0x202f1c64c81 x2=0x3
[call] memcmp       x0=0x202f1c64c81 x1=0x202fccc4ee9 x2=0x3
[call] memcmp       x0=0x202fccc4ee9 x1=0x202f3630c51 x2=0x3
[call] memcmp       x0=0x202fccc4ee9 x1=0x202f3631011 x2=0x3
[call] memcmp       x0=0x202fccc4ee9 x1=0x202f3630ef1 x2=0x4
[call] memcmp       x0=0x202fccc4ee9 x1=0x202f3630a11 x2=0x4
[call] memcmp       x0=0x202f3630a11 x1=0x202fccc4ee9 x2=0x4
[call] malloc       x0=0x58 x1=0x202fccc4ee9 x2=0x4
[call] memcmp       x0=0x202f1c70511 x1=0x202fccc4f21 x2=0x5
[call] memcmp       x0=0x202fccc4f21 x1=0x202f1c70451 x2=0x5
[call] memcmp       x0=0x202f1c70451 x1=0x202fccc4f21 x2=0x5
[call] memcmp       x0=0x202fccc4f21 x1=0x202f1c70331 x2=0x3
[call] memcmp       x0=0x202f1c70331 x1=0x202fccc4f21 x2=0x3
[call] memcmp       x0=0x202fccc4f21 x1=0x202f1c64c81 x2=0x3
[call] memcmp       x0=0x202fccc4f21 x1=0x202f3630891 x2=0x3
[call] memcmp       x0=0x202f3630891 x1=0x202fccc4f21 x2=0x3
[call] memcmp       x0=0x202fccc4f21 x1=0x202f3631071 x2=0x4
[call] memcmp       x0=0x202fccc4f21 x1=0x202f36305f1 x2=0x4
[call] memcmp       x0=0x202f36305f1 x1=0x202fccc4f21 x2=0x4
[call] memcmp       x0=0x202fccc4f21 x1=0x202f3630dd1 x2=0x5
[call] memcmp       x0=0x202f3630dd1 x1=0x202fccc4f21 x2=0x5
[call] malloc       x0=0x58 x1=0x202fccc4f21 x2=0x5
[call] memcmp       x0=0x202f1c70511 x1=0x202fccc4f59 x2=0x5
[call] memcmp       x0=0x202fccc4f59 x1=0x202f1c70451 x2=0x5
[call] memcmp       x0=0x202f1c70451 x1=0x202fccc4f59 x2=0x5
[call] memcmp       x0=0x202fccc4f59 x1=0x202f1c70331 x2=0x3
[call] memcmp       x0=0x202f1c70331 x1=0x202fccc4f59 x2=0x3
[call] memcmp       x0=0x202fccc4f59 x1=0x202f1c64c81 x2=0x3
[call] memcmp       x0=0x202fccc4f59 x1=0x202f3630891 x2=0x3
[call] memcmp       x0=0x202f3630891 x1=0x202fccc4f59 x2=0x3
[call] memcmp       x0=0x202fccc4f59 x1=0x202f3631071 x2=0x4
[call] memcmp       x0=0x202f3631071 x1=0x202fccc4f59 x2=0x4
[call] memcmp       x0=0x202fccc4f59 x1=0x202f3630e91 x2=0x4
[call] malloc       x0=0x58 x1=0x202f3630e91 x2=0x4
[call] memcmp       x0=0x202f1c70511 x1=0x202fccc4f91 x2=0x6
[call] memcmp       x0=0x202fccc4f91 x1=0x202f1c70451 x2=0x6
[call] memcmp       x0=0x202f1c70451 x1=0x202fccc4f91 x2=0x6
[call] memcmp       x0=0x202fccc4f91 x1=0x202f1c70331 x2=0x3
[call] memcmp       x0=0x202f1c70331 x1=0x202fccc4f91 x2=0x3
[call] memcmp       x0=0x202fccc4f91 x1=0x202f1c64c81 x2=0x3
[call] memcmp       x0=0x202fccc4f91 x1=0x202f3630891 x2=0x3
[call] memcmp       x0=0x202f3630891 x1=0x202fccc4f91 x2=0x3
[call] memcmp       x0=0x202fccc4f91 x1=0x202f3631071 x2=0x4
[call] memcmp       x0=0x202fccc4f91 x1=0x202f3630dd1 x2=0x5
[call] memcmp       x0=0x202f3630dd1 x1=0x202fccc4f91 x2=0x5
[call] memcmp       x0=0x202fccc4f91 x1=0x202f3630fb1 x2=0x5
[call] malloc       x0=0x58 x1=0x202f3630fb1 x2=0x5
[call] __cxa_atexit x0=0x202f80f9bfc x1=0x202f9c95868 x2=0x202f9c50000
[call] __cxa_atexit x0=0x202f80f99c4 x1=0x202f9ca3238 x2=0x202f9c50000
[call] malloc       x0=0x30 x1=0x202f9ca3238 x2=0x202f9c50000
[call] __cxa_atexit x0=0x202f7730338 x1=0x202f9c61d70 x2=0x202f9c50000
[call] malloc       x0=0x20 x1=0x202f9c61d70 x2=0x202f9c50000
[call] __cxa_atexit x0=0x202f7730338 x1=0x202f9c61d90 x2=0x202f9c50000
[call] malloc       x0=0x30 x1=0x202f9c61d90 x2=0x202f9c50000
[call] __cxa_atexit x0=0x202f7730338 x1=0x202f9c61dd0 x2=0x202f9c50000
[call] malloc       x0=0x20 x1=0x202f9c61dd0 x2=0x202f9c50000
[call] __cxa_atexit x0=0x202f7730338 x1=0x202f9c61df0 x2=0x202f9c50000
[call] malloc       x0=0x30 x1=0x202f9c61df0 x2=0x202f9c50000
[call] __cxa_atexit x0=0x202f7730338 x1=0x202f9c61e30 x2=0x202f9c50000
[call] malloc       x0=0x20 x1=0x202f9c61e30 x2=0x202f9c50000
[call] __cxa_atexit x0=0x202f7730338 x1=0x202f9c61e50 x2=0x202f9c50000
[call] malloc       x0=0x30 x1=0x202f9c61e50 x2=0x202f9c50000
[call] __cxa_atexit x0=0x202f7730338 x1=0x202f9c61e90 x2=0x202f9c50000
[call] malloc       x0=0x20 x1=0x202f9c61e90 x2=0x202f9c50000
[call] __cxa_atexit x0=0x202f7730338 x1=0x202f9c61eb0 x2=0x202f9c50000
[call] malloc       x0=0x30 x1=0x202f9c61eb0 x2=0x202f9c50000
[call] __cxa_atexit x0=0x202f7730338 x1=0x202f9c61ef0 x2=0x202f9c50000
[call] malloc       x0=0x20 x1=0x202f9c61ef0 x2=0x202f9c50000
[call] __cxa_atexit x0=0x202f7730338 x1=0x202f9c61f10 x2=0x202f9c50000
[call] malloc       x0=0x30 x1=0x202f9c61f10 x2=0x202f9c50000
[call] __cxa_atexit x0=0x202f7730338 x1=0x202f9c61f50 x2=0x202f9c50000
[call] malloc       x0=0x20 x1=0x202f9c61f50 x2=0x202f9c50000
[call] __cxa_atexit x0=0x202f7730338 x1=0x202f9c61f70 x2=0x202f9c50000
[call] malloc       x0=0x30 x1=0x202f9c61f70 x2=0x202f9c50000
[call] __cxa_atexit x0=0x202f7730338 x1=0x202f9c61fb0 x2=0x202f9c50000
[call] malloc       x0=0x20 x1=0x202f9c61fb0 x2=0x202f9c50000
[call] __cxa_atexit x0=0x202f7730338 x1=0x202f9c61fd0 x2=0x202f9c50000
[call] malloc       x0=0x30 x1=0x202f9c61fd0 x2=0x202f9c50000
[call] __cxa_atexit x0=0x202f7730338 x1=0x202f9c62010 x2=0x202f9c50000
[call] malloc       x0=0x20 x1=0x202f9c62010 x2=0x202f9c50000
[call] __cxa_atexit x0=0x202f7730338 x1=0x202f9c62030 x2=0x202f9c50000
[call] malloc       x0=0x30 x1=0x202f9c62030 x2=0x202f9c50000
[call] __cxa_atexit x0=0x202f7730338 x1=0x202f9c62070 x2=0x202f9c50000
[call] malloc       x0=0x20 x1=0x202f9c62070 x2=0x202f9c50000
[call] __cxa_atexit x0=0x202f7730338 x1=0x202f9c62090 x2=0x202f9c50000
[call] malloc       x0=0x30 x1=0x202f9c62090 x2=0x202f9c50000
[call] __cxa_atexit x0=0x202f7730338 x1=0x202f9c620d0 x2=0x202f9c50000
[call] malloc       x0=0x20 x1=0x202f9c620d0 x2=0x202f9c50000
[call] __cxa_atexit x0=0x202f7730338 x1=0x202f9c620f0 x2=0x202f9c50000
[call] malloc       x0=0x30 x1=0x202f9c620f0 x2=0x202f9c50000
[call] __cxa_atexit x0=0x202f7730338 x1=0x202f9c62130 x2=0x202f9c50000
[call] malloc       x0=0x20 x1=0x202f9c62130 x2=0x202f9c50000
[call] __cxa_atexit x0=0x202f7730338 x1=0x202f9c62150 x2=0x202f9c50000
[call] malloc       x0=0x30 x1=0x202f9c62150 x2=0x202f9c50000
[call] __cxa_atexit x0=0x202f7730338 x1=0x202f9c62190 x2=0x202f9c50000
[call] malloc       x0=0x20 x1=0x202f9c62190 x2=0x202f9c50000
[call] __cxa_atexit x0=0x202f7730338 x1=0x202f9c621b0 x2=0x202f9c50000
[call] malloc       x0=0x30 x1=0x202f9c621b0 x2=0x202f9c50000
[call] __cxa_atexit x0=0x202f7730338 x1=0x202f9c621f0 x2=0x202f9c50000
[call] malloc       x0=0x20 x1=0x202f9c621f0 x2=0x202f9c50000
[call] __cxa_atexit x0=0x202f7730338 x1=0x202f9c62210 x2=0x202f9c50000
[call] malloc       x0=0x30 x1=0x202f9c62210 x2=0x202f9c50000
[call] __cxa_atexit x0=0x202f7730338 x1=0x202f9c62250 x2=0x202f9c50000
[call] malloc       x0=0x20 x1=0x202f9c62250 x2=0x202f9c50000
[call] __cxa_atexit x0=0x202f7730338 x1=0x202f9c62270 x2=0x202f9c50000
[call] malloc       x0=0x30 x1=0x202f9c62270 x2=0x202f9c50000
[call] __cxa_atexit x0=0x202f7730338 x1=0x202f9c622b0 x2=0x202f9c50000
[call] malloc       x0=0x20 x1=0x202f9c622b0 x2=0x202f9c50000
[call] __cxa_atexit x0=0x202f7730338 x1=0x202f9c622d0 x2=0x202f9c50000
[call] malloc       x0=0x30 x1=0x202f9c622d0 x2=0x202f9c50000
[call] __cxa_atexit x0=0x202f7730338 x1=0x202f9c62310 x2=0x202f9c50000
[call] malloc       x0=0x20 x1=0x202f9c62310 x2=0x202f9c50000
[call] __cxa_atexit x0=0x202f7730338 x1=0x202f9c62330 x2=0x202f9c50000
[call] malloc       x0=0x30 x1=0x202f9c62330 x2=0x202f9c50000
[call] __cxa_atexit x0=0x202f7730338 x1=0x202f9c62370 x2=0x202f9c50000
[call] malloc       x0=0x20 x1=0x202f9c62370 x2=0x202f9c50000
[call] __cxa_atexit x0=0x202f7730338 x1=0x202f9c62390 x2=0x202f9c50000
[call] __cxa_atexit x0=0x202f7730338 x1=0x202f9c959d0 x2=0x202f9c50000
[call] __cxa_atexit x0=0x202f7730338 x1=0x202f9c959e8 x2=0x202f9c50000
[call] malloc       x0=0x30 x1=0x202f9c959e8 x2=0x202f9c50000
[call] __cxa_atexit x0=0x202f7730338 x1=0x202f9c623d0 x2=0x202f9c50000
[call] malloc       x0=0x20 x1=0x202f9c623d0 x2=0x202f9c50000
[call] __cxa_atexit x0=0x202f7730338 x1=0x202f9c623f0 x2=0x202f9c50000
[call] __cxa_atexit x0=0x202f7730338 x1=0x202f9c95a18 x2=0x202f9c50000
[call] malloc       x0=0x30 x1=0x202f9c95a18 x2=0x202f9c50000
[call] __cxa_atexit x0=0x202f7730338 x1=0x202f9c62430 x2=0x202f9c50000
[call] malloc       x0=0x20 x1=0x202f9c62430 x2=0x202f9c50000
[call] __cxa_atexit x0=0x202f7730338 x1=0x202f9c62450 x2=0x202f9c50000
[call] malloc       x0=0x30 x1=0x202f9c62450 x2=0x202f9c50000
[call] __cxa_atexit x0=0x202f7730338 x1=0x202f9c62490 x2=0x202f9c50000
[call] malloc       x0=0x20 x1=0x202f9c62490 x2=0x202f9c50000
[call] __cxa_atexit x0=0x202f7730338 x1=0x202f9c624b0 x2=0x202f9c50000
[call] malloc       x0=0x30 x1=0x202f9c624b0 x2=0x202f9c50000
[call] __cxa_atexit x0=0x202f7730338 x1=0x202f9c624f0 x2=0x202f9c50000
[call] malloc       x0=0x20 x1=0x202f9c624f0 x2=0x202f9c50000
[call] __cxa_atexit x0=0x202f7730338 x1=0x202f9c62510 x2=0x202f9c50000
[call] malloc       x0=0x30 x1=0x202f9c62510 x2=0x202f9c50000
[call] __cxa_atexit x0=0x202f7730338 x1=0x202f9c62550 x2=0x202f9c50000
[call] malloc       x0=0x20 x1=0x202f9c62550 x2=0x202f9c50000
[call] __cxa_atexit x0=0x202f7730338 x1=0x202f9c62570 x2=0x202f9c50000
[call] __cxa_atexit x0=0x202f7730338 x1=0x202f9c95b68 x2=0x202f9c50000
[call] malloc       x0=0x30 x1=0x202f9c95b68 x2=0x202f9c50000
[call] __cxa_atexit x0=0x202f7730338 x1=0x202f9c625b0 x2=0x202f9c50000
[call] malloc       x0=0x20 x1=0x202f9c625b0 x2=0x202f9c50000
[call] __cxa_atexit x0=0x202f7730338 x1=0x202f9c625d0 x2=0x202f9c50000
[call] __cxa_atexit x0=0x202f7730338 x1=0x202f9c95b80 x2=0x202f9c50000
[call] __cxa_atexit x0=0x202f7739ce4 x1=0x202f9c625f0 x2=0x202f9c50000
[call] malloc       x0=0x30 x1=0x202f9c625f0 x2=0x202f9c50000
[call] __cxa_atexit x0=0x202f7730338 x1=0x202f9c62640 x2=0x202f9c50000
[call] malloc       x0=0x20 x1=0x202f9c62640 x2=0x202f9c50000
[call] __cxa_atexit x0=0x202f7730338 x1=0x202f9c62660 x2=0x202f9c50000
[call] __cxa_atexit x0=0x202f7730338 x1=0x202f9c95b98 x2=0x202f9c50000
[call] __cxa_atexit x0=0x202f7739ce4 x1=0x202f9c62680 x2=0x202f9c50000
[call] __cxa_atexit x0=0x202f7730338 x1=0x202f9c95bb0 x2=0x202f9c50000
[call] malloc       x0=0x20 x1=0x202f9c95bb0 x2=0x202f9c50000
[call] __cxa_atexit x0=0x202f7730338 x1=0x202f9c626b0 x2=0x202f9c50000
[call] __cxa_atexit x0=0x202f7730338 x1=0x202f9c95bc8 x2=0x202f9c50000
[call] __cxa_atexit x0=0x202f7730338 x1=0x202f9c95be0 x2=0x202f9c50000
[call] __cxa_atexit x0=0x202f7730338 x1=0x202f9c95bf8 x2=0x202f9c50000
[call] __cxa_atexit x0=0x202f7730338 x1=0x202f9c95c10 x2=0x202f9c50000
[call] __cxa_atexit x0=0x202f7730338 x1=0x202f9c95c28 x2=0x202f9c50000
[call] __cxa_atexit x0=0x202f7730338 x1=0x202f9c95c40 x2=0x202f9c50000
[call] __cxa_atexit x0=0x202f7730338 x1=0x202f9c95c58 x2=0x202f9c50000
[call] malloc       x0=0x30 x1=0x202f9c95c58 x2=0x202f9c50000
[call] __cxa_atexit x0=0x202f7730338 x1=0x202f9c626f0 x2=0x202f9c50000
[call] malloc       x0=0x20 x1=0x202f9c626f0 x2=0x202f9c50000
[call] __cxa_atexit x0=0x202f7730338 x1=0x202f9c62710 x2=0x202f9c50000
[call] __cxa_atexit x0=0x202f7730338 x1=0x202f9c95c70 x2=0x202f9c50000
[call] malloc       x0=0x20 x1=0x202f9c95c70 x2=0x202f9c50000
[call] __cxa_atexit x0=0x202f7730338 x1=0x202f9c62730 x2=0x202f9c50000
[call] malloc       x0=0x30 x1=0x202f9c62730 x2=0x202f9c50000
[call] __cxa_atexit x0=0x202f7730338 x1=0x202f9c628b0 x2=0x202f9c50000
[call] malloc       x0=0x20 x1=0x202f9c628b0 x2=0x202f9c50000
[call] __cxa_atexit x0=0x202f7730338 x1=0x202f9c628d0 x2=0x202f9c50000
[call] malloc       x0=0x30 x1=0x202f9c628d0 x2=0x202f9c50000
[call] __cxa_atexit x0=0x202f7730338 x1=0x202f9c62910 x2=0x202f9c50000
[call] malloc       x0=0x20 x1=0x202f9c62910 x2=0x202f9c50000
[call] __cxa_atexit x0=0x202f7730338 x1=0x202f9c62930 x2=0x202f9c50000
[call] __cxa_atexit x0=0x202f7730338 x1=0x202f9c95df0 x2=0x202f9c50000
[call] malloc       x0=0x30 x1=0x202f9c95df0 x2=0x202f9c50000
[call] __cxa_atexit x0=0x202f7730338 x1=0x202f9c62970 x2=0x202f9c50000
[call] malloc       x0=0x20 x1=0x202f9c62970 x2=0x202f9c50000
[call] __cxa_atexit x0=0x202f7730338 x1=0x202f9c62990 x2=0x202f9c50000
[call] __cxa_atexit x0=0x202f7730338 x1=0x202f9c95e38 x2=0x202f9c50000
[call] __cxa_atexit x0=0x202f7730338 x1=0x202f9c95e50 x2=0x202f9c50000
[call] __cxa_atexit x0=0x202f7730338 x1=0x202f9c95e68 x2=0x202f9c50000
[call] malloc       x0=0x30 x1=0x202f9c95e68 x2=0x202f9c50000
[call] __cxa_atexit x0=0x202f7730338 x1=0x202f9c629d0 x2=0x202f9c50000
[call] malloc       x0=0x20 x1=0x202f9c629d0 x2=0x202f9c50000
[call] __cxa_atexit x0=0x202f7730338 x1=0x202f9c629f0 x2=0x202f9c50000
[call] malloc       x0=0x30 x1=0x202f9c629f0 x2=0x202f9c50000
[call] __cxa_atexit x0=0x202f7730338 x1=0x202f9c62a30 x2=0x202f9c50000
[call] malloc       x0=0x20 x1=0x202f9c62a30 x2=0x202f9c50000
[call] __cxa_atexit x0=0x202f7730338 x1=0x202f9c62a50 x2=0x202f9c50000
[call] __cxa_atexit x0=0x202f7730338 x1=0x202f9c96048 x2=0x202f9c50000
[call] malloc       x0=0x30 x1=0x202f9c96048 x2=0x202f9c50000
[call] __cxa_atexit x0=0x202f7730338 x1=0x202f9c62a90 x2=0x202f9c50000
[call] malloc       x0=0x20 x1=0x202f9c62a90 x2=0x202f9c50000
[call] __cxa_atexit x0=0x202f7730338 x1=0x202f9c62ab0 x2=0x202f9c50000
[call] __cxa_atexit x0=0x202f7730338 x1=0x202f9c96078 x2=0x202f9c50000
[call] malloc       x0=0x30 x1=0x202f9c96078 x2=0x202f9c50000
[call] __cxa_atexit x0=0x202f7730338 x1=0x202f9c62af0 x2=0x202f9c50000
[call] malloc       x0=0x20 x1=0x202f9c62af0 x2=0x202f9c50000
[call] __cxa_atexit x0=0x202f7730338 x1=0x202f9c62b10 x2=0x202f9c50000
[call] malloc       x0=0x30 x1=0x202f9c62b10 x2=0x202f9c50000
[call] __cxa_atexit x0=0x202f7730338 x1=0x202f9c62b50 x2=0x202f9c50000
[call] malloc       x0=0x20 x1=0x202f9c62b50 x2=0x202f9c50000
[call] __cxa_atexit x0=0x202f7730338 x1=0x202f9c62b70 x2=0x202f9c50000
[call] malloc       x0=0x30 x1=0x202f9c62b70 x2=0x202f9c50000
[call] __cxa_atexit x0=0x202f7730338 x1=0x202f9c62bb0 x2=0x202f9c50000
[call] malloc       x0=0x20 x1=0x202f9c62bb0 x2=0x202f9c50000
[call] __cxa_atexit x0=0x202f7730338 x1=0x202f9c62bd0 x2=0x202f9c50000
[call] __cxa_atexit x0=0x202f7739ce4 x1=0x202f9c62bf0 x2=0x202f9c50000
[call] __cxa_atexit x0=0x202f7730338 x1=0x202f9c960a8 x2=0x202f9c50000
[call] malloc       x0=0x20 x1=0x202f9c960a8 x2=0x202f9c50000
[call] __cxa_atexit x0=0x202f7730338 x1=0x202f9c62c20 x2=0x202f9c50000
[call] malloc       x0=0x20 x1=0x202f9c62c20 x2=0x202f9c50000
[call] __cxa_atexit x0=0x202f7730338 x1=0x202f9c62c40 x2=0x202f9c50000
[call] __cxa_atexit x0=0x202f7730338 x1=0x202f9c960c0 x2=0x202f9c50000
[call] malloc       x0=0x30 x1=0x202f9c960c0 x2=0x202f9c50000
[call] __cxa_atexit x0=0x202f7730338 x1=0x202f9c62c80 x2=0x202f9c50000
[call] malloc       x0=0x20 x1=0x202f9c62c80 x2=0x202f9c50000
[call] __cxa_atexit x0=0x202f7730338 x1=0x202f9c62ca0 x2=0x202f9c50000
[call] __cxa_atexit x0=0x202f7730338 x1=0x202f9c960d8 x2=0x202f9c50000
[call] __cxa_atexit x0=0x202f7730338 x1=0x202f9c960f0 x2=0x202f9c50000
[call] __cxa_atexit x0=0x202f7730338 x1=0x202f9c96108 x2=0x202f9c50000
[call] __cxa_atexit x0=0x202f7730338 x1=0x202f9c96120 x2=0x202f9c50000
[call] malloc       x0=0x30 x1=0x202f9c96120 x2=0x202f9c50000
[call] __cxa_atexit x0=0x202f7730338 x1=0x202f9c62ce0 x2=0x202f9c50000
[call] malloc       x0=0x20 x1=0x202f9c62ce0 x2=0x202f9c50000
[call] __cxa_atexit x0=0x202f7730338 x1=0x202f9c62d00 x2=0x202f9c50000
[call] __cxa_atexit x0=0x202f7730338 x1=0x202f9c962a0 x2=0x202f9c50000
[call] malloc       x0=0x30 x1=0x202f9c962a0 x2=0x202f9c50000
[call] __cxa_atexit x0=0x202f7730338 x1=0x202f9c62d40 x2=0x202f9c50000
[call] malloc       x0=0x20 x1=0x202f9c62d40 x2=0x202f9c50000
[call] __cxa_atexit x0=0x202f7730338 x1=0x202f9c62d60 x2=0x202f9c50000
[call] malloc       x0=0x30 x1=0x202f9c62d60 x2=0x202f9c50000
[call] __cxa_atexit x0=0x202f7730338 x1=0x202f9c62da0 x2=0x202f9c50000
[call] malloc       x0=0x20 x1=0x202f9c62da0 x2=0x202f9c50000
[call] __cxa_atexit x0=0x202f7730338 x1=0x202f9c62dc0 x2=0x202f9c50000
[call] malloc       x0=0x30 x1=0x202f9c62dc0 x2=0x202f9c50000
[call] __cxa_atexit x0=0x202f7730338 x1=0x202f9c62e00 x2=0x202f9c50000
[call] malloc       x0=0x20 x1=0x202f9c62e00 x2=0x202f9c50000
[call] __cxa_atexit x0=0x202f7730338 x1=0x202f9c62e20 x2=0x202f9c50000
[call] malloc       x0=0x30 x1=0x202f9c62e20 x2=0x202f9c50000
[call] __cxa_atexit x0=0x202f7730338 x1=0x202f9c62e60 x2=0x202f9c50000
[call] malloc       x0=0x20 x1=0x202f9c62e60 x2=0x202f9c50000
[call] __cxa_atexit x0=0x202f7730338 x1=0x202f9c62e80 x2=0x202f9c50000
[call] __cxa_atexit x0=0x202f7730338 x1=0x202f9c963a8 x2=0x202f9c50000
[call] __cxa_atexit x0=0x202f7739ce4 x1=0x202f9c62ea0 x2=0x202f9c50000
[call] malloc       x0=0x30 x1=0x202f9c62ea0 x2=0x202f9c50000
[call] __cxa_atexit x0=0x202f7730338 x1=0x202f9c62ef0 x2=0x202f9c50000
[call] malloc       x0=0x20 x1=0x202f9c62ef0 x2=0x202f9c50000
[call] __cxa_atexit x0=0x202f7730338 x1=0x202f9c62f10 x2=0x202f9c50000
[call] malloc       x0=0x30 x1=0x202f9c62f10 x2=0x202f9c50000
[call] __cxa_atexit x0=0x202f7730338 x1=0x202f9c62f50 x2=0x202f9c50000
[call] malloc       x0=0x20 x1=0x202f9c62f50 x2=0x202f9c50000
[call] __cxa_atexit x0=0x202f7730338 x1=0x202f9c62f70 x2=0x202f9c50000
[call] malloc       x0=0x30 x1=0x202f9c62f70 x2=0x202f9c50000
[call] __cxa_atexit x0=0x202f7730338 x1=0x202f9c62fb0 x2=0x202f9c50000
[call] malloc       x0=0x20 x1=0x202f9c62fb0 x2=0x202f9c50000
[call] __cxa_atexit x0=0x202f7730338 x1=0x202f9c62fd0 x2=0x202f9c50000
[call] malloc       x0=0x30 x1=0x202f9c62fd0 x2=0x202f9c50000
[call] __cxa_atexit x0=0x202f7730338 x1=0x202f9c63010 x2=0x202f9c50000
[call] malloc       x0=0x20 x1=0x202f9c63010 x2=0x202f9c50000
[call] __cxa_atexit x0=0x202f7730338 x1=0x202f9c63030 x2=0x202f9c50000
[call] malloc       x0=0x30 x1=0x202f9c63030 x2=0x202f9c50000
[call] __cxa_atexit x0=0x202f7730338 x1=0x202f9c63070 x2=0x202f9c50000
[call] malloc       x0=0x20 x1=0x202f9c63070 x2=0x202f9c50000
[call] __cxa_atexit x0=0x202f7730338 x1=0x202f9c63090 x2=0x202f9c50000
[call] malloc       x0=0x30 x1=0x202f9c63090 x2=0x202f9c50000
[call] __cxa_atexit x0=0x202f7730338 x1=0x202f9c630d0 x2=0x202f9c50000
[call] malloc       x0=0x20 x1=0x202f9c630d0 x2=0x202f9c50000
[call] __cxa_atexit x0=0x202f7730338 x1=0x202f9c630f0 x2=0x202f9c50000
[call] malloc       x0=0x30 x1=0x202f9c630f0 x2=0x202f9c50000
[call] __cxa_atexit x0=0x202f7730338 x1=0x202f9c63130 x2=0x202f9c50000
[call] malloc       x0=0x20 x1=0x202f9c63130 x2=0x202f9c50000
[call] __cxa_atexit x0=0x202f7730338 x1=0x202f9c63150 x2=0x202f9c50000
[call] __cxa_atexit x0=0x202f7730338 x1=0x202f9c96438 x2=0x202f9c50000
[call] __cxa_atexit x0=0x202f7730338 x1=0x202f9c96450 x2=0x202f9c50000
[call] __cxa_atexit x0=0x202f7730338 x1=0x202f9c96468 x2=0x202f9c50000
[call] __cxa_atexit x0=0x202f7730338 x1=0x202f9c96480 x2=0x202f9c50000
[call] malloc       x0=0x30 x1=0x202f9c96480 x2=0x202f9c50000
[call] __cxa_atexit x0=0x202f7730338 x1=0x202f9c63170 x2=0x202f9c50000
[call] malloc       x0=0x20 x1=0x202f9c63170 x2=0x202f9c50000
[call] __cxa_atexit x0=0x202f7730338 x1=0x202f9c63190 x2=0x202f9c50000
[call] malloc       x0=0x20 x1=0x202f9c63190 x2=0x202f9c50000
[call] __cxa_atexit x0=0x202f7730338 x1=0x202f9c631b0 x2=0x202f9c50000
[call] malloc       x0=0x20 x1=0x202f9c631b0 x2=0x202f9c50000
[call] __cxa_atexit x0=0x202f7730338 x1=0x202f9c631d0 x2=0x202f9c50000
[call] malloc       x0=0x20 x1=0x202f9c631d0 x2=0x202f9c50000
[call] __cxa_atexit x0=0x202f7730338 x1=0x202f9c631f0 x2=0x202f9c50000
[call] malloc       x0=0x20 x1=0x202f9c631f0 x2=0x202f9c50000
[call] __cxa_atexit x0=0x202f7730338 x1=0x202f9c63210 x2=0x202f9c50000
[call] malloc       x0=0x20 x1=0x202f9c63210 x2=0x202f9c50000
[call] __cxa_atexit x0=0x202f7730338 x1=0x202f9c63230 x2=0x202f9c50000
[call] malloc       x0=0x20 x1=0x202f9c63230 x2=0x202f9c50000
[call] __cxa_atexit x0=0x202f7730338 x1=0x202f9c63250 x2=0x202f9c50000
[call] __cxa_atexit x0=0x202f7730338 x1=0x202f9c96498 x2=0x202f9c50000
[call] malloc       x0=0x20 x1=0x202f9c96498 x2=0x202f9c50000
[call] __cxa_atexit x0=0x202f7730338 x1=0x202f9c63270 x2=0x202f9c50000
[call] __cxa_atexit x0=0x202f7730338 x1=0x202f9c964b0 x2=0x202f9c50000
[call] malloc       x0=0x30 x1=0x202f9c964b0 x2=0x202f9c50000
[call] __cxa_atexit x0=0x202f7730338 x1=0x202f9c632d0 x2=0x202f9c50000
[call] malloc       x0=0x20 x1=0x202f9c632d0 x2=0x202f9c50000
[call] __cxa_atexit x0=0x202f7730338 x1=0x202f9c632f0 x2=0x202f9c50000
[call] __cxa_atexit x0=0x202f7730338 x1=0x202f9c96528 x2=0x202f9c50000
[call] __cxa_atexit x0=0x202f7730338 x1=0x202f9c96540 x2=0x202f9c50000
[call] malloc       x0=0x30 x1=0x202f9c96540 x2=0x202f9c50000
[call] __cxa_atexit x0=0x202f7730338 x1=0x202f9c63330 x2=0x202f9c50000
[call] malloc       x0=0x20 x1=0x202f9c63330 x2=0x202f9c50000
[call] __cxa_atexit x0=0x202f7730338 x1=0x202f9c63350 x2=0x202f9c50000
[call] __cxa_atexit x0=0x202f7730338 x1=0x202f9c96558 x2=0x202f9c50000
[call] __cxa_atexit x0=0x202f7730338 x1=0x202f9c96570 x2=0x202f9c50000
[call] malloc       x0=0x30 x1=0x202f9c96570 x2=0x202f9c50000
[call] __cxa_atexit x0=0x202f7730338 x1=0x202f9c633d0 x2=0x202f9c50000
[call] malloc       x0=0x20 x1=0x202f9c633d0 x2=0x202f9c50000
[call] __cxa_atexit x0=0x202f7730338 x1=0x202f9c633f0 x2=0x202f9c50000
[call] malloc       x0=0x30 x1=0x202f9c633f0 x2=0x202f9c50000
[call] __cxa_atexit x0=0x202f7730338 x1=0x202f9c63430 x2=0x202f9c50000
[call] malloc       x0=0x20 x1=0x202f9c63430 x2=0x202f9c50000
[call] __cxa_atexit x0=0x202f7730338 x1=0x202f9c63450 x2=0x202f9c50000
[call] malloc       x0=0x30 x1=0x202f9c63450 x2=0x202f9c50000
[call] __cxa_atexit x0=0x202f7730338 x1=0x202f9c63490 x2=0x202f9c50000
[call] malloc       x0=0x20 x1=0x202f9c63490 x2=0x202f9c50000
[call] __cxa_atexit x0=0x202f7730338 x1=0x202f9c634b0 x2=0x202f9c50000
[call] __cxa_atexit x0=0x202f7730338 x1=0x202f9c96648 x2=0x202f9c50000
[call] malloc       x0=0x30 x1=0x202f9c96648 x2=0x202f9c50000
[call] __cxa_atexit x0=0x202f7730338 x1=0x202f9c634f0 x2=0x202f9c50000
[call] malloc       x0=0x20 x1=0x202f9c634f0 x2=0x202f9c50000
[call] __cxa_atexit x0=0x202f7730338 x1=0x202f9c63510 x2=0x202f9c50000
[call] malloc       x0=0x30 x1=0x202f9c63510 x2=0x202f9c50000
[call] __cxa_atexit x0=0x202f7730338 x1=0x202f9c63550 x2=0x202f9c50000
[call] malloc       x0=0x20 x1=0x202f9c63550 x2=0x202f9c50000
[call] __cxa_atexit x0=0x202f7730338 x1=0x202f9c63570 x2=0x202f9c50000
[call] __cxa_atexit x0=0x202f7739ce4 x1=0x202f9c63590 x2=0x202f9c50000
[call] malloc       x0=0x20 x1=0x202f9c63590 x2=0x202f9c50000
[call] __cxa_atexit x0=0x202f7730338 x1=0x202f9c635c0 x2=0x202f9c50000
[call] malloc       x0=0x30 x1=0x202f9c635c0 x2=0x202f9c50000
[call] __cxa_atexit x0=0x202f7730338 x1=0x202f9c63600 x2=0x202f9c50000
[call] malloc       x0=0x20 x1=0x202f9c63600 x2=0x202f9c50000
[call] __cxa_atexit x0=0x202f7730338 x1=0x202f9c63620 x2=0x202f9c50000
[call] __cxa_atexit x0=0x202f7730338 x1=0x202f9c96690 x2=0x202f9c50000
[call] malloc       x0=0x30 x1=0x202f9c96690 x2=0x202f9c50000
[call] __cxa_atexit x0=0x202f7730338 x1=0x202f9c63640 x2=0x202f9c50000
[call] malloc       x0=0x30 x1=0x202f9c63640 x2=0x202f9c50000
[call] __cxa_atexit x0=0x202f7730338 x1=0x202f9c63680 x2=0x202f9c50000
[call] malloc       x0=0x20 x1=0x202f9c63680 x2=0x202f9c50000
[call] __cxa_atexit x0=0x202f7730338 x1=0x202f9c636a0 x2=0x202f9c50000
[call] __cxa_atexit x0=0x202f7730338 x1=0x202f9c966a8 x2=0x202f9c50000
[call] __cxa_atexit x0=0x202f7730338 x1=0x202f9c966c0 x2=0x202f9c50000
[call] __cxa_atexit x0=0x202f7730338 x1=0x202f9c966d8 x2=0x202f9c50000
[call] __cxa_atexit x0=0x202f7730338 x1=0x202f9c966f0 x2=0x202f9c50000
[call] __cxa_atexit x0=0x202f7730338 x1=0x202f9c96708 x2=0x202f9c50000
[call] __cxa_atexit x0=0x202f7730338 x1=0x202f9c96720 x2=0x202f9c50000
[call] __cxa_atexit x0=0x202f7730338 x1=0x202f9c96738 x2=0x202f9c50000
[call] __cxa_atexit x0=0x202f7730338 x1=0x202f9c96750 x2=0x202f9c50000
[call] __cxa_atexit x0=0x202f7730338 x1=0x202f9c96768 x2=0x202f9c50000
[call] __cxa_atexit x0=0x202f7730338 x1=0x202f9c96780 x2=0x202f9c50000
[call] __cxa_atexit x0=0x202f7730338 x1=0x202f9c96798 x2=0x202f9c50000
[call] __cxa_atexit x0=0x202f7730338 x1=0x202f9c967b0 x2=0x202f9c50000
[call] malloc       x0=0x20 x1=0x202f9c967b0 x2=0x202f9c50000
[call] __cxa_atexit x0=0x202f7730338 x1=0x202f9c636c0 x2=0x202f9c50000
[call] __cxa_atexit x0=0x202f7730338 x1=0x202f9c967c8 x2=0x202f9c50000
[call] malloc       x0=0x20 x1=0x202f9c967c8 x2=0x202f9c50000
[call] __cxa_atexit x0=0x202f7730338 x1=0x202f9c636e0 x2=0x202f9c50000
[call] __cxa_atexit x0=0x202f7730338 x1=0x202f9c967e0 x2=0x202f9c50000
[call] __cxa_atexit x0=0x202f7730338 x1=0x202f9c967f8 x2=0x202f9c50000
[call] __cxa_atexit x0=0x202f7730338 x1=0x202f9c96810 x2=0x202f9c50000
[call] __cxa_atexit x0=0x202f7730338 x1=0x202f9c96828 x2=0x202f9c50000
[call] __cxa_atexit x0=0x202f7730338 x1=0x202f9c96840 x2=0x202f9c50000
[call] __cxa_atexit x0=0x202f7730338 x1=0x202f9c96858 x2=0x202f9c50000
[call] __cxa_atexit x0=0x202f7730338 x1=0x202f9c96870 x2=0x202f9c50000
[call] __cxa_atexit x0=0x202f7730338 x1=0x202f9c96888 x2=0x202f9c50000
[call] __cxa_atexit x0=0x202f7730338 x1=0x202f9c968a0 x2=0x202f9c50000
[call] __cxa_atexit x0=0x202f7730338 x1=0x202f9c968b8 x2=0x202f9c50000
[call] __cxa_atexit x0=0x202f91b4ca8 x1=0x202f9ca3410 x2=0x202f9c50000
[call] malloc       x0=0x30 x1=0x202f9ca3410 x2=0x202f9c50000
[call] __cxa_atexit x0=0x202f7730338 x1=0x202f9c63720 x2=0x202f9c50000
[call] malloc       x0=0x20 x1=0x202f9c63720 x2=0x202f9c50000
[call] __cxa_atexit x0=0x202f7730338 x1=0x202f9c63740 x2=0x202f9c50000
[call] __cxa_atexit x0=0x202f7730338 x1=0x202f9c968d0 x2=0x202f9c50000
[call] __cxa_atexit x0=0x202f7730338 x1=0x202f9c968e8 x2=0x202f9c50000
[call] __cxa_atexit x0=0x202f7730338 x1=0x202f9c96900 x2=0x202f9c50000
[call] __cxa_atexit x0=0x202f7730338 x1=0x202f9c96918 x2=0x202f9c50000
[call] malloc       x0=0x30 x1=0x202f9c96918 x2=0x202f9c50000
[call] __cxa_atexit x0=0x202f7730338 x1=0x202f9c63780 x2=0x202f9c50000
[call] malloc       x0=0x20 x1=0x202f9c63780 x2=0x202f9c50000
[call] __cxa_atexit x0=0x202f7730338 x1=0x202f9c637a0 x2=0x202f9c50000
[call] malloc       x0=0x30 x1=0x202f9c637a0 x2=0x202f9c50000
[call] __cxa_atexit x0=0x202f7730338 x1=0x202f9c637e0 x2=0x202f9c50000
[call] malloc       x0=0x20 x1=0x202f9c637e0 x2=0x202f9c50000
[call] __cxa_atexit x0=0x202f7730338 x1=0x202f9c63800 x2=0x202f9c50000
[call] malloc       x0=0x30 x1=0x202f9c63800 x2=0x202f9c50000
[call] __cxa_atexit x0=0x202f7730338 x1=0x202f9c63840 x2=0x202f9c50000
[call] malloc       x0=0x20 x1=0x202f9c63840 x2=0x202f9c50000
[call] __cxa_atexit x0=0x202f7730338 x1=0x202f9c63860 x2=0x202f9c50000
[call] __cxa_atexit x0=0x202f7730338 x1=0x202f9c96930 x2=0x202f9c50000
[call] malloc       x0=0x30 x1=0x202f9c96930 x2=0x202f9c50000
[call] __cxa_atexit x0=0x202f7730338 x1=0x202f9c638a0 x2=0x202f9c50000
[call] malloc       x0=0x20 x1=0x202f9c638a0 x2=0x202f9c50000
[call] __cxa_atexit x0=0x202f7730338 x1=0x202f9c638c0 x2=0x202f9c50000
[call] __cxa_atexit x0=0x202f7730338 x1=0x202f9c96948 x2=0x202f9c50000
[call] __cxa_atexit x0=0x202f7730338 x1=0x202f9c96960 x2=0x202f9c50000
[call] malloc       x0=0x30 x1=0x202f9c96960 x2=0x202f9c50000
[call] __cxa_atexit x0=0x202f7730338 x1=0x202f9c63900 x2=0x202f9c50000
[call] malloc       x0=0x20 x1=0x202f9c63900 x2=0x202f9c50000
[call] __cxa_atexit x0=0x202f7730338 x1=0x202f9c63920 x2=0x202f9c50000
[call] malloc       x0=0x30 x1=0x202f9c63920 x2=0x202f9c50000
[call] __cxa_atexit x0=0x202f7730338 x1=0x202f9c63980 x2=0x202f9c50000
[call] malloc       x0=0x20 x1=0x202f9c63980 x2=0x202f9c50000
[call] __cxa_atexit x0=0x202f7730338 x1=0x202f9c639a0 x2=0x202f9c50000
[call] __cxa_atexit x0=0x202f7739ce4 x1=0x202f9c639c0 x2=0x202f9c50000
[call] __cxa_atexit x0=0x202f7730338 x1=0x202f9c96ae0 x2=0x202f9c50000
[call] __cxa_atexit x0=0x202f7730338 x1=0x202f9c96af8 x2=0x202f9c50000
[call] __cxa_atexit x0=0x202f7730338 x1=0x202f9c96b10 x2=0x202f9c50000
[call] __cxa_atexit x0=0x202f7730338 x1=0x202f9c96b28 x2=0x202f9c50000
[call] __cxa_atexit x0=0x202f7730338 x1=0x202f9c96b40 x2=0x202f9c50000
[call] __cxa_atexit x0=0x202f7730338 x1=0x202f9c96b58 x2=0x202f9c50000
[call] __cxa_atexit x0=0x202f7730338 x1=0x202f9c96b70 x2=0x202f9c50000
[call] __cxa_atexit x0=0x202f7730338 x1=0x202f9c96b88 x2=0x202f9c50000
[call] __cxa_atexit x0=0x202f7730338 x1=0x202f9c96ba0 x2=0x202f9c50000
[call] __cxa_atexit x0=0x202f7730338 x1=0x202f9c96bb8 x2=0x202f9c50000
[call] __cxa_atexit x0=0x202f7730338 x1=0x202f9c96bd0 x2=0x202f9c50000
[call] __cxa_atexit x0=0x202f7730338 x1=0x202f9c96be8 x2=0x202f9c50000
[call] __cxa_atexit x0=0x202f7730338 x1=0x202f9c96c00 x2=0x202f9c50000
[call] __cxa_atexit x0=0x202f7730338 x1=0x202f9c96c18 x2=0x202f9c50000
[call] __cxa_atexit x0=0x202f7730338 x1=0x202f9c96c30 x2=0x202f9c50000
[call] __cxa_atexit x0=0x202f7730338 x1=0x202f9c96c48 x2=0x202f9c50000
[call] __cxa_atexit x0=0x202f7730338 x1=0x202f9c96c60 x2=0x202f9c50000
[call] __cxa_atexit x0=0x202f7730338 x1=0x202f9c96c78 x2=0x202f9c50000
[call] malloc       x0=0x20 x1=0x202f9c96c78 x2=0x202f9c50000
[call] __cxa_atexit x0=0x202f7730338 x1=0x202f9c639f0 x2=0x202f9c50000
[call] __cxa_atexit x0=0x202f7730338 x1=0x202f9c96c90 x2=0x202f9c50000
[call] __cxa_atexit x0=0x202f7730338 x1=0x202f9c96ca8 x2=0x202f9c50000
[call] __cxa_atexit x0=0x202f7730338 x1=0x202f9c96cc0 x2=0x202f9c50000
[call] __cxa_atexit x0=0x202f7730338 x1=0x202f9c96cd8 x2=0x202f9c50000
[call] __cxa_atexit x0=0x202f7730338 x1=0x202f9c96cf0 x2=0x202f9c50000
[call] malloc       x0=0x20 x1=0x202f9c96cf0 x2=0x202f9c50000
[call] __cxa_atexit x0=0x202f7730338 x1=0x202f9c63a10 x2=0x202f9c50000
[call] __cxa_atexit x0=0x202f7730338 x1=0x202f9c96d08 x2=0x202f9c50000
[call] __cxa_atexit x0=0x202f7730338 x1=0x202f9c96d20 x2=0x202f9c50000
[call] __cxa_atexit x0=0x202f7730338 x1=0x202f9c96d38 x2=0x202f9c50000
[call] __cxa_atexit x0=0x202f7730338 x1=0x202f9c96d50 x2=0x202f9c50000
[call] __cxa_atexit x0=0x202f7730338 x1=0x202f9c96d68 x2=0x202f9c50000
[call] __cxa_atexit x0=0x202f7730338 x1=0x202f9c96d80 x2=0x202f9c50000
[call] __cxa_atexit x0=0x202f7730338 x1=0x202f9c96d98 x2=0x202f9c50000
[call] __cxa_atexit x0=0x202f7730338 x1=0x202f9c96db0 x2=0x202f9c50000
[call] __cxa_atexit x0=0x202f7730338 x1=0x202f9c96dc8 x2=0x202f9c50000
[call] malloc       x0=0x20 x1=0x202f9c96dc8 x2=0x202f9c50000
[call] __cxa_atexit x0=0x202f7730338 x1=0x202f9c63a30 x2=0x202f9c50000
[call] __cxa_atexit x0=0x202f7730338 x1=0x202f9c96de0 x2=0x202f9c50000
[call] __cxa_atexit x0=0x202f7730338 x1=0x202f9c96df8 x2=0x202f9c50000
[call] __cxa_atexit x0=0x202f7730338 x1=0x202f9c96e10 x2=0x202f9c50000
[call] __cxa_atexit x0=0x202f7730338 x1=0x202f9c96e28 x2=0x202f9c50000
[call] __cxa_atexit x0=0x202f7730338 x1=0x202f9c96e40 x2=0x202f9c50000
[call] __cxa_atexit x0=0x202f7730338 x1=0x202f9c96e58 x2=0x202f9c50000
[call] __cxa_atexit x0=0x202f7730338 x1=0x202f9c96e70 x2=0x202f9c50000
[call] malloc       x0=0x20 x1=0x202f9c96e70 x2=0x202f9c50000
[call] __cxa_atexit x0=0x202f7730338 x1=0x202f9c63a50 x2=0x202f9c50000
[call] malloc       x0=0x20 x1=0x202f9c63a50 x2=0x202f9c50000
[call] __cxa_atexit x0=0x202f7730338 x1=0x202f9c63a70 x2=0x202f9c50000
[call] malloc       x0=0x30 x1=0x202f9c63a70 x2=0x202f9c50000
[call] __cxa_atexit x0=0x202f7730338 x1=0x202f9c63a90 x2=0x202f9c50000
[call] malloc       x0=0x20 x1=0x202f9c63a90 x2=0x202f9c50000
[call] __cxa_atexit x0=0x202f7730338 x1=0x202f9c63ab0 x2=0x202f9c50000
[call] malloc       x0=0x20 x1=0x202f9c63ab0 x2=0x202f9c50000
[call] __cxa_atexit x0=0x202f7730338 x1=0x202f9c63ad0 x2=0x202f9c50000
[call] __cxa_atexit x0=0x202f7730338 x1=0x202f9c96e88 x2=0x202f9c50000
[call] __cxa_atexit x0=0x202f7730338 x1=0x202f9c96ea0 x2=0x202f9c50000
[call] __cxa_atexit x0=0x202f7730338 x1=0x202f9c96eb8 x2=0x202f9c50000
[call] __cxa_atexit x0=0x202f7730338 x1=0x202f9c96ed0 x2=0x202f9c50000
[call] __cxa_atexit x0=0x202f7730338 x1=0x202f9c96ee8 x2=0x202f9c50000
[call] __cxa_atexit x0=0x202f7730338 x1=0x202f9c96f00 x2=0x202f9c50000
[call] __cxa_atexit x0=0x202f7730338 x1=0x202f9c96f18 x2=0x202f9c50000
[call] __cxa_atexit x0=0x202f7730338 x1=0x202f9c96f30 x2=0x202f9c50000
[call] __cxa_atexit x0=0x202f7730338 x1=0x202f9c96f48 x2=0x202f9c50000
[call] malloc       x0=0x20 x1=0x202f9c96f48 x2=0x202f9c50000
[call] __cxa_atexit x0=0x202f7730338 x1=0x202f9c63af0 x2=0x202f9c50000
[call] __cxa_atexit x0=0x202f7730338 x1=0x202f9c96f60 x2=0x202f9c50000
[call] __cxa_atexit x0=0x202f7730338 x1=0x202f9c96f78 x2=0x202f9c50000
[call] __cxa_atexit x0=0x202f7730338 x1=0x202f9c96f90 x2=0x202f9c50000
[call] __cxa_atexit x0=0x202f7730338 x1=0x202f9c96fa8 x2=0x202f9c50000
[call] __cxa_atexit x0=0x202f7730338 x1=0x202f9c96fc0 x2=0x202f9c50000
[call] __cxa_atexit x0=0x202f7730338 x1=0x202f9c96fd8 x2=0x202f9c50000
[call] __cxa_atexit x0=0x202f7730338 x1=0x202f9c96ff0 x2=0x202f9c50000
[call] malloc       x0=0x20 x1=0x202f9c96ff0 x2=0x202f9c50000
[call] __cxa_atexit x0=0x202f7730338 x1=0x202f9c63b10 x2=0x202f9c50000
[call] malloc       x0=0x20 x1=0x202f9c63b10 x2=0x202f9c50000
[call] __cxa_atexit x0=0x202f7730338 x1=0x202f9c63b30 x2=0x202f9c50000
[call] __cxa_atexit x0=0x202f7730338 x1=0x202f9c97008 x2=0x202f9c50000
[call] __cxa_atexit x0=0x202f7730338 x1=0x202f9c97020 x2=0x202f9c50000
[call] __cxa_atexit x0=0x202f7730338 x1=0x202f9c97038 x2=0x202f9c50000
[call] __cxa_atexit x0=0x202f7730338 x1=0x202f9c97050 x2=0x202f9c50000
[call] malloc       x0=0x20 x1=0x202f9c97050 x2=0x202f9c50000
[call] __cxa_atexit x0=0x202f7730338 x1=0x202f9c63b50 x2=0x202f9c50000
[call] malloc       x0=0x30 x1=0x202f9c63b50 x2=0x202f9c50000
[call] __cxa_atexit x0=0x202f7730338 x1=0x202f9c63b70 x2=0x202f9c50000
[call] malloc       x0=0x20 x1=0x202f9c63b70 x2=0x202f9c50000
[call] __cxa_atexit x0=0x202f7730338 x1=0x202f9c63b90 x2=0x202f9c50000
[call] malloc       x0=0x30 x1=0x202f9c63b90 x2=0x202f9c50000
[call] __cxa_atexit x0=0x202f7730338 x1=0x202f9c63bb0 x2=0x202f9c50000
[call] __cxa_atexit x0=0x202f7730338 x1=0x202f9c97068 x2=0x202f9c50000
[call] __cxa_atexit x0=0x202f7730338 x1=0x202f9c97080 x2=0x202f9c50000
[call] __cxa_atexit x0=0x202f7730338 x1=0x202f9c97098 x2=0x202f9c50000
[call] __cxa_atexit x0=0x202f7730338 x1=0x202f9c970b0 x2=0x202f9c50000
[call] malloc       x0=0x20 x1=0x202f9c970b0 x2=0x202f9c50000
[call] __cxa_atexit x0=0x202f7730338 x1=0x202f9c63bd0 x2=0x202f9c50000
[call] __cxa_atexit x0=0x202f7730338 x1=0x202f9c970c8 x2=0x202f9c50000
[call] __cxa_atexit x0=0x202f7730338 x1=0x202f9c970e0 x2=0x202f9c50000
[call] __cxa_atexit x0=0x202f7730338 x1=0x202f9c970f8 x2=0x202f9c50000
[call] malloc       x0=0x20 x1=0x202f9c970f8 x2=0x202f9c50000
[call] __cxa_atexit x0=0x202f7730338 x1=0x202f9c63bf0 x2=0x202f9c50000
[call] malloc       x0=0x20 x1=0x202f9c63bf0 x2=0x202f9c50000
[call] __cxa_atexit x0=0x202f7730338 x1=0x202f9c63c10 x2=0x202f9c50000
[call] __cxa_atexit x0=0x202f7730338 x1=0x202f9c97110 x2=0x202f9c50000
[call] __cxa_atexit x0=0x202f7730338 x1=0x202f9c97128 x2=0x202f9c50000
[call] __cxa_atexit x0=0x202f7730338 x1=0x202f9c97140 x2=0x202f9c50000
[call] __cxa_atexit x0=0x202f7730338 x1=0x202f9c97158 x2=0x202f9c50000
[call] __cxa_atexit x0=0x202f7730338 x1=0x202f9c97170 x2=0x202f9c50000
[call] __cxa_atexit x0=0x202f7730338 x1=0x202f9c97188 x2=0x202f9c50000
[call] __cxa_atexit x0=0x202f7730338 x1=0x202f9c971a0 x2=0x202f9c50000
[call] __cxa_atexit x0=0x202f7730338 x1=0x202f9c971b8 x2=0x202f9c50000
[call] __cxa_atexit x0=0x202f7730338 x1=0x202f9c971d0 x2=0x202f9c50000
[call] __cxa_atexit x0=0x202f7730338 x1=0x202f9c971e8 x2=0x202f9c50000
[call] __cxa_atexit x0=0x202f7730338 x1=0x202f9c97200 x2=0x202f9c50000
[call] __cxa_atexit x0=0x202f7730338 x1=0x202f9c97218 x2=0x202f9c50000
[call] __cxa_atexit x0=0x202f7730338 x1=0x202f9c97230 x2=0x202f9c50000
[call] __cxa_atexit x0=0x202f7730338 x1=0x202f9c97248 x2=0x202f9c50000
[call] __cxa_atexit x0=0x202f7730338 x1=0x202f9c97260 x2=0x202f9c50000
[call] malloc       x0=0x30 x1=0x202f9c97260 x2=0x202f9c50000
[call] __cxa_atexit x0=0x202f7730338 x1=0x202f9c63c50 x2=0x202f9c50000
[call] malloc       x0=0x20 x1=0x202f9c63c50 x2=0x202f9c50000
[call] __cxa_atexit x0=0x202f7730338 x1=0x202f9c63c70 x2=0x202f9c50000
[call] __cxa_atexit x0=0x202f7730338 x1=0x202f9c972a8 x2=0x202f9c50000
[call] __cxa_atexit x0=0x202f7730338 x1=0x202f9c972c0 x2=0x202f9c50000
[call] __cxa_atexit x0=0x202f7730338 x1=0x202f9c972d8 x2=0x202f9c50000
[call] malloc       x0=0x30 x1=0x202f9c972d8 x2=0x202f9c50000
[call] __cxa_atexit x0=0x202f7730338 x1=0x202f9c63cb0 x2=0x202f9c50000
[call] malloc       x0=0x20 x1=0x202f9c63cb0 x2=0x202f9c50000
[call] __cxa_atexit x0=0x202f7730338 x1=0x202f9c63cd0 x2=0x202f9c50000
[call] __cxa_atexit x0=0x202f7730338 x1=0x202f9c972f0 x2=0x202f9c50000
[call] __cxa_atexit x0=0x202f7730338 x1=0x202f9c97308 x2=0x202f9c50000
[call] __cxa_atexit x0=0x202f7730338 x1=0x202f9c97320 x2=0x202f9c50000
[call] malloc       x0=0x30 x1=0x202f9c97320 x2=0x202f9c50000
[call] __cxa_atexit x0=0x202f7730338 x1=0x202f9c63d10 x2=0x202f9c50000
[call] malloc       x0=0x20 x1=0x202f9c63d10 x2=0x202f9c50000
[call] __cxa_atexit x0=0x202f7730338 x1=0x202f9c63d30 x2=0x202f9c50000
[call] malloc       x0=0x30 x1=0x202f9c63d30 x2=0x202f9c50000
[call] __cxa_atexit x0=0x202f7730338 x1=0x202f9c63d70 x2=0x202f9c50000
[call] malloc       x0=0x20 x1=0x202f9c63d70 x2=0x202f9c50000
[call] __cxa_atexit x0=0x202f7730338 x1=0x202f9c63d90 x2=0x202f9c50000
[call] __cxa_atexit x0=0x202f7730338 x1=0x202f9c97350 x2=0x202f9c50000
[call] malloc       x0=0x30 x1=0x202f9c97350 x2=0x202f9c50000
[call] __cxa_atexit x0=0x202f7730338 x1=0x202f9c63dd0 x2=0x202f9c50000
[call] malloc       x0=0x20 x1=0x202f9c63dd0 x2=0x202f9c50000
[call] __cxa_atexit x0=0x202f7730338 x1=0x202f9c63df0 x2=0x202f9c50000
[call] malloc       x0=0x30 x1=0x202f9c63df0 x2=0x202f9c50000
[call] __cxa_atexit x0=0x202f7730338 x1=0x202f9c63e30 x2=0x202f9c50000
[call] malloc       x0=0x20 x1=0x202f9c63e30 x2=0x202f9c50000
[call] __cxa_atexit x0=0x202f7730338 x1=0x202f9c63e50 x2=0x202f9c50000
[call] __cxa_atexit x0=0x202f7730338 x1=0x202f9c973b0 x2=0x202f9c50000
[call] malloc       x0=0x30 x1=0x202f9c973b0 x2=0x202f9c50000
[call] __cxa_atexit x0=0x202f7730338 x1=0x202f9c63e90 x2=0x202f9c50000
[call] malloc       x0=0x20 x1=0x202f9c63e90 x2=0x202f9c50000
[call] __cxa_atexit x0=0x202f7730338 x1=0x202f9c63eb0 x2=0x202f9c50000
[call] malloc       x0=0x30 x1=0x202f9c63eb0 x2=0x202f9c50000
[call] __cxa_atexit x0=0x202f7730338 x1=0x202f9c63ef0 x2=0x202f9c50000
[call] malloc       x0=0x20 x1=0x202f9c63ef0 x2=0x202f9c50000
[call] __cxa_atexit x0=0x202f7730338 x1=0x202f9c63f10 x2=0x202f9c50000
[call] malloc       x0=0x30 x1=0x202f9c63f10 x2=0x202f9c50000
[call] __cxa_atexit x0=0x202f7730338 x1=0x202f9c63f50 x2=0x202f9c50000
[call] malloc       x0=0x20 x1=0x202f9c63f50 x2=0x202f9c50000
[call] __cxa_atexit x0=0x202f7730338 x1=0x202f9c63f70 x2=0x202f9c50000
[call] __cxa_atexit x0=0x202f7730338 x1=0x202f9c973e0 x2=0x202f9c50000
[call] malloc       x0=0x30 x1=0x202f9c973e0 x2=0x202f9c50000
[call] __cxa_atexit x0=0x202f7730338 x1=0x202f9c63fb0 x2=0x202f9c50000
[call] malloc       x0=0x20 x1=0x202f9c63fb0 x2=0x202f9c50000
[call] __cxa_atexit x0=0x202f7730338 x1=0x202f9c63fd0 x2=0x202f9c50000
[call] __cxa_atexit x0=0x202f7739ce4 x1=0x202f9c63ff0 x2=0x202f9c50000
[call] __cxa_atexit x0=0x202f7730338 x1=0x202f9c97410 x2=0x202f9c50000
[call] malloc       x0=0x30 x1=0x202f9c97410 x2=0x202f9c50000
[call] __cxa_atexit x0=0x202f7730338 x1=0x202f9c64040 x2=0x202f9c50000
[call] malloc       x0=0x20 x1=0x202f9c64040 x2=0x202f9c50000
[call] __cxa_atexit x0=0x202f7730338 x1=0x202f9c64060 x2=0x202f9c50000
[call] __cxa_atexit x0=0x202f7739ce4 x1=0x202f9c64080 x2=0x202f9c50000
[call] __cxa_atexit x0=0x202f7730338 x1=0x202f9c97428 x2=0x202f9c50000
[call] malloc       x0=0x30 x1=0x202f9c97428 x2=0x202f9c50000
[call] __cxa_atexit x0=0x202f7730338 x1=0x202f9c640d0 x2=0x202f9c50000
[call] malloc       x0=0x20 x1=0x202f9c640d0 x2=0x202f9c50000
[call] __cxa_atexit x0=0x202f7730338 x1=0x202f9c640f0 x2=0x202f9c50000
[call] malloc       x0=0x30 x1=0x202f9c640f0 x2=0x202f9c50000
[call] __cxa_atexit x0=0x202f7730338 x1=0x202f9c64130 x2=0x202f9c50000
[call] malloc       x0=0x20 x1=0x202f9c64130 x2=0x202f9c50000
[call] __cxa_atexit x0=0x202f7730338 x1=0x202f9c64150 x2=0x202f9c50000
[call] malloc       x0=0x30 x1=0x202f9c64150 x2=0x202f9c50000
[call] __cxa_atexit x0=0x202f7730338 x1=0x202f9c64190 x2=0x202f9c50000
[call] malloc       x0=0x20 x1=0x202f9c64190 x2=0x202f9c50000
[call] __cxa_atexit x0=0x202f7730338 x1=0x202f9c641b0 x2=0x202f9c50000
[call] malloc       x0=0x30 x1=0x202f9c641b0 x2=0x202f9c50000
[call] __cxa_atexit x0=0x202f7730338 x1=0x202f9c641f0 x2=0x202f9c50000
[call] malloc       x0=0x20 x1=0x202f9c641f0 x2=0x202f9c50000
[call] __cxa_atexit x0=0x202f7730338 x1=0x202f9c64210 x2=0x202f9c50000
[call] __cxa_atexit x0=0x202f7730338 x1=0x202f9c97470 x2=0x202f9c50000
[call] malloc       x0=0x30 x1=0x202f9c97470 x2=0x202f9c50000
[call] __cxa_atexit x0=0x202f7730338 x1=0x202f9c64250 x2=0x202f9c50000
[call] malloc       x0=0x20 x1=0x202f9c64250 x2=0x202f9c50000
[call] __cxa_atexit x0=0x202f7730338 x1=0x202f9c64270 x2=0x202f9c50000
[call] malloc       x0=0x30 x1=0x202f9c64270 x2=0x202f9c50000
[call] __cxa_atexit x0=0x202f7730338 x1=0x202f9c642b0 x2=0x202f9c50000
[call] malloc       x0=0x20 x1=0x202f9c642b0 x2=0x202f9c50000
[call] __cxa_atexit x0=0x202f7730338 x1=0x202f9c642d0 x2=0x202f9c50000
[call] malloc       x0=0x30 x1=0x202f9c642d0 x2=0x202f9c50000
[call] __cxa_atexit x0=0x202f7730338 x1=0x202f9c64310 x2=0x202f9c50000
[call] malloc       x0=0x20 x1=0x202f9c64310 x2=0x202f9c50000
[call] __cxa_atexit x0=0x202f7730338 x1=0x202f9c64330 x2=0x202f9c50000
[call] __cxa_atexit x0=0x202f7730338 x1=0x202f9c97488 x2=0x202f9c50000
[call] malloc       x0=0x30 x1=0x202f9c97488 x2=0x202f9c50000
[call] __cxa_atexit x0=0x202f7730338 x1=0x202f9c64370 x2=0x202f9c50000
[call] malloc       x0=0x20 x1=0x202f9c64370 x2=0x202f9c50000
[call] __cxa_atexit x0=0x202f7730338 x1=0x202f9c64390 x2=0x202f9c50000
[call] malloc       x0=0x30 x1=0x202f9c64390 x2=0x202f9c50000
[call] __cxa_atexit x0=0x202f7730338 x1=0x202f9c643d0 x2=0x202f9c50000
[call] malloc       x0=0x20 x1=0x202f9c643d0 x2=0x202f9c50000
[call] __cxa_atexit x0=0x202f7730338 x1=0x202f9c643f0 x2=0x202f9c50000
[call] __cxa_atexit x0=0x202f7730338 x1=0x202f9c974a0 x2=0x202f9c50000
[call] malloc       x0=0x30 x1=0x202f9c974a0 x2=0x202f9c50000
[call] __cxa_atexit x0=0x202f7730338 x1=0x202f9c64410 x2=0x202f9c50000
[call] malloc       x0=0x30 x1=0x202f9c64410 x2=0x202f9c50000
[call] __cxa_atexit x0=0x202f7730338 x1=0x202f9c64450 x2=0x202f9c50000
[call] malloc       x0=0x20 x1=0x202f9c64450 x2=0x202f9c50000
[call] __cxa_atexit x0=0x202f7730338 x1=0x202f9c64470 x2=0x202f9c50000
[call] malloc       x0=0x30 x1=0x202f9c64470 x2=0x202f9c50000
[call] __cxa_atexit x0=0x202f7730338 x1=0x202f9c644b0 x2=0x202f9c50000
[call] malloc       x0=0x20 x1=0x202f9c644b0 x2=0x202f9c50000
[call] __cxa_atexit x0=0x202f7730338 x1=0x202f9c644d0 x2=0x202f9c50000
[call] __cxa_atexit x0=0x202f7730338 x1=0x202f9c974e8 x2=0x202f9c50000
[call] malloc       x0=0x30 x1=0x202f9c974e8 x2=0x202f9c50000
[call] __cxa_atexit x0=0x202f7730338 x1=0x202f9c64510 x2=0x202f9c50000
[call] malloc       x0=0x20 x1=0x202f9c64510 x2=0x202f9c50000
[call] __cxa_atexit x0=0x202f7730338 x1=0x202f9c64530 x2=0x202f9c50000
[call] __cxa_atexit x0=0x202f7730338 x1=0x202f9c97500 x2=0x202f9c50000
[call] __cxa_atexit x0=0x202f7739ce4 x1=0x202f9c64550 x2=0x202f9c50000
[call] __cxa_atexit x0=0x202f7730338 x1=0x202f9c97518 x2=0x202f9c50000
[call] malloc       x0=0x20 x1=0x202f9c97518 x2=0x202f9c50000
[call] __cxa_atexit x0=0x202f7730338 x1=0x202f9c64580 x2=0x202f9c50000
[call] malloc       x0=0x20 x1=0x202f9c64580 x2=0x202f9c50000
[call] __cxa_atexit x0=0x202f7730338 x1=0x202f9c645a0 x2=0x202f9c50000
[call] malloc       x0=0x30 x1=0x202f9c645a0 x2=0x202f9c50000
[call] __cxa_atexit x0=0x202f7730338 x1=0x202f9c645e0 x2=0x202f9c50000
[call] malloc       x0=0x20 x1=0x202f9c645e0 x2=0x202f9c50000
[call] __cxa_atexit x0=0x202f7730338 x1=0x202f9c64600 x2=0x202f9c50000
[call] malloc       x0=0x30 x1=0x202f9c64600 x2=0x202f9c50000
[call] __cxa_atexit x0=0x202f7730338 x1=0x202f9c64640 x2=0x202f9c50000
[call] malloc       x0=0x20 x1=0x202f9c64640 x2=0x202f9c50000
[call] __cxa_atexit x0=0x202f7730338 x1=0x202f9c64660 x2=0x202f9c50000
[call] malloc       x0=0x30 x1=0x202f9c64660 x2=0x202f9c50000
[call] __cxa_atexit x0=0x202f7730338 x1=0x202f9c646a0 x2=0x202f9c50000
[call] malloc       x0=0x20 x1=0x202f9c646a0 x2=0x202f9c50000
[call] __cxa_atexit x0=0x202f7730338 x1=0x202f9c646c0 x2=0x202f9c50000
[call] __cxa_atexit x0=0x202f7730338 x1=0x202f9c97530 x2=0x202f9c50000
[call] __cxa_atexit x0=0x202f7730338 x1=0x202f9c97548 x2=0x202f9c50000
[call] __cxa_atexit x0=0x202f7730338 x1=0x202f9c97560 x2=0x202f9c50000
[call] __cxa_atexit x0=0x202f7730338 x1=0x202f9c97578 x2=0x202f9c50000
[call] malloc       x0=0x20 x1=0x202f9c97578 x2=0x202f9c50000
[call] __cxa_atexit x0=0x202f7730338 x1=0x202f9c646e0 x2=0x202f9c50000
[call] malloc       x0=0x20 x1=0x202f9c646e0 x2=0x202f9c50000
[call] __cxa_atexit x0=0x202f7730338 x1=0x202f9c64700 x2=0x202f9c50000
[call] malloc       x0=0x20 x1=0x202f9c64700 x2=0x202f9c50000
[call] __cxa_atexit x0=0x202f7730338 x1=0x202f9c64720 x2=0x202f9c50000
[call] malloc       x0=0x30 x1=0x202f9c64720 x2=0x202f9c50000
[call] __cxa_atexit x0=0x202f7730338 x1=0x202f9c64760 x2=0x202f9c50000
[call] malloc       x0=0x20 x1=0x202f9c64760 x2=0x202f9c50000
[call] __cxa_atexit x0=0x202f7730338 x1=0x202f9c64780 x2=0x202f9c50000
[call] malloc       x0=0x30 x1=0x202f9c64780 x2=0x202f9c50000
[call] __cxa_atexit x0=0x202f7730338 x1=0x202f9c647c0 x2=0x202f9c50000
[call] malloc       x0=0x20 x1=0x202f9c647c0 x2=0x202f9c50000
[call] __cxa_atexit x0=0x202f7730338 x1=0x202f9c647e0 x2=0x202f9c50000
[call] malloc       x0=0x30 x1=0x202f9c647e0 x2=0x202f9c50000
[call] __cxa_atexit x0=0x202f7730338 x1=0x202f9c64820 x2=0x202f9c50000
[call] malloc       x0=0x20 x1=0x202f9c64820 x2=0x202f9c50000
[call] __cxa_atexit x0=0x202f7730338 x1=0x202f9c64840 x2=0x202f9c50000
[call] malloc       x0=0x30 x1=0x202f9c64840 x2=0x202f9c50000
[call] __cxa_atexit x0=0x202f7730338 x1=0x202f9c648c0 x2=0x202f9c50000
[call] malloc       x0=0x20 x1=0x202f9c648c0 x2=0x202f9c50000
[call] __cxa_atexit x0=0x202f7730338 x1=0x202f9c648e0 x2=0x202f9c50000
[call] __cxa_atexit x0=0x202f7730338 x1=0x202f9c977e8 x2=0x202f9c50000
[call] malloc       x0=0x30 x1=0x202f9c977e8 x2=0x202f9c50000
[call] __cxa_atexit x0=0x202f7730338 x1=0x202f9c64920 x2=0x202f9c50000
[call] malloc       x0=0x20 x1=0x202f9c64920 x2=0x202f9c50000
[call] __cxa_atexit x0=0x202f7730338 x1=0x202f9c64940 x2=0x202f9c50000
[call] malloc       x0=0x30 x1=0x202f9c64940 x2=0x202f9c50000
[call] __cxa_atexit x0=0x202f7730338 x1=0x202f9c649e0 x2=0x202f9c50000
[call] malloc       x0=0x20 x1=0x202f9c649e0 x2=0x202f9c50000
[call] __cxa_atexit x0=0x202f7730338 x1=0x202f9c64a00 x2=0x202f9c50000
[call] __cxa_atexit x0=0x202f7730338 x1=0x202f9c978c0 x2=0x202f9c50000
[call] malloc       x0=0x30 x1=0x202f9c978c0 x2=0x202f9c50000
[call] __cxa_atexit x0=0x202f7730338 x1=0x202f9c64a40 x2=0x202f9c50000
[call] malloc       x0=0x20 x1=0x202f9c64a40 x2=0x202f9c50000
[call] __cxa_atexit x0=0x202f7730338 x1=0x202f9c64a60 x2=0x202f9c50000
[call] __cxa_atexit x0=0x202f7730338 x1=0x202f9c978d8 x2=0x202f9c50000
[call] malloc       x0=0x30 x1=0x202f9c978d8 x2=0x202f9c50000
[call] __cxa_atexit x0=0x202f7730338 x1=0x202f9c64a80 x2=0x202f9c50000
[call] malloc       x0=0x30 x1=0x202f9c64a80 x2=0x202f9c50000
[call] __cxa_atexit x0=0x202f7730338 x1=0x202f9c64ac0 x2=0x202f9c50000
[call] malloc       x0=0x20 x1=0x202f9c64ac0 x2=0x202f9c50000
[call] __cxa_atexit x0=0x202f7730338 x1=0x202f9c64ae0 x2=0x202f9c50000
[call] malloc       x0=0x30 x1=0x202f9c64ae0 x2=0x202f9c50000
[call] __cxa_atexit x0=0x202f7730338 x1=0x202f9c64b20 x2=0x202f9c50000
[call] malloc       x0=0x20 x1=0x202f9c64b20 x2=0x202f9c50000
[call] __cxa_atexit x0=0x202f7730338 x1=0x202f9c64b40 x2=0x202f9c50000
[call] malloc       x0=0x30 x1=0x202f9c64b40 x2=0x202f9c50000
[call] __cxa_atexit x0=0x202f7730338 x1=0x202f9c64b80 x2=0x202f9c50000
[call] malloc       x0=0x20 x1=0x202f9c64b80 x2=0x202f9c50000
[call] __cxa_atexit x0=0x202f7730338 x1=0x202f9c64ba0 x2=0x202f9c50000
[call] malloc       x0=0x30 x1=0x202f9c64ba0 x2=0x202f9c50000
[call] __cxa_atexit x0=0x202f7730338 x1=0x202f9c64be0 x2=0x202f9c50000
[call] malloc       x0=0x20 x1=0x202f9c64be0 x2=0x202f9c50000
[call] __cxa_atexit x0=0x202f7730338 x1=0x202f9c64c00 x2=0x202f9c50000
[call] malloc       x0=0x30 x1=0x202f9c64c00 x2=0x202f9c50000
[call] __cxa_atexit x0=0x202f7730338 x1=0x202f9c64c40 x2=0x202f9c50000
[call] malloc       x0=0x20 x1=0x202f9c64c40 x2=0x202f9c50000
[call] __cxa_atexit x0=0x202f7730338 x1=0x202f9c64c60 x2=0x202f9c50000
[call] malloc       x0=0x30 x1=0x202f9c64c60 x2=0x202f9c50000
[call] __cxa_atexit x0=0x202f7730338 x1=0x202f9c64ca0 x2=0x202f9c50000
[call] malloc       x0=0x20 x1=0x202f9c64ca0 x2=0x202f9c50000
[call] __cxa_atexit x0=0x202f7730338 x1=0x202f9c64cc0 x2=0x202f9c50000
[call] malloc       x0=0x30 x1=0x202f9c64cc0 x2=0x202f9c50000
[call] __cxa_atexit x0=0x202f7730338 x1=0x202f9c64d00 x2=0x202f9c50000
[call] malloc       x0=0x20 x1=0x202f9c64d00 x2=0x202f9c50000
[call] __cxa_atexit x0=0x202f7730338 x1=0x202f9c64d20 x2=0x202f9c50000
[call] __cxa_atexit x0=0x202f7730338 x1=0x202f9c978f0 x2=0x202f9c50000
[call] malloc       x0=0x30 x1=0x202f9c978f0 x2=0x202f9c50000
[call] __cxa_atexit x0=0x202f7730338 x1=0x202f9c64d60 x2=0x202f9c50000
[call] malloc       x0=0x20 x1=0x202f9c64d60 x2=0x202f9c50000
[call] __cxa_atexit x0=0x202f7730338 x1=0x202f9c64d80 x2=0x202f9c50000
[call] malloc       x0=0x30 x1=0x202f9c64d80 x2=0x202f9c50000
[call] __cxa_atexit x0=0x202f7730338 x1=0x202f9c64dc0 x2=0x202f9c50000
[call] malloc       x0=0x20 x1=0x202f9c64dc0 x2=0x202f9c50000
[call] __cxa_atexit x0=0x202f7730338 x1=0x202f9c64de0 x2=0x202f9c50000
[call] malloc       x0=0x30 x1=0x202f9c64de0 x2=0x202f9c50000
[call] __cxa_atexit x0=0x202f7730338 x1=0x202f9c64e00 x2=0x202f9c50000
[call] malloc       x0=0x40 x1=0x202f9c64e00 x2=0x202f9c50000
[call] __cxa_atexit x0=0x202f7730338 x1=0x202f9c64e20 x2=0x202f9c50000
[call] malloc       x0=0x30 x1=0x202f9c64e20 x2=0x202f9c50000
[call] __cxa_atexit x0=0x202f7730338 x1=0x202f9c64e40 x2=0x202f9c50000
[call] malloc       x0=0x30 x1=0x202f9c64e40 x2=0x202f9c50000
[call] __cxa_atexit x0=0x202f7730338 x1=0x202f9c64e80 x2=0x202f9c50000
[call] malloc       x0=0x20 x1=0x202f9c64e80 x2=0x202f9c50000
[call] __cxa_atexit x0=0x202f7730338 x1=0x202f9c64ea0 x2=0x202f9c50000
[call] malloc       x0=0x30 x1=0x202f9c64ea0 x2=0x202f9c50000
[call] __cxa_atexit x0=0x202f7730338 x1=0x202f9c64ee0 x2=0x202f9c50000
[call] malloc       x0=0x20 x1=0x202f9c64ee0 x2=0x202f9c50000
[call] __cxa_atexit x0=0x202f7730338 x1=0x202f9c64f00 x2=0x202f9c50000
[call] malloc       x0=0x30 x1=0x202f9c64f00 x2=0x202f9c50000
[call] __cxa_atexit x0=0x202f7730338 x1=0x202f9c64f40 x2=0x202f9c50000
[call] malloc       x0=0x20 x1=0x202f9c64f40 x2=0x202f9c50000
[call] __cxa_atexit x0=0x202f7730338 x1=0x202f9c64f60 x2=0x202f9c50000
[call] malloc       x0=0x30 x1=0x202f9c64f60 x2=0x202f9c50000
[call] __cxa_atexit x0=0x202f7730338 x1=0x202f9c64fa0 x2=0x202f9c50000
[call] malloc       x0=0x20 x1=0x202f9c64fa0 x2=0x202f9c50000
[call] __cxa_atexit x0=0x202f7730338 x1=0x202f9c64fc0 x2=0x202f9c50000
[call] malloc       x0=0x30 x1=0x202f9c64fc0 x2=0x202f9c50000
[call] __cxa_atexit x0=0x202f7730338 x1=0x202f9c65000 x2=0x202f9c50000
[call] malloc       x0=0x20 x1=0x202f9c65000 x2=0x202f9c50000
[call] __cxa_atexit x0=0x202f7730338 x1=0x202f9c65020 x2=0x202f9c50000
[call] malloc       x0=0x30 x1=0x202f9c65020 x2=0x202f9c50000
[call] __cxa_atexit x0=0x202f7730338 x1=0x202f9c650a0 x2=0x202f9c50000
[call] malloc       x0=0x20 x1=0x202f9c650a0 x2=0x202f9c50000
[call] __cxa_atexit x0=0x202f7730338 x1=0x202f9c650c0 x2=0x202f9c50000
[call] malloc       x0=0x30 x1=0x202f9c650c0 x2=0x202f9c50000
[call] __cxa_atexit x0=0x202f7730338 x1=0x202f9c65100 x2=0x202f9c50000
[call] malloc       x0=0x20 x1=0x202f9c65100 x2=0x202f9c50000
[call] __cxa_atexit x0=0x202f7730338 x1=0x202f9c65120 x2=0x202f9c50000
[call] malloc       x0=0x30 x1=0x202f9c65120 x2=0x202f9c50000
[call] __cxa_atexit x0=0x202f7730338 x1=0x202f9c65160 x2=0x202f9c50000
[call] malloc       x0=0x20 x1=0x202f9c65160 x2=0x202f9c50000
[call] __cxa_atexit x0=0x202f7730338 x1=0x202f9c65180 x2=0x202f9c50000
[call] malloc       x0=0x30 x1=0x202f9c65180 x2=0x202f9c50000
[call] __cxa_atexit x0=0x202f7730338 x1=0x202f9c651c0 x2=0x202f9c50000
[call] malloc       x0=0x20 x1=0x202f9c651c0 x2=0x202f9c50000
[call] __cxa_atexit x0=0x202f7730338 x1=0x202f9c651e0 x2=0x202f9c50000
[call] malloc       x0=0x30 x1=0x202f9c651e0 x2=0x202f9c50000
[call] __cxa_atexit x0=0x202f7730338 x1=0x202f9c65220 x2=0x202f9c50000
[call] malloc       x0=0x20 x1=0x202f9c65220 x2=0x202f9c50000
[call] __cxa_atexit x0=0x202f7730338 x1=0x202f9c65240 x2=0x202f9c50000
[call] malloc       x0=0x30 x1=0x202f9c65240 x2=0x202f9c50000
[call] __cxa_atexit x0=0x202f7730338 x1=0x202f9c65280 x2=0x202f9c50000
[call] malloc       x0=0x20 x1=0x202f9c65280 x2=0x202f9c50000
[call] __cxa_atexit x0=0x202f7730338 x1=0x202f9c652a0 x2=0x202f9c50000
[call] __cxa_atexit x0=0x202f7730338 x1=0x202f9c97b60 x2=0x202f9c50000
[call] __cxa_atexit x0=0x202f7730338 x1=0x202f9c97b78 x2=0x202f9c50000
[call] malloc       x0=0x30 x1=0x202f9c97b78 x2=0x202f9c50000
[call] __cxa_atexit x0=0x202f7730338 x1=0x202f9c652e0 x2=0x202f9c50000
[call] malloc       x0=0x20 x1=0x202f9c652e0 x2=0x202f9c50000
[call] __cxa_atexit x0=0x202f7730338 x1=0x202f9c65300 x2=0x202f9c50000
[call] __cxa_atexit x0=0x202f7730338 x1=0x202f9c97c20 x2=0x202f9c50000
[call] malloc       x0=0x30 x1=0x202f9c97c20 x2=0x202f9c50000
[call] __cxa_atexit x0=0x202f7730338 x1=0x202f9c65340 x2=0x202f9c50000
[call] malloc       x0=0x20 x1=0x202f9c65340 x2=0x202f9c50000
[call] __cxa_atexit x0=0x202f7730338 x1=0x202f9c65360 x2=0x202f9c50000
[call] malloc       x0=0x30 x1=0x202f9c65360 x2=0x202f9c50000
[call] __cxa_atexit x0=0x202f7730338 x1=0x202f9c653a0 x2=0x202f9c50000
[call] malloc       x0=0x20 x1=0x202f9c653a0 x2=0x202f9c50000
[call] __cxa_atexit x0=0x202f7730338 x1=0x202f9c653c0 x2=0x202f9c50000
[call] __cxa_atexit x0=0x202f7730338 x1=0x202f9c97c38 x2=0x202f9c50000
[call] malloc       x0=0x30 x1=0x202f9c97c38 x2=0x202f9c50000
[call] __cxa_atexit x0=0x202f7730338 x1=0x202f9c65400 x2=0x202f9c50000
[call] malloc       x0=0x20 x1=0x202f9c65400 x2=0x202f9c50000
[call] __cxa_atexit x0=0x202f7730338 x1=0x202f9c65420 x2=0x202f9c50000
[call] malloc       x0=0x30 x1=0x202f9c65420 x2=0x202f9c50000
[call] __cxa_atexit x0=0x202f7730338 x1=0x202f9c65460 x2=0x202f9c50000
[call] malloc       x0=0x20 x1=0x202f9c65460 x2=0x202f9c50000
[call] __cxa_atexit x0=0x202f7730338 x1=0x202f9c65480 x2=0x202f9c50000
[call] malloc       x0=0x30 x1=0x202f9c65480 x2=0x202f9c50000
[call] __cxa_atexit x0=0x202f7730338 x1=0x202f9c654c0 x2=0x202f9c50000
[call] malloc       x0=0x20 x1=0x202f9c654c0 x2=0x202f9c50000
[call] __cxa_atexit x0=0x202f7730338 x1=0x202f9c654e0 x2=0x202f9c50000
[call] malloc       x0=0x30 x1=0x202f9c654e0 x2=0x202f9c50000
[call] __cxa_atexit x0=0x202f7730338 x1=0x202f9c65520 x2=0x202f9c50000
[call] malloc       x0=0x20 x1=0x202f9c65520 x2=0x202f9c50000
[call] __cxa_atexit x0=0x202f7730338 x1=0x202f9c65540 x2=0x202f9c50000
[call] malloc       x0=0x30 x1=0x202f9c65540 x2=0x202f9c50000
[call] __cxa_atexit x0=0x202f7730338 x1=0x202f9c65580 x2=0x202f9c50000
[call] malloc       x0=0x20 x1=0x202f9c65580 x2=0x202f9c50000
[call] __cxa_atexit x0=0x202f7730338 x1=0x202f9c655a0 x2=0x202f9c50000
[call] malloc       x0=0x30 x1=0x202f9c655a0 x2=0x202f9c50000
[call] __cxa_atexit x0=0x202f7730338 x1=0x202f9c655e0 x2=0x202f9c50000
[call] malloc       x0=0x20 x1=0x202f9c655e0 x2=0x202f9c50000
[call] __cxa_atexit x0=0x202f7730338 x1=0x202f9c65600 x2=0x202f9c50000
[call] malloc       x0=0x30 x1=0x202f9c65600 x2=0x202f9c50000
[call] __cxa_atexit x0=0x202f7730338 x1=0x202f9c65640 x2=0x202f9c50000
[call] malloc       x0=0x20 x1=0x202f9c65640 x2=0x202f9c50000
[call] __cxa_atexit x0=0x202f7730338 x1=0x202f9c65660 x2=0x202f9c50000
[call] malloc       x0=0x30 x1=0x202f9c65660 x2=0x202f9c50000
[call] __cxa_atexit x0=0x202f7730338 x1=0x202f9c656a0 x2=0x202f9c50000
[call] malloc       x0=0x20 x1=0x202f9c656a0 x2=0x202f9c50000
[call] __cxa_atexit x0=0x202f7730338 x1=0x202f9c656c0 x2=0x202f9c50000
[call] malloc       x0=0x30 x1=0x202f9c656c0 x2=0x202f9c50000
[call] __cxa_atexit x0=0x202f7730338 x1=0x202f9c65700 x2=0x202f9c50000
[call] malloc       x0=0x20 x1=0x202f9c65700 x2=0x202f9c50000
[call] __cxa_atexit x0=0x202f7730338 x1=0x202f9c65720 x2=0x202f9c50000
[call] __cxa_atexit x0=0x202f7730338 x1=0x202f9c97e48 x2=0x202f9c50000
[call] malloc       x0=0x30 x1=0x202f9c97e48 x2=0x202f9c50000
[call] __cxa_atexit x0=0x202f7730338 x1=0x202f9c65760 x2=0x202f9c50000
[call] malloc       x0=0x20 x1=0x202f9c65760 x2=0x202f9c50000
[call] __cxa_atexit x0=0x202f7730338 x1=0x202f9c65780 x2=0x202f9c50000
[call] malloc       x0=0x30 x1=0x202f9c65780 x2=0x202f9c50000
[call] __cxa_atexit x0=0x202f7730338 x1=0x202f9c657c0 x2=0x202f9c50000
[call] malloc       x0=0x20 x1=0x202f9c657c0 x2=0x202f9c50000
[call] __cxa_atexit x0=0x202f7730338 x1=0x202f9c657e0 x2=0x202f9c50000
[call] malloc       x0=0x30 x1=0x202f9c657e0 x2=0x202f9c50000
[call] __cxa_atexit x0=0x202f7730338 x1=0x202f9c65820 x2=0x202f9c50000
[call] malloc       x0=0x20 x1=0x202f9c65820 x2=0x202f9c50000
[call] __cxa_atexit x0=0x202f7730338 x1=0x202f9c65840 x2=0x202f9c50000
[call] __cxa_atexit x0=0x202f7730338 x1=0x202f9c97e90 x2=0x202f9c50000
[call] malloc       x0=0x20 x1=0x202f9c97e90 x2=0x202f9c50000
[call] __cxa_atexit x0=0x202f7730338 x1=0x202f9c65860 x2=0x202f9c50000
[call] malloc       x0=0x30 x1=0x202f9c65860 x2=0x202f9c50000
[call] __cxa_atexit x0=0x202f7730338 x1=0x202f9c65880 x2=0x202f9c50000
[call] malloc       x0=0x30 x1=0x202f9c65880 x2=0x202f9c50000
[call] __cxa_atexit x0=0x202f7730338 x1=0x202f9c658c0 x2=0x202f9c50000
[call] malloc       x0=0x20 x1=0x202f9c658c0 x2=0x202f9c50000
[call] __cxa_atexit x0=0x202f7730338 x1=0x202f9c658e0 x2=0x202f9c50000
[call] malloc       x0=0x30 x1=0x202f9c658e0 x2=0x202f9c50000
[call] __cxa_atexit x0=0x202f7730338 x1=0x202f9c65920 x2=0x202f9c50000
[call] malloc       x0=0x20 x1=0x202f9c65920 x2=0x202f9c50000
[call] __cxa_atexit x0=0x202f7730338 x1=0x202f9c65940 x2=0x202f9c50000
[call] __cxa_atexit x0=0x202f7730338 x1=0x202f9c97ea8 x2=0x202f9c50000
[call] malloc       x0=0x30 x1=0x202f9c97ea8 x2=0x202f9c50000
[call] __cxa_atexit x0=0x202f7730338 x1=0x202f9c65980 x2=0x202f9c50000
[call] malloc       x0=0x20 x1=0x202f9c65980 x2=0x202f9c50000
[call] __cxa_atexit x0=0x202f7730338 x1=0x202f9c659a0 x2=0x202f9c50000
[call] __cxa_atexit x0=0x202f7730338 x1=0x202f9c97ec0 x2=0x202f9c50000
[call] malloc       x0=0x30 x1=0x202f9c97ec0 x2=0x202f9c50000
[call] __cxa_atexit x0=0x202f7730338 x1=0x202f9c659e0 x2=0x202f9c50000
[call] malloc       x0=0x20 x1=0x202f9c659e0 x2=0x202f9c50000
[call] __cxa_atexit x0=0x202f7730338 x1=0x202f9c65a00 x2=0x202f9c50000
[call] __cxa_atexit x0=0x202f7730338 x1=0x202f9c97ed8 x2=0x202f9c50000
[call] __cxa_atexit x0=0x202f7730338 x1=0x202f9c97ef0 x2=0x202f9c50000
[call] malloc       x0=0x30 x1=0x202f9c97ef0 x2=0x202f9c50000
[call] __cxa_atexit x0=0x202f7730338 x1=0x202f9c65a40 x2=0x202f9c50000
[call] malloc       x0=0x20 x1=0x202f9c65a40 x2=0x202f9c50000
[call] __cxa_atexit x0=0x202f7730338 x1=0x202f9c65a60 x2=0x202f9c50000
[call] __cxa_atexit x0=0x202f7730338 x1=0x202f9c97f08 x2=0x202f9c50000
[call] malloc       x0=0x30 x1=0x202f9c97f08 x2=0x202f9c50000
[call] __cxa_atexit x0=0x202f7730338 x1=0x202f9c65aa0 x2=0x202f9c50000
[call] malloc       x0=0x20 x1=0x202f9c65aa0 x2=0x202f9c50000
[call] __cxa_atexit x0=0x202f7730338 x1=0x202f9c65ac0 x2=0x202f9c50000
[call] malloc       x0=0x30 x1=0x202f9c65ac0 x2=0x202f9c50000
[call] __cxa_atexit x0=0x202f7730338 x1=0x202f9c65b00 x2=0x202f9c50000
[call] malloc       x0=0x20 x1=0x202f9c65b00 x2=0x202f9c50000
[call] __cxa_atexit x0=0x202f7730338 x1=0x202f9c65b20 x2=0x202f9c50000
[call] malloc       x0=0x30 x1=0x202f9c65b20 x2=0x202f9c50000
[call] __cxa_atexit x0=0x202f7730338 x1=0x202f9c65c10 x2=0x202f9c50000
[call] malloc       x0=0x20 x1=0x202f9c65c10 x2=0x202f9c50000
[call] __cxa_atexit x0=0x202f7730338 x1=0x202f9c65c30 x2=0x202f9c50000
[call] __cxa_atexit x0=0x202f7730338 x1=0x202f9c97f38 x2=0x202f9c50000
[call] malloc       x0=0x30 x1=0x202f9c97f38 x2=0x202f9c50000
[call] __cxa_atexit x0=0x202f7730338 x1=0x202f9c65c70 x2=0x202f9c50000
[call] malloc       x0=0x20 x1=0x202f9c65c70 x2=0x202f9c50000
[call] __cxa_atexit x0=0x202f7730338 x1=0x202f9c65c90 x2=0x202f9c50000
[call] __cxa_atexit x0=0x202f7730338 x1=0x202f9c97f50 x2=0x202f9c50000
[call] malloc       x0=0x30 x1=0x202f9c97f50 x2=0x202f9c50000
[call] __cxa_atexit x0=0x202f7730338 x1=0x202f9c65cd0 x2=0x202f9c50000
[call] malloc       x0=0x20 x1=0x202f9c65cd0 x2=0x202f9c50000
[call] __cxa_atexit x0=0x202f7730338 x1=0x202f9c65cf0 x2=0x202f9c50000
[call] __cxa_atexit x0=0x202f7730338 x1=0x202f9c97f68 x2=0x202f9c50000
[call] __cxa_atexit x0=0x202f7730338 x1=0x202f9c97f80 x2=0x202f9c50000
[call] __cxa_atexit x0=0x202f7730338 x1=0x202f9c97f98 x2=0x202f9c50000
[call] malloc       x0=0x30 x1=0x202f9c97f98 x2=0x202f9c50000
[call] __cxa_atexit x0=0x202f7730338 x1=0x202f9c65d30 x2=0x202f9c50000
[call] malloc       x0=0x20 x1=0x202f9c65d30 x2=0x202f9c50000
[call] __cxa_atexit x0=0x202f7730338 x1=0x202f9c65d50 x2=0x202f9c50000
[call] __cxa_atexit x0=0x202f7730338 x1=0x202f9c98010 x2=0x202f9c50000
[call] malloc       x0=0x30 x1=0x202f9c98010 x2=0x202f9c50000
[call] __cxa_atexit x0=0x202f7730338 x1=0x202f9c65d90 x2=0x202f9c50000
[call] malloc       x0=0x20 x1=0x202f9c65d90 x2=0x202f9c50000
[call] __cxa_atexit x0=0x202f7730338 x1=0x202f9c65db0 x2=0x202f9c50000
[call] __cxa_atexit x0=0x202f7730338 x1=0x202f9c98028 x2=0x202f9c50000
[call] malloc       x0=0x30 x1=0x202f9c98028 x2=0x202f9c50000
[call] __cxa_atexit x0=0x202f7730338 x1=0x202f9c65df0 x2=0x202f9c50000
[call] malloc       x0=0x20 x1=0x202f9c65df0 x2=0x202f9c50000
[call] __cxa_atexit x0=0x202f7730338 x1=0x202f9c65e10 x2=0x202f9c50000
[call] __cxa_atexit x0=0x202f7730338 x1=0x202f9c98040 x2=0x202f9c50000
[call] malloc       x0=0x30 x1=0x202f9c98040 x2=0x202f9c50000
[call] __cxa_atexit x0=0x202f7730338 x1=0x202f9c65e50 x2=0x202f9c50000
[call] malloc       x0=0x20 x1=0x202f9c65e50 x2=0x202f9c50000
[call] __cxa_atexit x0=0x202f7730338 x1=0x202f9c65e70 x2=0x202f9c50000
[call] __cxa_atexit x0=0x202f7730338 x1=0x202f9c98058 x2=0x202f9c50000
[call] malloc       x0=0x30 x1=0x202f9c98058 x2=0x202f9c50000
[call] __cxa_atexit x0=0x202f7730338 x1=0x202f9c65eb0 x2=0x202f9c50000
[call] malloc       x0=0x20 x1=0x202f9c65eb0 x2=0x202f9c50000
[call] __cxa_atexit x0=0x202f7730338 x1=0x202f9c65ed0 x2=0x202f9c50000
[call] malloc       x0=0x30 x1=0x202f9c65ed0 x2=0x202f9c50000
[call] __cxa_atexit x0=0x202f7730338 x1=0x202f9c65f10 x2=0x202f9c50000
[call] malloc       x0=0x20 x1=0x202f9c65f10 x2=0x202f9c50000
[call] __cxa_atexit x0=0x202f7730338 x1=0x202f9c65f30 x2=0x202f9c50000
[call] malloc       x0=0x30 x1=0x202f9c65f30 x2=0x202f9c50000
[call] __cxa_atexit x0=0x202f7730338 x1=0x202f9c65f70 x2=0x202f9c50000
[call] malloc       x0=0x20 x1=0x202f9c65f70 x2=0x202f9c50000
[call] __cxa_atexit x0=0x202f7730338 x1=0x202f9c65f90 x2=0x202f9c50000
[call] malloc       x0=0x30 x1=0x202f9c65f90 x2=0x202f9c50000
[call] __cxa_atexit x0=0x202f7730338 x1=0x202f9c65fd0 x2=0x202f9c50000
[call] malloc       x0=0x20 x1=0x202f9c65fd0 x2=0x202f9c50000
[call] __cxa_atexit x0=0x202f7730338 x1=0x202f9c65ff0 x2=0x202f9c50000
[call] __cxa_atexit x0=0x202f7730338 x1=0x202f9c98088 x2=0x202f9c50000
[call] __cxa_atexit x0=0x202f7730338 x1=0x202f9c980a0 x2=0x202f9c50000
[call] malloc       x0=0x30 x1=0x202f9c980a0 x2=0x202f9c50000
[call] __cxa_atexit x0=0x202f7730338 x1=0x202f9c66030 x2=0x202f9c50000
[call] malloc       x0=0x20 x1=0x202f9c66030 x2=0x202f9c50000
[call] __cxa_atexit x0=0x202f7730338 x1=0x202f9c66050 x2=0x202f9c50000
[call] malloc       x0=0x30 x1=0x202f9c66050 x2=0x202f9c50000
[call] __cxa_atexit x0=0x202f7730338 x1=0x202f9c66090 x2=0x202f9c50000
[call] malloc       x0=0x20 x1=0x202f9c66090 x2=0x202f9c50000
[call] __cxa_atexit x0=0x202f7730338 x1=0x202f9c660b0 x2=0x202f9c50000
[call] __cxa_atexit x0=0x202f7730338 x1=0x202f9c98160 x2=0x202f9c50000
[call] malloc       x0=0x30 x1=0x202f9c98160 x2=0x202f9c50000
[call] __cxa_atexit x0=0x202f7730338 x1=0x202f9c660f0 x2=0x202f9c50000
[call] malloc       x0=0x20 x1=0x202f9c660f0 x2=0x202f9c50000
[call] __cxa_atexit x0=0x202f7730338 x1=0x202f9c66110 x2=0x202f9c50000
[call] __cxa_atexit x0=0x202f7730338 x1=0x202f9c98178 x2=0x202f9c50000
[call] malloc       x0=0x30 x1=0x202f9c98178 x2=0x202f9c50000
[call] __cxa_atexit x0=0x202f7730338 x1=0x202f9c66150 x2=0x202f9c50000
[call] malloc       x0=0x20 x1=0x202f9c66150 x2=0x202f9c50000
[call] __cxa_atexit x0=0x202f7730338 x1=0x202f9c66170 x2=0x202f9c50000
[call] malloc       x0=0x30 x1=0x202f9c66170 x2=0x202f9c50000
[call] __cxa_atexit x0=0x202f7730338 x1=0x202f9c661b0 x2=0x202f9c50000
[call] malloc       x0=0x20 x1=0x202f9c661b0 x2=0x202f9c50000
[call] __cxa_atexit x0=0x202f7730338 x1=0x202f9c661d0 x2=0x202f9c50000
[call] __cxa_atexit x0=0x202f7730338 x1=0x202f9c981a8 x2=0x202f9c50000
[call] __cxa_atexit x0=0x202f7730338 x1=0x202f9c981c0 x2=0x202f9c50000
[call] __cxa_atexit x0=0x202f7730338 x1=0x202f9c981d8 x2=0x202f9c50000
[call] __cxa_atexit x0=0x202f7730338 x1=0x202f9c981f0 x2=0x202f9c50000
[call] __cxa_atexit x0=0x202f7730338 x1=0x202f9c98208 x2=0x202f9c50000
[call] __cxa_atexit x0=0x202f7730338 x1=0x202f9c98220 x2=0x202f9c50000
[call] __cxa_atexit x0=0x202f7730338 x1=0x202f9c98238 x2=0x202f9c50000
[call] __cxa_atexit x0=0x202f7730338 x1=0x202f9c98250 x2=0x202f9c50000
[call] malloc       x0=0x30 x1=0x202f9c98250 x2=0x202f9c50000
[call] __cxa_atexit x0=0x202f7730338 x1=0x202f9c661f0 x2=0x202f9c50000
[call] malloc       x0=0x30 x1=0x202f9c661f0 x2=0x202f9c50000
[call] __cxa_atexit x0=0x202f7730338 x1=0x202f9c66230 x2=0x202f9c50000
[call] malloc       x0=0x20 x1=0x202f9c66230 x2=0x202f9c50000
[call] __cxa_atexit x0=0x202f7730338 x1=0x202f9c66250 x2=0x202f9c50000
[call] __cxa_atexit x0=0x202f7730338 x1=0x202f9c98268 x2=0x202f9c50000
[call] __cxa_atexit x0=0x202f7730338 x1=0x202f9c98280 x2=0x202f9c50000
[call] malloc       x0=0x20 x1=0x202f9c98280 x2=0x202f9c50000
[call] __cxa_atexit x0=0x202f7730338 x1=0x202f9c66270 x2=0x202f9c50000
[call] malloc       x0=0x30 x1=0x202f9c66270 x2=0x202f9c50000
[call] __cxa_atexit x0=0x202f7730338 x1=0x202f9c662b0 x2=0x202f9c50000
[call] malloc       x0=0x20 x1=0x202f9c662b0 x2=0x202f9c50000
[call] __cxa_atexit x0=0x202f7730338 x1=0x202f9c662d0 x2=0x202f9c50000
[call] malloc       x0=0x30 x1=0x202f9c662d0 x2=0x202f9c50000
[call] __cxa_atexit x0=0x202f7730338 x1=0x202f9c66310 x2=0x202f9c50000
[call] malloc       x0=0x20 x1=0x202f9c66310 x2=0x202f9c50000
[call] __cxa_atexit x0=0x202f7730338 x1=0x202f9c66330 x2=0x202f9c50000
[call] __cxa_atexit x0=0x202f7730338 x1=0x202f9c98400 x2=0x202f9c50000
[call] malloc       x0=0x30 x1=0x202f9c98400 x2=0x202f9c50000
[call] __cxa_atexit x0=0x202f7730338 x1=0x202f9c66410 x2=0x202f9c50000
[call] malloc       x0=0x20 x1=0x202f9c66410 x2=0x202f9c50000
[call] __cxa_atexit x0=0x202f7730338 x1=0x202f9c66430 x2=0x202f9c50000
[call] malloc       x0=0x30 x1=0x202f9c66430 x2=0x202f9c50000
[call] __cxa_atexit x0=0x202f7730338 x1=0x202f9c66470 x2=0x202f9c50000
[call] malloc       x0=0x20 x1=0x202f9c66470 x2=0x202f9c50000
[call] __cxa_atexit x0=0x202f7730338 x1=0x202f9c66490 x2=0x202f9c50000
[call] malloc       x0=0x30 x1=0x202f9c66490 x2=0x202f9c50000
[call] __cxa_atexit x0=0x202f7730338 x1=0x202f9c664d0 x2=0x202f9c50000
[call] malloc       x0=0x20 x1=0x202f9c664d0 x2=0x202f9c50000
[call] __cxa_atexit x0=0x202f7730338 x1=0x202f9c664f0 x2=0x202f9c50000
[call] __cxa_atexit x0=0x202f7730338 x1=0x202f9c98850 x2=0x202f9c50000
[call] malloc       x0=0x30 x1=0x202f9c98850 x2=0x202f9c50000
[call] __cxa_atexit x0=0x202f7730338 x1=0x202f9c66530 x2=0x202f9c50000
[call] malloc       x0=0x20 x1=0x202f9c66530 x2=0x202f9c50000
[call] __cxa_atexit x0=0x202f7730338 x1=0x202f9c66550 x2=0x202f9c50000
[call] malloc       x0=0x30 x1=0x202f9c66550 x2=0x202f9c50000
[call] __cxa_atexit x0=0x202f7730338 x1=0x202f9c66590 x2=0x202f9c50000
[call] malloc       x0=0x20 x1=0x202f9c66590 x2=0x202f9c50000
[call] __cxa_atexit x0=0x202f7730338 x1=0x202f9c665b0 x2=0x202f9c50000
[call] __cxa_atexit x0=0x202f7730338 x1=0x202f9c988c8 x2=0x202f9c50000
[call] malloc       x0=0x30 x1=0x202f9c988c8 x2=0x202f9c50000
[call] __cxa_atexit x0=0x202f7730338 x1=0x202f9c665f0 x2=0x202f9c50000
[call] malloc       x0=0x20 x1=0x202f9c665f0 x2=0x202f9c50000
[call] __cxa_atexit x0=0x202f7730338 x1=0x202f9c66610 x2=0x202f9c50000
[call] __cxa_atexit x0=0x202f7730338 x1=0x202f9c988e0 x2=0x202f9c50000
[call] __cxa_atexit x0=0x202f7730338 x1=0x202f9c988f8 x2=0x202f9c50000
[call] __cxa_atexit x0=0x202f7730338 x1=0x202f9c98910 x2=0x202f9c50000
[call] __cxa_atexit x0=0x202f7730338 x1=0x202f9c98928 x2=0x202f9c50000
[call] __cxa_atexit x0=0x202f7730338 x1=0x202f9c98940 x2=0x202f9c50000
[call] __cxa_atexit x0=0x202f7730338 x1=0x202f9c98958 x2=0x202f9c50000
[call] __cxa_atexit x0=0x202f7730338 x1=0x202f9c98970 x2=0x202f9c50000
[call] __cxa_atexit x0=0x202f7730338 x1=0x202f9c98988 x2=0x202f9c50000
[call] __cxa_atexit x0=0x202f7730338 x1=0x202f9c989a0 x2=0x202f9c50000
[call] __cxa_atexit x0=0x202f7730338 x1=0x202f9c989b8 x2=0x202f9c50000
[call] __cxa_atexit x0=0x202f7730338 x1=0x202f9c989d0 x2=0x202f9c50000
[call] __cxa_atexit x0=0x202f7730338 x1=0x202f9c989e8 x2=0x202f9c50000
[call] __cxa_atexit x0=0x202f7730338 x1=0x202f9c98a00 x2=0x202f9c50000
[call] __cxa_atexit x0=0x202f7730338 x1=0x202f9c98a18 x2=0x202f9c50000
[call] __cxa_atexit x0=0x202f7730338 x1=0x202f9c98a30 x2=0x202f9c50000
[call] __cxa_atexit x0=0x202f7730338 x1=0x202f9c98a48 x2=0x202f9c50000
[call] __cxa_atexit x0=0x202f7730338 x1=0x202f9c98a60 x2=0x202f9c50000
[call] __cxa_atexit x0=0x202f7730338 x1=0x202f9c98a78 x2=0x202f9c50000
[call] malloc       x0=0x20 x1=0x202f9c98a78 x2=0x202f9c50000
[call] __cxa_atexit x0=0x202f7730338 x1=0x202f9c66630 x2=0x202f9c50000
[call] __cxa_atexit x0=0x202f7730338 x1=0x202f9c98a90 x2=0x202f9c50000
[call] __cxa_atexit x0=0x202f7730338 x1=0x202f9c98aa8 x2=0x202f9c50000
[call] __cxa_atexit x0=0x202f7730338 x1=0x202f9c98ac0 x2=0x202f9c50000
[call] malloc       x0=0x30 x1=0x202f9c98ac0 x2=0x202f9c50000
[call] __cxa_atexit x0=0x202f7730338 x1=0x202f9c66670 x2=0x202f9c50000
[call] malloc       x0=0x20 x1=0x202f9c66670 x2=0x202f9c50000
[call] __cxa_atexit x0=0x202f7730338 x1=0x202f9c66690 x2=0x202f9c50000
[call] malloc       x0=0x30 x1=0x202f9c66690 x2=0x202f9c50000
[call] __cxa_atexit x0=0x202f7730338 x1=0x202f9c666d0 x2=0x202f9c50000
[call] malloc       x0=0x20 x1=0x202f9c666d0 x2=0x202f9c50000
[call] __cxa_atexit x0=0x202f7730338 x1=0x202f9c666f0 x2=0x202f9c50000
[call] __cxa_atexit x0=0x202f7730338 x1=0x202f9c98b08 x2=0x202f9c50000
[call] malloc       x0=0x30 x1=0x202f9c98b08 x2=0x202f9c50000
[call] __cxa_atexit x0=0x202f7730338 x1=0x202f9c66730 x2=0x202f9c50000
[call] malloc       x0=0x20 x1=0x202f9c66730 x2=0x202f9c50000
[call] __cxa_atexit x0=0x202f7730338 x1=0x202f9c66750 x2=0x202f9c50000
[call] __cxa_atexit x0=0x202f7730338 x1=0x202f9c98b20 x2=0x202f9c50000
[call] __cxa_atexit x0=0x202f7730338 x1=0x202f9c98b38 x2=0x202f9c50000
[call] __cxa_atexit x0=0x202f7730338 x1=0x202f9c98b50 x2=0x202f9c50000
[call] __cxa_atexit x0=0x202f7730338 x1=0x202f9c98b68 x2=0x202f9c50000
[call] __cxa_atexit x0=0x202f7730338 x1=0x202f9c98b80 x2=0x202f9c50000
[call] __cxa_atexit x0=0x202f7730338 x1=0x202f9c98b98 x2=0x202f9c50000
[call] __cxa_atexit x0=0x202f7730338 x1=0x202f9c98bb0 x2=0x202f9c50000
[call] __cxa_atexit x0=0x202f7730338 x1=0x202f9c98bc8 x2=0x202f9c50000
[call] __cxa_atexit x0=0x202f7730338 x1=0x202f9c98be0 x2=0x202f9c50000
[call] __cxa_atexit x0=0x202f7730338 x1=0x202f9c98bf8 x2=0x202f9c50000
[call] __cxa_atexit x0=0x202f7730338 x1=0x202f9c98c10 x2=0x202f9c50000
[call] __cxa_atexit x0=0x202f7730338 x1=0x202f9c98c28 x2=0x202f9c50000
[call] __cxa_atexit x0=0x202f7730338 x1=0x202f9c98c40 x2=0x202f9c50000
[call] __cxa_atexit x0=0x202f7730338 x1=0x202f9c98c58 x2=0x202f9c50000
[call] __cxa_atexit x0=0x202f7730338 x1=0x202f9c98c70 x2=0x202f9c50000
[call] __cxa_atexit x0=0x202f7730338 x1=0x202f9c98c88 x2=0x202f9c50000
[call] __cxa_atexit x0=0x202f7730338 x1=0x202f9c98ca0 x2=0x202f9c50000
[call] __cxa_atexit x0=0x202f7730338 x1=0x202f9c98cb8 x2=0x202f9c50000
[call] malloc       x0=0x20 x1=0x202f9c98cb8 x2=0x202f9c50000
[call] __cxa_atexit x0=0x202f7730338 x1=0x202f9c66770 x2=0x202f9c50000
[call] __cxa_atexit x0=0x202f7730338 x1=0x202f9c98cd0 x2=0x202f9c50000
[call] __cxa_atexit x0=0x202f7730338 x1=0x202f9c98ce8 x2=0x202f9c50000
[call] __cxa_atexit x0=0x202f7730338 x1=0x202f9c98d00 x2=0x202f9c50000
[call] malloc       x0=0x30 x1=0x202f9c98d00 x2=0x202f9c50000
[call] __cxa_atexit x0=0x202f7730338 x1=0x202f9c667b0 x2=0x202f9c50000
[call] malloc       x0=0x20 x1=0x202f9c667b0 x2=0x202f9c50000
[call] __cxa_atexit x0=0x202f7730338 x1=0x202f9c667d0 x2=0x202f9c50000
[call] __cxa_atexit x0=0x202f7730338 x1=0x202f9c98d18 x2=0x202f9c50000
[call] malloc       x0=0x30 x1=0x202f9c98d18 x2=0x202f9c50000
[call] __cxa_atexit x0=0x202f7730338 x1=0x202f9c66810 x2=0x202f9c50000
[call] malloc       x0=0x20 x1=0x202f9c66810 x2=0x202f9c50000
[call] __cxa_atexit x0=0x202f7730338 x1=0x202f9c66830 x2=0x202f9c50000
[call] __cxa_atexit x0=0x202f7730338 x1=0x202f9c98d30 x2=0x202f9c50000
[call] __cxa_atexit x0=0x202f7739ce4 x1=0x202f9c66850 x2=0x202f9c50000
[call] malloc       x0=0x30 x1=0x202f9c66850 x2=0x202f9c50000
[call] __cxa_atexit x0=0x202f7730338 x1=0x202f9c668a0 x2=0x202f9c50000
[call] malloc       x0=0x20 x1=0x202f9c668a0 x2=0x202f9c50000
[call] __cxa_atexit x0=0x202f7730338 x1=0x202f9c668c0 x2=0x202f9c50000
[call] malloc       x0=0x30 x1=0x202f9c668c0 x2=0x202f9c50000
[call] __cxa_atexit x0=0x202f7730338 x1=0x202f9c66900 x2=0x202f9c50000
[call] malloc       x0=0x20 x1=0x202f9c66900 x2=0x202f9c50000
[call] __cxa_atexit x0=0x202f7730338 x1=0x202f9c66920 x2=0x202f9c50000
[call] malloc       x0=0x20 x1=0x202f9c66920 x2=0x202f9c50000
[call] __cxa_atexit x0=0x202f7730338 x1=0x202f9c66940 x2=0x202f9c50000
[call] __cxa_atexit x0=0x202f7730338 x1=0x202f9c98d60 x2=0x202f9c50000
[call] malloc       x0=0x30 x1=0x202f9c98d60 x2=0x202f9c50000
[call] __cxa_atexit x0=0x202f7730338 x1=0x202f9c66980 x2=0x202f9c50000
[call] malloc       x0=0x20 x1=0x202f9c66980 x2=0x202f9c50000
[call] __cxa_atexit x0=0x202f7730338 x1=0x202f9c669a0 x2=0x202f9c50000
[call] malloc       x0=0x30 x1=0x202f9c669a0 x2=0x202f9c50000
[call] __cxa_atexit x0=0x202f7730338 x1=0x202f9c66a40 x2=0x202f9c50000
[call] malloc       x0=0x20 x1=0x202f9c66a40 x2=0x202f9c50000
[call] __cxa_atexit x0=0x202f7730338 x1=0x202f9c66a60 x2=0x202f9c50000
[call] __cxa_atexit x0=0x202f7739ce4 x1=0x202f9c66a80 x2=0x202f9c50000
[call] __cxa_atexit x0=0x202f7730338 x1=0x202f9c98d78 x2=0x202f9c50000
[call] __cxa_atexit x0=0x202f7730338 x1=0x202f9c98d90 x2=0x202f9c50000
[call] __cxa_atexit x0=0x202f83f9530 x1=0x202f9c98da8 x2=0x202f9c50000
[call] malloc       x0=0x30 x1=0x202f9c98da8 x2=0x202f9c50000
[call] __cxa_atexit x0=0x202f7730338 x1=0x202f9c66ad0 x2=0x202f9c50000
[call] malloc       x0=0x20 x1=0x202f9c66ad0 x2=0x202f9c50000
[call] __cxa_atexit x0=0x202f7730338 x1=0x202f9c66af0 x2=0x202f9c50000
[call] malloc       x0=0x30 x1=0x202f9c66af0 x2=0x202f9c50000
[call] __cxa_atexit x0=0x202f7730338 x1=0x202f9c66b30 x2=0x202f9c50000
[call] malloc       x0=0x20 x1=0x202f9c66b30 x2=0x202f9c50000
[call] __cxa_atexit x0=0x202f7730338 x1=0x202f9c66b50 x2=0x202f9c50000
[call] malloc       x0=0x30 x1=0x202f9c66b50 x2=0x202f9c50000
[call] __cxa_atexit x0=0x202f7730338 x1=0x202f9c66b90 x2=0x202f9c50000
[call] malloc       x0=0x20 x1=0x202f9c66b90 x2=0x202f9c50000
[call] __cxa_atexit x0=0x202f7730338 x1=0x202f9c66bb0 x2=0x202f9c50000
[call] malloc       x0=0x30 x1=0x202f9c66bb0 x2=0x202f9c50000
[call] __cxa_atexit x0=0x202f7730338 x1=0x202f9c66bf0 x2=0x202f9c50000
[call] malloc       x0=0x20 x1=0x202f9c66bf0 x2=0x202f9c50000
[call] __cxa_atexit x0=0x202f7730338 x1=0x202f9c66c10 x2=0x202f9c50000
[call] __cxa_atexit x0=0x202f7730338 x1=0x202f9c98dd8 x2=0x202f9c50000
[call] malloc       x0=0x30 x1=0x202f9c98dd8 x2=0x202f9c50000
[call] __cxa_atexit x0=0x202f7730338 x1=0x202f9c66c50 x2=0x202f9c50000
[call] malloc       x0=0x20 x1=0x202f9c66c50 x2=0x202f9c50000
[call] __cxa_atexit x0=0x202f7730338 x1=0x202f9c66c70 x2=0x202f9c50000
[call] malloc       x0=0x30 x1=0x202f9c66c70 x2=0x202f9c50000
[call] __cxa_atexit x0=0x202f7730338 x1=0x202f9c66d20 x2=0x202f9c50000
[call] malloc       x0=0x20 x1=0x202f9c66d20 x2=0x202f9c50000
[call] __cxa_atexit x0=0x202f7730338 x1=0x202f9c66d40 x2=0x202f9c50000
[call] __cxa_atexit x0=0x202f7730338 x1=0x202f9c98df0 x2=0x202f9c50000
[call] malloc       x0=0x30 x1=0x202f9c98df0 x2=0x202f9c50000
[call] __cxa_atexit x0=0x202f7730338 x1=0x202f9c66d80 x2=0x202f9c50000
[call] malloc       x0=0x20 x1=0x202f9c66d80 x2=0x202f9c50000
[call] __cxa_atexit x0=0x202f7730338 x1=0x202f9c66da0 x2=0x202f9c50000
[call] malloc       x0=0x30 x1=0x202f9c66da0 x2=0x202f9c50000
[call] __cxa_atexit x0=0x202f7730338 x1=0x202f9c66de0 x2=0x202f9c50000
[call] malloc       x0=0x20 x1=0x202f9c66de0 x2=0x202f9c50000
[call] __cxa_atexit x0=0x202f7730338 x1=0x202f9c66e00 x2=0x202f9c50000
[call] malloc       x0=0x30 x1=0x202f9c66e00 x2=0x202f9c50000
[call] __cxa_atexit x0=0x202f7730338 x1=0x202f9c66e40 x2=0x202f9c50000
[call] malloc       x0=0x20 x1=0x202f9c66e40 x2=0x202f9c50000
[call] __cxa_atexit x0=0x202f7730338 x1=0x202f9c66e60 x2=0x202f9c50000
[call] malloc       x0=0x20 x1=0x202f9c66e60 x2=0x202f9c50000
[call] __cxa_atexit x0=0x202f7730338 x1=0x202f9c66e80 x2=0x202f9c50000
[call] malloc       x0=0x20 x1=0x202f9c66e80 x2=0x202f9c50000
[call] __cxa_atexit x0=0x202f7730338 x1=0x202f9c66ea0 x2=0x202f9c50000
[call] malloc       x0=0x30 x1=0x202f9c66ea0 x2=0x202f9c50000
[call] __cxa_atexit x0=0x202f7730338 x1=0x202f9c66ee0 x2=0x202f9c50000
[call] malloc       x0=0x20 x1=0x202f9c66ee0 x2=0x202f9c50000
[call] __cxa_atexit x0=0x202f7730338 x1=0x202f9c66f00 x2=0x202f9c50000
[call] __cxa_atexit x0=0x202f7730338 x1=0x202f9c98e08 x2=0x202f9c50000
[call] __cxa_atexit x0=0x202f7730338 x1=0x202f9c98e20 x2=0x202f9c50000
[call] __cxa_atexit x0=0x202f7730338 x1=0x202f9c98e38 x2=0x202f9c50000
[call] __cxa_atexit x0=0x202f7730338 x1=0x202f9c98e50 x2=0x202f9c50000
[call] __cxa_atexit x0=0x202f7730338 x1=0x202f9c98e68 x2=0x202f9c50000
[call] __cxa_atexit x0=0x202f7730338 x1=0x202f9c98e80 x2=0x202f9c50000
[call] __cxa_atexit x0=0x202f7730338 x1=0x202f9c98e98 x2=0x202f9c50000
[call] __cxa_atexit x0=0x202f7730338 x1=0x202f9c98eb0 x2=0x202f9c50000
[call] malloc       x0=0x30 x1=0x202f9c98eb0 x2=0x202f9c50000
[call] __cxa_atexit x0=0x202f7730338 x1=0x202f9c66f20 x2=0x202f9c50000
[call] __cxa_atexit x0=0x202f7730338 x1=0x202f9c98ec8 x2=0x202f9c50000
[call] __cxa_atexit x0=0x202f7730338 x1=0x202f9c98ee0 x2=0x202f9c50000
[call] malloc       x0=0x20 x1=0x202f9c98ee0 x2=0x202f9c50000
[call] __cxa_atexit x0=0x202f7730338 x1=0x202f9c66f40 x2=0x202f9c50000
[call] __cxa_atexit x0=0x202f7730338 x1=0x202f9c98ef8 x2=0x202f9c50000
[call] malloc       x0=0x20 x1=0x202f9c98ef8 x2=0x202f9c50000
[call] __cxa_atexit x0=0x202f7730338 x1=0x202f9c66f60 x2=0x202f9c50000
[call] malloc       x0=0x20 x1=0x202f9c66f60 x2=0x202f9c50000
[call] __cxa_atexit x0=0x202f7730338 x1=0x202f9c66f80 x2=0x202f9c50000
[call] malloc       x0=0x20 x1=0x202f9c66f80 x2=0x202f9c50000
[call] __cxa_atexit x0=0x202f7730338 x1=0x202f9c66fa0 x2=0x202f9c50000
[call] malloc       x0=0x20 x1=0x202f9c66fa0 x2=0x202f9c50000
[call] __cxa_atexit x0=0x202f7730338 x1=0x202f9c66fc0 x2=0x202f9c50000
[call] malloc       x0=0x20 x1=0x202f9c66fc0 x2=0x202f9c50000
[call] __cxa_atexit x0=0x202f7730338 x1=0x202f9c66fe0 x2=0x202f9c50000
[call] __cxa_atexit x0=0x202f7730338 x1=0x202f9c98f10 x2=0x202f9c50000
[call] __cxa_atexit x0=0x202f7730338 x1=0x202f9c98f28 x2=0x202f9c50000
[call] __cxa_atexit x0=0x202f7730338 x1=0x202f9c98f40 x2=0x202f9c50000
[call] malloc       x0=0x20 x1=0x202f9c98f40 x2=0x202f9c50000
[call] __cxa_atexit x0=0x202f7730338 x1=0x202f9c67000 x2=0x202f9c50000
[call] __cxa_atexit x0=0x202f7730338 x1=0x202f9c98f58 x2=0x202f9c50000
[call] __cxa_atexit x0=0x202f7730338 x1=0x202f9c98f70 x2=0x202f9c50000
[call] __cxa_atexit x0=0x202f7730338 x1=0x202f9c98f88 x2=0x202f9c50000
[call] __cxa_atexit x0=0x202f7730338 x1=0x202f9c98fa0 x2=0x202f9c50000
[call] __cxa_atexit x0=0x202f7730338 x1=0x202f9c98fb8 x2=0x202f9c50000
[call] __cxa_atexit x0=0x202f7730338 x1=0x202f9c98fd0 x2=0x202f9c50000
[call] __cxa_atexit x0=0x202f7730338 x1=0x202f9c98fe8 x2=0x202f9c50000
[call] __cxa_atexit x0=0x202f7730338 x1=0x202f9c99000 x2=0x202f9c50000
[call] malloc       x0=0x20 x1=0x202f9c99000 x2=0x202f9c50000
[call] __cxa_atexit x0=0x202f7730338 x1=0x202f9c67020 x2=0x202f9c50000
[call] __cxa_atexit x0=0x202f7730338 x1=0x202f9c99018 x2=0x202f9c50000
[call] malloc       x0=0x20 x1=0x202f9c99018 x2=0x202f9c50000
[call] __cxa_atexit x0=0x202f7730338 x1=0x202f9c67040 x2=0x202f9c50000
[call] __cxa_atexit x0=0x202f7730338 x1=0x202f9c99030 x2=0x202f9c50000
[call] __cxa_atexit x0=0x202f7730338 x1=0x202f9c99048 x2=0x202f9c50000
[call] __cxa_atexit x0=0x202f7730338 x1=0x202f9c99060 x2=0x202f9c50000
[call] malloc       x0=0x20 x1=0x202f9c99060 x2=0x202f9c50000
[call] __cxa_atexit x0=0x202f7730338 x1=0x202f9c67060 x2=0x202f9c50000
[call] __cxa_atexit x0=0x202f7730338 x1=0x202f9c99078 x2=0x202f9c50000
[call] __cxa_atexit x0=0x202f7730338 x1=0x202f9c99090 x2=0x202f9c50000
[call] malloc       x0=0x20 x1=0x202f9c99090 x2=0x202f9c50000
[call] __cxa_atexit x0=0x202f7730338 x1=0x202f9c67080 x2=0x202f9c50000
[call] __cxa_atexit x0=0x202f7730338 x1=0x202f9c990a8 x2=0x202f9c50000
[call] __cxa_atexit x0=0x202f7730338 x1=0x202f9c990c0 x2=0x202f9c50000
[call] __cxa_atexit x0=0x202f7730338 x1=0x202f9c990d8 x2=0x202f9c50000
[call] __cxa_atexit x0=0x202f7730338 x1=0x202f9c990f0 x2=0x202f9c50000
[call] malloc       x0=0x20 x1=0x202f9c990f0 x2=0x202f9c50000
[call] __cxa_atexit x0=0x202f7730338 x1=0x202f9c670a0 x2=0x202f9c50000
[call] __cxa_atexit x0=0x202f7730338 x1=0x202f9c99108 x2=0x202f9c50000
[call] __cxa_atexit x0=0x202f7730338 x1=0x202f9c99120 x2=0x202f9c50000
[call] __cxa_atexit x0=0x202f7730338 x1=0x202f9c99138 x2=0x202f9c50000
[call] malloc       x0=0x30 x1=0x202f9c99138 x2=0x202f9c50000
[call] __cxa_atexit x0=0x202f7730338 x1=0x202f9c670c0 x2=0x202f9c50000
[call] __cxa_atexit x0=0x202f7730338 x1=0x202f9c99150 x2=0x202f9c50000
[call] __cxa_atexit x0=0x202f7730338 x1=0x202f9c99168 x2=0x202f9c50000
[call] malloc       x0=0x30 x1=0x202f9c99168 x2=0x202f9c50000
[call] __cxa_atexit x0=0x202f7730338 x1=0x202f9c67100 x2=0x202f9c50000
[call] malloc       x0=0x20 x1=0x202f9c67100 x2=0x202f9c50000
[call] __cxa_atexit x0=0x202f7730338 x1=0x202f9c67120 x2=0x202f9c50000
[call] __cxa_atexit x0=0x202f7730338 x1=0x202f9c99180 x2=0x202f9c50000
[call] malloc       x0=0x30 x1=0x202f9c99180 x2=0x202f9c50000
[call] __cxa_atexit x0=0x202f7730338 x1=0x202f9c67160 x2=0x202f9c50000
[call] malloc       x0=0x20 x1=0x202f9c67160 x2=0x202f9c50000
[call] __cxa_atexit x0=0x202f7730338 x1=0x202f9c67180 x2=0x202f9c50000
[call] malloc       x0=0x30 x1=0x202f9c67180 x2=0x202f9c50000
[call] __cxa_atexit x0=0x202f7730338 x1=0x202f9c671c0 x2=0x202f9c50000
[call] malloc       x0=0x20 x1=0x202f9c671c0 x2=0x202f9c50000
[call] __cxa_atexit x0=0x202f7730338 x1=0x202f9c671e0 x2=0x202f9c50000
[call] malloc       x0=0x30 x1=0x202f9c671e0 x2=0x202f9c50000
[call] __cxa_atexit x0=0x202f7730338 x1=0x202f9c67220 x2=0x202f9c50000
[call] malloc       x0=0x20 x1=0x202f9c67220 x2=0x202f9c50000
[call] __cxa_atexit x0=0x202f7730338 x1=0x202f9c67240 x2=0x202f9c50000
[call] __cxa_atexit x0=0x202f7739ce4 x1=0x202f9c67260 x2=0x202f9c50000
[call] malloc       x0=0x30 x1=0x202f9c67260 x2=0x202f9c50000
[call] __cxa_atexit x0=0x202f7730338 x1=0x202f9c672b0 x2=0x202f9c50000
[call] malloc       x0=0x20 x1=0x202f9c672b0 x2=0x202f9c50000
[call] __cxa_atexit x0=0x202f7730338 x1=0x202f9c672d0 x2=0x202f9c50000
[call] __cxa_atexit x0=0x202f7730338 x1=0x202f9c99198 x2=0x202f9c50000
[call] __cxa_atexit x0=0x202f7739ce4 x1=0x202f9c672f0 x2=0x202f9c50000
[call] malloc       x0=0x30 x1=0x202f9c672f0 x2=0x202f9c50000
[call] __cxa_atexit x0=0x202f7730338 x1=0x202f9c67340 x2=0x202f9c50000
[call] malloc       x0=0x20 x1=0x202f9c67340 x2=0x202f9c50000
[call] __cxa_atexit x0=0x202f7730338 x1=0x202f9c67360 x2=0x202f9c50000
[call] malloc       x0=0x30 x1=0x202f9c67360 x2=0x202f9c50000
[call] __cxa_atexit x0=0x202f7730338 x1=0x202f9c673c0 x2=0x202f9c50000
[call] malloc       x0=0x20 x1=0x202f9c673c0 x2=0x202f9c50000
[call] __cxa_atexit x0=0x202f7730338 x1=0x202f9c673e0 x2=0x202f9c50000
[call] __cxa_atexit x0=0x202f7730338 x1=0x202f9c99288 x2=0x202f9c50000
[call] __cxa_atexit x0=0x202f7730338 x1=0x202f9c992a0 x2=0x202f9c50000
[call] __cxa_atexit x0=0x202f7730338 x1=0x202f9c992b8 x2=0x202f9c50000
[call] malloc       x0=0x30 x1=0x202f9c992b8 x2=0x202f9c50000
[call] __cxa_atexit x0=0x202f7730338 x1=0x202f9c67420 x2=0x202f9c50000
[call] malloc       x0=0x20 x1=0x202f9c67420 x2=0x202f9c50000
[call] __cxa_atexit x0=0x202f7730338 x1=0x202f9c67440 x2=0x202f9c50000
[call] __cxa_atexit x0=0x202f7730338 x1=0x202f9c992d0 x2=0x202f9c50000
[call] __cxa_atexit x0=0x202f7730338 x1=0x202f9c992e8 x2=0x202f9c50000
[call] malloc       x0=0x30 x1=0x202f9c992e8 x2=0x202f9c50000
[call] __cxa_atexit x0=0x202f7730338 x1=0x202f9c67480 x2=0x202f9c50000
[call] malloc       x0=0x20 x1=0x202f9c67480 x2=0x202f9c50000
[call] __cxa_atexit x0=0x202f7730338 x1=0x202f9c674a0 x2=0x202f9c50000
[call] __cxa_atexit x0=0x202f7730338 x1=0x202f9c99300 x2=0x202f9c50000
[call] malloc       x0=0x30 x1=0x202f9c99300 x2=0x202f9c50000
[call] __cxa_atexit x0=0x202f7730338 x1=0x202f9c674e0 x2=0x202f9c50000
[call] malloc       x0=0x20 x1=0x202f9c674e0 x2=0x202f9c50000
[call] __cxa_atexit x0=0x202f7730338 x1=0x202f9c67500 x2=0x202f9c50000
[call] malloc       x0=0x30 x1=0x202f9c67500 x2=0x202f9c50000
[call] __cxa_atexit x0=0x202f7730338 x1=0x202f9c67540 x2=0x202f9c50000
[call] malloc       x0=0x20 x1=0x202f9c67540 x2=0x202f9c50000
[call] __cxa_atexit x0=0x202f7730338 x1=0x202f9c67560 x2=0x202f9c50000
[call] malloc       x0=0x30 x1=0x202f9c67560 x2=0x202f9c50000
[call] __cxa_atexit x0=0x202f7730338 x1=0x202f9c675a0 x2=0x202f9c50000
[call] malloc       x0=0x20 x1=0x202f9c675a0 x2=0x202f9c50000
[call] __cxa_atexit x0=0x202f7730338 x1=0x202f9c675c0 x2=0x202f9c50000
[call] malloc       x0=0x30 x1=0x202f9c675c0 x2=0x202f9c50000
[call] __cxa_atexit x0=0x202f7730338 x1=0x202f9c67600 x2=0x202f9c50000
[call] malloc       x0=0x20 x1=0x202f9c67600 x2=0x202f9c50000
[call] __cxa_atexit x0=0x202f7730338 x1=0x202f9c67620 x2=0x202f9c50000
[call] malloc       x0=0x30 x1=0x202f9c67620 x2=0x202f9c50000
[call] __cxa_atexit x0=0x202f7730338 x1=0x202f9c67660 x2=0x202f9c50000
[call] malloc       x0=0x20 x1=0x202f9c67660 x2=0x202f9c50000
[call] __cxa_atexit x0=0x202f7730338 x1=0x202f9c67680 x2=0x202f9c50000
[call] malloc       x0=0x30 x1=0x202f9c67680 x2=0x202f9c50000
[call] __cxa_atexit x0=0x202f7730338 x1=0x202f9c676c0 x2=0x202f9c50000
[call] malloc       x0=0x20 x1=0x202f9c676c0 x2=0x202f9c50000
[call] __cxa_atexit x0=0x202f7730338 x1=0x202f9c676e0 x2=0x202f9c50000
[call] malloc       x0=0x30 x1=0x202f9c676e0 x2=0x202f9c50000
[call] __cxa_atexit x0=0x202f7730338 x1=0x202f9c67720 x2=0x202f9c50000
[call] malloc       x0=0x20 x1=0x202f9c67720 x2=0x202f9c50000
[call] __cxa_atexit x0=0x202f7730338 x1=0x202f9c67740 x2=0x202f9c50000
[call] __cxa_atexit x0=0x202f7730338 x1=0x202f9c99348 x2=0x202f9c50000
[call] malloc       x0=0x30 x1=0x202f9c99348 x2=0x202f9c50000
[call] __cxa_atexit x0=0x202f7730338 x1=0x202f9c67780 x2=0x202f9c50000
[call] malloc       x0=0x20 x1=0x202f9c67780 x2=0x202f9c50000
[call] __cxa_atexit x0=0x202f7730338 x1=0x202f9c677a0 x2=0x202f9c50000
[call] __cxa_atexit x0=0x202f7739ce4 x1=0x202f9c677c0 x2=0x202f9c50000
[call] __cxa_atexit x0=0x202f7730338 x1=0x202f9c99360 x2=0x202f9c50000
[call] __cxa_atexit x0=0x202f7730338 x1=0x202f9c99378 x2=0x202f9c50000
[call] malloc       x0=0x30 x1=0x202f9c99378 x2=0x202f9c50000
[call] __cxa_atexit x0=0x202f7730338 x1=0x202f9c67810 x2=0x202f9c50000
[call] malloc       x0=0x20 x1=0x202f9c67810 x2=0x202f9c50000
[call] __cxa_atexit x0=0x202f7730338 x1=0x202f9c67830 x2=0x202f9c50000
[call] malloc       x0=0x30 x1=0x202f9c67830 x2=0x202f9c50000
[call] __cxa_atexit x0=0x202f7730338 x1=0x202f9c67870 x2=0x202f9c50000
[call] malloc       x0=0x20 x1=0x202f9c67870 x2=0x202f9c50000
[call] __cxa_atexit x0=0x202f7730338 x1=0x202f9c67890 x2=0x202f9c50000
[call] __cxa_atexit x0=0x202f7730338 x1=0x202f9c99498 x2=0x202f9c50000
[call] malloc       x0=0x30 x1=0x202f9c99498 x2=0x202f9c50000
[call] __cxa_atexit x0=0x202f7730338 x1=0x202f9c678d0 x2=0x202f9c50000
[call] malloc       x0=0x20 x1=0x202f9c678d0 x2=0x202f9c50000
[call] __cxa_atexit x0=0x202f7730338 x1=0x202f9c678f0 x2=0x202f9c50000
[call] malloc       x0=0x30 x1=0x202f9c678f0 x2=0x202f9c50000
[call] __cxa_atexit x0=0x202f7730338 x1=0x202f9c67a80 x2=0x202f9c50000
[call] malloc       x0=0x20 x1=0x202f9c67a80 x2=0x202f9c50000
[call] __cxa_atexit x0=0x202f7730338 x1=0x202f9c67aa0 x2=0x202f9c50000
[call] __cxa_atexit x0=0x202f7730338 x1=0x202f9c994c8 x2=0x202f9c50000
[call] __cxa_atexit x0=0x202f7730338 x1=0x202f9c994e0 x2=0x202f9c50000
[call] malloc       x0=0x30 x1=0x202f9c994e0 x2=0x202f9c50000
[call] __cxa_atexit x0=0x202f7730338 x1=0x202f9c67ae0 x2=0x202f9c50000
[call] malloc       x0=0x20 x1=0x202f9c67ae0 x2=0x202f9c50000
[call] __cxa_atexit x0=0x202f7730338 x1=0x202f9c67b00 x2=0x202f9c50000
[call] __cxa_atexit x0=0x202f7739ce4 x1=0x202f9c67b20 x2=0x202f9c50000
[call] __cxa_atexit x0=0x202f7730338 x1=0x202f9c994f8 x2=0x202f9c50000
[call] __cxa_atexit x0=0x202f7730338 x1=0x202f9c99510 x2=0x202f9c50000
[call] malloc       x0=0x30 x1=0x202f9c99510 x2=0x202f9c50000
[call] __cxa_atexit x0=0x202f7730338 x1=0x202f9c67b70 x2=0x202f9c50000
[call] malloc       x0=0x20 x1=0x202f9c67b70 x2=0x202f9c50000
[call] __cxa_atexit x0=0x202f7730338 x1=0x202f9c67b90 x2=0x202f9c50000
[call] malloc       x0=0x30 x1=0x202f9c67b90 x2=0x202f9c50000
[call] __cxa_atexit x0=0x202f7730338 x1=0x202f9c67bd0 x2=0x202f9c50000
[call] malloc       x0=0x20 x1=0x202f9c67bd0 x2=0x202f9c50000
[call] __cxa_atexit x0=0x202f7730338 x1=0x202f9c67bf0 x2=0x202f9c50000
[call] __cxa_atexit x0=0x202f7730338 x1=0x202f9c99528 x2=0x202f9c50000
[call] __cxa_atexit x0=0x202f7730338 x1=0x202f9c99540 x2=0x202f9c50000
[call] __cxa_atexit x0=0x202f7730338 x1=0x202f9c99558 x2=0x202f9c50000
[call] __cxa_atexit x0=0x202f7730338 x1=0x202f9c99570 x2=0x202f9c50000
[call] __cxa_atexit x0=0x202f7730338 x1=0x202f9c99588 x2=0x202f9c50000
[call] __cxa_atexit x0=0x202f7730338 x1=0x202f9c995a0 x2=0x202f9c50000
[call] __cxa_atexit x0=0x202f7730338 x1=0x202f9c995b8 x2=0x202f9c50000
[call] __cxa_atexit x0=0x202f7730338 x1=0x202f9c995d0 x2=0x202f9c50000
[call] __cxa_atexit x0=0x202f7730338 x1=0x202f9c995e8 x2=0x202f9c50000
[call] __cxa_atexit x0=0x202f7730338 x1=0x202f9c99600 x2=0x202f9c50000
[call] __cxa_atexit x0=0x202f7730338 x1=0x202f9c99618 x2=0x202f9c50000
[call] __cxa_atexit x0=0x202f7730338 x1=0x202f9c99630 x2=0x202f9c50000
[call] __cxa_atexit x0=0x202f7730338 x1=0x202f9c99648 x2=0x202f9c50000
[call] __cxa_atexit x0=0x202f7730338 x1=0x202f9c99660 x2=0x202f9c50000
[call] __cxa_atexit x0=0x202f7730338 x1=0x202f9c99678 x2=0x202f9c50000
[call] __cxa_atexit x0=0x202f7730338 x1=0x202f9c99690 x2=0x202f9c50000
[call] __cxa_atexit x0=0x202f7730338 x1=0x202f9c996a8 x2=0x202f9c50000
[call] malloc       x0=0x20 x1=0x202f9c996a8 x2=0x202f9c50000
[call] __cxa_atexit x0=0x202f7730338 x1=0x202f9c67c10 x2=0x202f9c50000
[call] __cxa_atexit x0=0x202f7730338 x1=0x202f9c996c0 x2=0x202f9c50000
[call] __cxa_atexit x0=0x202f7730338 x1=0x202f9c996d8 x2=0x202f9c50000
[call] __cxa_atexit x0=0x202f7730338 x1=0x202f9c996f0 x2=0x202f9c50000
[call] __cxa_atexit x0=0x202f7730338 x1=0x202f9c99708 x2=0x202f9c50000
[call] __cxa_atexit x0=0x202f7730338 x1=0x202f9c99720 x2=0x202f9c50000
[call] __cxa_atexit x0=0x202f7730338 x1=0x202f9c99738 x2=0x202f9c50000
[call] __cxa_atexit x0=0x202f7730338 x1=0x202f9c99750 x2=0x202f9c50000
[call] __cxa_atexit x0=0x202f7730338 x1=0x202f9c99768 x2=0x202f9c50000
[call] __cxa_atexit x0=0x202f7730338 x1=0x202f9c99780 x2=0x202f9c50000
[call] malloc       x0=0x30 x1=0x202f9c99780 x2=0x202f9c50000
[call] __cxa_atexit x0=0x202f7730338 x1=0x202f9c67c50 x2=0x202f9c50000
[call] malloc       x0=0x20 x1=0x202f9c67c50 x2=0x202f9c50000
[call] __cxa_atexit x0=0x202f7730338 x1=0x202f9c67c70 x2=0x202f9c50000
[call] malloc       x0=0x20 x1=0x202f9c67c70 x2=0x202f9c50000
[call] __cxa_atexit x0=0x202f7730338 x1=0x202f9c67c90 x2=0x202f9c50000
[call] __cxa_atexit x0=0x202f7730338 x1=0x202f9c99798 x2=0x202f9c50000
[call] malloc       x0=0x30 x1=0x202f9c99798 x2=0x202f9c50000
[call] __cxa_atexit x0=0x202f7730338 x1=0x202f9c67cd0 x2=0x202f9c50000
[call] malloc       x0=0x20 x1=0x202f9c67cd0 x2=0x202f9c50000
[call] __cxa_atexit x0=0x202f7730338 x1=0x202f9c67cf0 x2=0x202f9c50000
[call] malloc       x0=0x30 x1=0x202f9c67cf0 x2=0x202f9c50000
[call] __cxa_atexit x0=0x202f7730338 x1=0x202f9c67d50 x2=0x202f9c50000
[call] malloc       x0=0x20 x1=0x202f9c67d50 x2=0x202f9c50000
[call] __cxa_atexit x0=0x202f7730338 x1=0x202f9c67d70 x2=0x202f9c50000
[call] malloc       x0=0x30 x1=0x202f9c67d70 x2=0x202f9c50000
[call] __cxa_atexit x0=0x202f7730338 x1=0x202f9c67db0 x2=0x202f9c50000
[call] malloc       x0=0x20 x1=0x202f9c67db0 x2=0x202f9c50000
[call] __cxa_atexit x0=0x202f7730338 x1=0x202f9c67dd0 x2=0x202f9c50000
[call] malloc       x0=0x30 x1=0x202f9c67dd0 x2=0x202f9c50000
[call] __cxa_atexit x0=0x202f7730338 x1=0x202f9c67e20 x2=0x202f9c50000
[call] malloc       x0=0x20 x1=0x202f9c67e20 x2=0x202f9c50000
[call] __cxa_atexit x0=0x202f7730338 x1=0x202f9c67e40 x2=0x202f9c50000
[call] malloc       x0=0x30 x1=0x202f9c67e40 x2=0x202f9c50000
[call] __cxa_atexit x0=0x202f7730338 x1=0x202f9c67e80 x2=0x202f9c50000
[call] malloc       x0=0x20 x1=0x202f9c67e80 x2=0x202f9c50000
[call] __cxa_atexit x0=0x202f7730338 x1=0x202f9c67ea0 x2=0x202f9c50000
[call] malloc       x0=0x30 x1=0x202f9c67ea0 x2=0x202f9c50000
[call] __cxa_atexit x0=0x202f7730338 x1=0x202f9c67ee0 x2=0x202f9c50000
[call] malloc       x0=0x20 x1=0x202f9c67ee0 x2=0x202f9c50000
[call] __cxa_atexit x0=0x202f7730338 x1=0x202f9c67f00 x2=0x202f9c50000
[call] malloc       x0=0x30 x1=0x202f9c67f00 x2=0x202f9c50000
[call] __cxa_atexit x0=0x202f7730338 x1=0x202f9c67f40 x2=0x202f9c50000
[call] malloc       x0=0x20 x1=0x202f9c67f40 x2=0x202f9c50000
[call] __cxa_atexit x0=0x202f7730338 x1=0x202f9c67f60 x2=0x202f9c50000
[call] __cxa_atexit x0=0x202f7730338 x1=0x202f9c998a0 x2=0x202f9c50000
[call] __cxa_atexit x0=0x202f7730338 x1=0x202f9c998b8 x2=0x202f9c50000
[call] __cxa_atexit x0=0x202f7730338 x1=0x202f9c998d0 x2=0x202f9c50000
[call] __cxa_atexit x0=0x202f7730338 x1=0x202f9c998e8 x2=0x202f9c50000
[call] malloc       x0=0x30 x1=0x202f9c998e8 x2=0x202f9c50000
[call] __cxa_atexit x0=0x202f7730338 x1=0x202f9c67fa0 x2=0x202f9c50000
[call] malloc       x0=0x20 x1=0x202f9c67fa0 x2=0x202f9c50000
[call] __cxa_atexit x0=0x202f7730338 x1=0x202f9c67fc0 x2=0x202f9c50000
[call] malloc       x0=0x30 x1=0x202f9c67fc0 x2=0x202f9c50000
[call] __cxa_atexit x0=0x202f7730338 x1=0x202f9c68000 x2=0x202f9c50000
[call] malloc       x0=0x20 x1=0x202f9c68000 x2=0x202f9c50000
[call] __cxa_atexit x0=0x202f7730338 x1=0x202f9c68020 x2=0x202f9c50000
[call] malloc       x0=0x30 x1=0x202f9c68020 x2=0x202f9c50000
[call] __cxa_atexit x0=0x202f7730338 x1=0x202f9c68060 x2=0x202f9c50000
[call] malloc       x0=0x20 x1=0x202f9c68060 x2=0x202f9c50000
[call] __cxa_atexit x0=0x202f7730338 x1=0x202f9c68080 x2=0x202f9c50000
[call] malloc       x0=0x30 x1=0x202f9c68080 x2=0x202f9c50000
[call] __cxa_atexit x0=0x202f7730338 x1=0x202f9c680c0 x2=0x202f9c50000
[call] malloc       x0=0x20 x1=0x202f9c680c0 x2=0x202f9c50000
[call] __cxa_atexit x0=0x202f7730338 x1=0x202f9c680e0 x2=0x202f9c50000
[call] malloc       x0=0x30 x1=0x202f9c680e0 x2=0x202f9c50000
[call] __cxa_atexit x0=0x202f7730338 x1=0x202f9c68120 x2=0x202f9c50000
[call] malloc       x0=0x20 x1=0x202f9c68120 x2=0x202f9c50000
[call] __cxa_atexit x0=0x202f7730338 x1=0x202f9c68140 x2=0x202f9c50000
[call] malloc       x0=0x30 x1=0x202f9c68140 x2=0x202f9c50000
[call] __cxa_atexit x0=0x202f7730338 x1=0x202f9c68180 x2=0x202f9c50000
[call] malloc       x0=0x20 x1=0x202f9c68180 x2=0x202f9c50000
[call] __cxa_atexit x0=0x202f7730338 x1=0x202f9c681a0 x2=0x202f9c50000
[call] malloc       x0=0x30 x1=0x202f9c681a0 x2=0x202f9c50000
[call] __cxa_atexit x0=0x202f7730338 x1=0x202f9c681e0 x2=0x202f9c50000
[call] malloc       x0=0x20 x1=0x202f9c681e0 x2=0x202f9c50000
[call] __cxa_atexit x0=0x202f7730338 x1=0x202f9c68200 x2=0x202f9c50000
[call] malloc       x0=0x30 x1=0x202f9c68200 x2=0x202f9c50000
[call] __cxa_atexit x0=0x202f7730338 x1=0x202f9c68240 x2=0x202f9c50000
[call] malloc       x0=0x20 x1=0x202f9c68240 x2=0x202f9c50000
[call] __cxa_atexit x0=0x202f7730338 x1=0x202f9c68260 x2=0x202f9c50000
[call] malloc       x0=0x30 x1=0x202f9c68260 x2=0x202f9c50000
[call] __cxa_atexit x0=0x202f7730338 x1=0x202f9c682a0 x2=0x202f9c50000
[call] malloc       x0=0x20 x1=0x202f9c682a0 x2=0x202f9c50000
[call] __cxa_atexit x0=0x202f7730338 x1=0x202f9c682c0 x2=0x202f9c50000
[call] malloc       x0=0x30 x1=0x202f9c682c0 x2=0x202f9c50000
[call] __cxa_atexit x0=0x202f7730338 x1=0x202f9c682e0 x2=0x202f9c50000
[call] malloc       x0=0x30 x1=0x202f9c682e0 x2=0x202f9c50000
[call] __cxa_atexit x0=0x202f7730338 x1=0x202f9c68320 x2=0x202f9c50000
[call] malloc       x0=0x20 x1=0x202f9c68320 x2=0x202f9c50000
[call] __cxa_atexit x0=0x202f7730338 x1=0x202f9c68340 x2=0x202f9c50000
[call] __cxa_atexit x0=0x202f7730338 x1=0x202f9c999c0 x2=0x202f9c50000
[call] malloc       x0=0x30 x1=0x202f9c999c0 x2=0x202f9c50000
[call] __cxa_atexit x0=0x202f7730338 x1=0x202f9c68380 x2=0x202f9c50000
[call] malloc       x0=0x20 x1=0x202f9c68380 x2=0x202f9c50000
[call] __cxa_atexit x0=0x202f7730338 x1=0x202f9c683a0 x2=0x202f9c50000
[call] __cxa_atexit x0=0x202f7730338 x1=0x202f9c999d8 x2=0x202f9c50000
[call] __cxa_atexit x0=0x202f7730338 x1=0x202f9c999f0 x2=0x202f9c50000
[call] __cxa_atexit x0=0x202f7730338 x1=0x202f9c99a08 x2=0x202f9c50000
[call] malloc       x0=0x30 x1=0x202f9c99a08 x2=0x202f9c50000
[call] __cxa_atexit x0=0x202f7730338 x1=0x202f9c683e0 x2=0x202f9c50000
[call] malloc       x0=0x20 x1=0x202f9c683e0 x2=0x202f9c50000
[call] __cxa_atexit x0=0x202f7730338 x1=0x202f9c68400 x2=0x202f9c50000
[call] __cxa_atexit x0=0x202f7730338 x1=0x202f9c99a38 x2=0x202f9c50000
[call] __cxa_atexit x0=0x202f7730338 x1=0x202f9c99a50 x2=0x202f9c50000
[call] malloc       x0=0x30 x1=0x202f9c99a50 x2=0x202f9c50000
[call] __cxa_atexit x0=0x202f7730338 x1=0x202f9c68440 x2=0x202f9c50000
[call] malloc       x0=0x20 x1=0x202f9c68440 x2=0x202f9c50000
[call] __cxa_atexit x0=0x202f7730338 x1=0x202f9c68460 x2=0x202f9c50000
[call] malloc       x0=0x30 x1=0x202f9c68460 x2=0x202f9c50000
[call] __cxa_atexit x0=0x202f7730338 x1=0x202f9c684a0 x2=0x202f9c50000
[call] malloc       x0=0x20 x1=0x202f9c684a0 x2=0x202f9c50000
[call] __cxa_atexit x0=0x202f7730338 x1=0x202f9c684c0 x2=0x202f9c50000
[call] __cxa_atexit x0=0x202f7730338 x1=0x202f9c99a80 x2=0x202f9c50000
[call] __cxa_atexit x0=0x202f7730338 x1=0x202f9c99a98 x2=0x202f9c50000
[call] malloc       x0=0x30 x1=0x202f9c99a98 x2=0x202f9c50000
[call] __cxa_atexit x0=0x202f7730338 x1=0x202f9c68500 x2=0x202f9c50000
[call] malloc       x0=0x20 x1=0x202f9c68500 x2=0x202f9c50000
[call] __cxa_atexit x0=0x202f7730338 x1=0x202f9c68520 x2=0x202f9c50000
[call] malloc       x0=0x30 x1=0x202f9c68520 x2=0x202f9c50000
[call] __cxa_atexit x0=0x202f7730338 x1=0x202f9c68560 x2=0x202f9c50000
[call] malloc       x0=0x20 x1=0x202f9c68560 x2=0x202f9c50000
[call] __cxa_atexit x0=0x202f7730338 x1=0x202f9c68580 x2=0x202f9c50000
[call] malloc       x0=0x30 x1=0x202f9c68580 x2=0x202f9c50000
[call] __cxa_atexit x0=0x202f7730338 x1=0x202f9c685c0 x2=0x202f9c50000
[call] malloc       x0=0x20 x1=0x202f9c685c0 x2=0x202f9c50000
[call] __cxa_atexit x0=0x202f7730338 x1=0x202f9c685e0 x2=0x202f9c50000
[call] __cxa_atexit x0=0x202f7730338 x1=0x202f9c99ae0 x2=0x202f9c50000
[call] malloc       x0=0x30 x1=0x202f9c99ae0 x2=0x202f9c50000
[call] __cxa_atexit x0=0x202f7730338 x1=0x202f9c68620 x2=0x202f9c50000
[call] malloc       x0=0x20 x1=0x202f9c68620 x2=0x202f9c50000
[call] __cxa_atexit x0=0x202f7730338 x1=0x202f9c68640 x2=0x202f9c50000
[call] __cxa_atexit x0=0x202f7730338 x1=0x202f9c99b10 x2=0x202f9c50000
[call] malloc       x0=0x30 x1=0x202f9c99b10 x2=0x202f9c50000
[call] __cxa_atexit x0=0x202f7730338 x1=0x202f9c68680 x2=0x202f9c50000
[call] malloc       x0=0x20 x1=0x202f9c68680 x2=0x202f9c50000
[call] __cxa_atexit x0=0x202f7730338 x1=0x202f9c686a0 x2=0x202f9c50000
[call] malloc       x0=0x30 x1=0x202f9c686a0 x2=0x202f9c50000
[call] __cxa_atexit x0=0x202f7730338 x1=0x202f9c686e0 x2=0x202f9c50000
[call] malloc       x0=0x20 x1=0x202f9c686e0 x2=0x202f9c50000
[call] __cxa_atexit x0=0x202f7730338 x1=0x202f9c68700 x2=0x202f9c50000
[call] malloc       x0=0x20 x1=0x202f9c68700 x2=0x202f9c50000
[call] __cxa_atexit x0=0x202f7730338 x1=0x202f9c68720 x2=0x202f9c50000
[call] __cxa_atexit x0=0x202f7730338 x1=0x202f9c99b70 x2=0x202f9c50000
[call] malloc       x0=0x30 x1=0x202f9c99b70 x2=0x202f9c50000
[call] __cxa_atexit x0=0x202f7730338 x1=0x202f9c68760 x2=0x202f9c50000
[call] malloc       x0=0x20 x1=0x202f9c68760 x2=0x202f9c50000
[call] __cxa_atexit x0=0x202f7730338 x1=0x202f9c68780 x2=0x202f9c50000
[call] __cxa_atexit x0=0x202f7730338 x1=0x202f9c99b88 x2=0x202f9c50000
[call] malloc       x0=0x30 x1=0x202f9c99b88 x2=0x202f9c50000
[call] __cxa_atexit x0=0x202f7730338 x1=0x202f9c687c0 x2=0x202f9c50000
[call] malloc       x0=0x20 x1=0x202f9c687c0 x2=0x202f9c50000
[call] __cxa_atexit x0=0x202f7730338 x1=0x202f9c687e0 x2=0x202f9c50000
[call] __cxa_atexit x0=0x202f7730338 x1=0x202f9c99bb8 x2=0x202f9c50000
[call] malloc       x0=0x30 x1=0x202f9c99bb8 x2=0x202f9c50000
[call] __cxa_atexit x0=0x202f7730338 x1=0x202f9c68820 x2=0x202f9c50000
[call] malloc       x0=0x20 x1=0x202f9c68820 x2=0x202f9c50000
[call] __cxa_atexit x0=0x202f7730338 x1=0x202f9c68840 x2=0x202f9c50000
[call] malloc       x0=0x30 x1=0x202f9c68840 x2=0x202f9c50000
[call] __cxa_atexit x0=0x202f7730338 x1=0x202f9c68880 x2=0x202f9c50000
[call] malloc       x0=0x20 x1=0x202f9c68880 x2=0x202f9c50000
[call] __cxa_atexit x0=0x202f7730338 x1=0x202f9c688a0 x2=0x202f9c50000
[call] malloc       x0=0x30 x1=0x202f9c688a0 x2=0x202f9c50000
[call] __cxa_atexit x0=0x202f7730338 x1=0x202f9c688e0 x2=0x202f9c50000
[call] malloc       x0=0x20 x1=0x202f9c688e0 x2=0x202f9c50000
[call] __cxa_atexit x0=0x202f7730338 x1=0x202f9c68900 x2=0x202f9c50000
[call] malloc       x0=0x30 x1=0x202f9c68900 x2=0x202f9c50000
[call] __cxa_atexit x0=0x202f7730338 x1=0x202f9c68940 x2=0x202f9c50000
[call] malloc       x0=0x20 x1=0x202f9c68940 x2=0x202f9c50000
[call] __cxa_atexit x0=0x202f7730338 x1=0x202f9c68960 x2=0x202f9c50000
[call] malloc       x0=0x30 x1=0x202f9c68960 x2=0x202f9c50000
[call] __cxa_atexit x0=0x202f7730338 x1=0x202f9c689a0 x2=0x202f9c50000
[call] malloc       x0=0x20 x1=0x202f9c689a0 x2=0x202f9c50000
[call] __cxa_atexit x0=0x202f7730338 x1=0x202f9c689c0 x2=0x202f9c50000
[call] __cxa_atexit x0=0x202f7730338 x1=0x202f9c99c90 x2=0x202f9c50000
[call] malloc       x0=0x30 x1=0x202f9c99c90 x2=0x202f9c50000
[call] __cxa_atexit x0=0x202f7730338 x1=0x202f9c68a00 x2=0x202f9c50000
[call] malloc       x0=0x20 x1=0x202f9c68a00 x2=0x202f9c50000
[call] __cxa_atexit x0=0x202f7730338 x1=0x202f9c68a20 x2=0x202f9c50000
[call] __cxa_atexit x0=0x202f7730338 x1=0x202f9c99cf0 x2=0x202f9c50000
[call] __cxa_atexit x0=0x202f7730338 x1=0x202f9c99d08 x2=0x202f9c50000
[call] __cxa_atexit x0=0x202f7739ce4 x1=0x202f9c68a40 x2=0x202f9c50000
[call] malloc       x0=0x30 x1=0x202f9c68a40 x2=0x202f9c50000
[call] __cxa_atexit x0=0x202f7730338 x1=0x202f9c68a90 x2=0x202f9c50000
[call] malloc       x0=0x20 x1=0x202f9c68a90 x2=0x202f9c50000
[call] __cxa_atexit x0=0x202f7730338 x1=0x202f9c68ab0 x2=0x202f9c50000
[call] malloc       x0=0x20 x1=0x202f9c68ab0 x2=0x202f9c50000
[call] __cxa_atexit x0=0x202f7730338 x1=0x202f9c68ad0 x2=0x202f9c50000
[call] malloc       x0=0x20 x1=0x202f9c68ad0 x2=0x202f9c50000
[call] __cxa_atexit x0=0x202f7730338 x1=0x202f9c68af0 x2=0x202f9c50000
[call] malloc       x0=0x20 x1=0x202f9c68af0 x2=0x202f9c50000
[call] __cxa_atexit x0=0x202f7730338 x1=0x202f9c68b10 x2=0x202f9c50000
[call] malloc       x0=0x30 x1=0x202f9c68b10 x2=0x202f9c50000
[call] __cxa_atexit x0=0x202f7730338 x1=0x202f9c68bd0 x2=0x202f9c50000
[call] malloc       x0=0x20 x1=0x202f9c68bd0 x2=0x202f9c50000
[call] __cxa_atexit x0=0x202f7730338 x1=0x202f9c68bf0 x2=0x202f9c50000
[call] malloc       x0=0x20 x1=0x202f9c68bf0 x2=0x202f9c50000
[call] __cxa_atexit x0=0x202f7730338 x1=0x202f9c68c10 x2=0x202f9c50000
[call] __cxa_atexit x0=0x202f7730338 x1=0x202f9c99d20 x2=0x202f9c50000
[call] __cxa_atexit x0=0x202f7730338 x1=0x202f9c99d38 x2=0x202f9c50000
[call] malloc       x0=0x30 x1=0x202f9c99d38 x2=0x202f9c50000
[call] __cxa_atexit x0=0x202f7730338 x1=0x202f9c68c50 x2=0x202f9c50000
[call] malloc       x0=0x20 x1=0x202f9c68c50 x2=0x202f9c50000
[call] __cxa_atexit x0=0x202f7730338 x1=0x202f9c68c70 x2=0x202f9c50000
[call] malloc       x0=0x20 x1=0x202f9c68c70 x2=0x202f9c50000
[call] __cxa_atexit x0=0x202f7730338 x1=0x202f9c68c90 x2=0x202f9c50000
[call] malloc       x0=0x30 x1=0x202f9c68c90 x2=0x202f9c50000
[call] __cxa_atexit x0=0x202f7730338 x1=0x202f9c68cd0 x2=0x202f9c50000
[call] malloc       x0=0x20 x1=0x202f9c68cd0 x2=0x202f9c50000
[call] __cxa_atexit x0=0x202f7730338 x1=0x202f9c68cf0 x2=0x202f9c50000
[call] malloc       x0=0x30 x1=0x202f9c68cf0 x2=0x202f9c50000
[call] __cxa_atexit x0=0x202f7730338 x1=0x202f9c68d10 x2=0x202f9c50000
[call] malloc       x0=0x20 x1=0x202f9c68d10 x2=0x202f9c50000
[call] __cxa_atexit x0=0x202f7730338 x1=0x202f9c68d30 x2=0x202f9c50000
[call] malloc       x0=0x30 x1=0x202f9c68d30 x2=0x202f9c50000
[call] __cxa_atexit x0=0x202f7730338 x1=0x202f9c68d50 x2=0x202f9c50000
[call] malloc       x0=0x30 x1=0x202f9c68d50 x2=0x202f9c50000
[call] __cxa_atexit x0=0x202f7730338 x1=0x202f9c68d90 x2=0x202f9c50000
[call] malloc       x0=0x20 x1=0x202f9c68d90 x2=0x202f9c50000
[call] __cxa_atexit x0=0x202f7730338 x1=0x202f9c68db0 x2=0x202f9c50000
[call] malloc       x0=0x30 x1=0x202f9c68db0 x2=0x202f9c50000
[call] __cxa_atexit x0=0x202f7730338 x1=0x202f9c68df0 x2=0x202f9c50000
[call] malloc       x0=0x20 x1=0x202f9c68df0 x2=0x202f9c50000
[call] __cxa_atexit x0=0x202f7730338 x1=0x202f9c68e10 x2=0x202f9c50000
[call] malloc       x0=0x30 x1=0x202f9c68e10 x2=0x202f9c50000
[call] __cxa_atexit x0=0x202f7730338 x1=0x202f9c68e70 x2=0x202f9c50000
[call] malloc       x0=0x20 x1=0x202f9c68e70 x2=0x202f9c50000
[call] __cxa_atexit x0=0x202f7730338 x1=0x202f9c68e90 x2=0x202f9c50000
[call] __cxa_atexit x0=0x202f7730338 x1=0x202f9c99ea0 x2=0x202f9c50000
[call] malloc       x0=0x30 x1=0x202f9c99ea0 x2=0x202f9c50000
[call] __cxa_atexit x0=0x202f7730338 x1=0x202f9c68ed0 x2=0x202f9c50000
[call] malloc       x0=0x20 x1=0x202f9c68ed0 x2=0x202f9c50000
[call] __cxa_atexit x0=0x202f7730338 x1=0x202f9c68ef0 x2=0x202f9c50000
[call] __cxa_atexit x0=0x202f7739ce4 x1=0x202f9c68f10 x2=0x202f9c50000
[call] malloc       x0=0x30 x1=0x202f9c68f10 x2=0x202f9c50000
[call] __cxa_atexit x0=0x202f7730338 x1=0x202f9c68f60 x2=0x202f9c50000
[call] malloc       x0=0x20 x1=0x202f9c68f60 x2=0x202f9c50000
[call] __cxa_atexit x0=0x202f7730338 x1=0x202f9c68f80 x2=0x202f9c50000
[call] malloc       x0=0x30 x1=0x202f9c68f80 x2=0x202f9c50000
[call] __cxa_atexit x0=0x202f7730338 x1=0x202f9c68fc0 x2=0x202f9c50000
[call] malloc       x0=0x20 x1=0x202f9c68fc0 x2=0x202f9c50000
[call] __cxa_atexit x0=0x202f7730338 x1=0x202f9c68fe0 x2=0x202f9c50000
[call] malloc       x0=0x30 x1=0x202f9c68fe0 x2=0x202f9c50000
[call] __cxa_atexit x0=0x202f7730338 x1=0x202f9c69020 x2=0x202f9c50000
[call] malloc       x0=0x20 x1=0x202f9c69020 x2=0x202f9c50000
[call] __cxa_atexit x0=0x202f7730338 x1=0x202f9c69040 x2=0x202f9c50000
[call] malloc       x0=0x30 x1=0x202f9c69040 x2=0x202f9c50000
[call] __cxa_atexit x0=0x202f7730338 x1=0x202f9c69080 x2=0x202f9c50000
[call] malloc       x0=0x20 x1=0x202f9c69080 x2=0x202f9c50000
[call] __cxa_atexit x0=0x202f7730338 x1=0x202f9c690a0 x2=0x202f9c50000
[call] malloc       x0=0x30 x1=0x202f9c690a0 x2=0x202f9c50000
[call] __cxa_atexit x0=0x202f7730338 x1=0x202f9c690e0 x2=0x202f9c50000
[call] malloc       x0=0x20 x1=0x202f9c690e0 x2=0x202f9c50000
[call] __cxa_atexit x0=0x202f7730338 x1=0x202f9c69100 x2=0x202f9c50000
[call] __cxa_atexit x0=0x202f7730338 x1=0x202f9c99f00 x2=0x202f9c50000
[call] __cxa_atexit x0=0x202f7739ce4 x1=0x202f9c69120 x2=0x202f9c50000
[call] malloc       x0=0x20 x1=0x202f9c69120 x2=0x202f9c50000
[call] __cxa_atexit x0=0x202f7730338 x1=0x202f9c69150 x2=0x202f9c50000
[call] __cxa_atexit x0=0x202f7730338 x1=0x202f9c99f18 x2=0x202f9c50000
[call] __cxa_atexit x0=0x202f7730338 x1=0x202f9c99f30 x2=0x202f9c50000
[call] __cxa_atexit x0=0x202f7730338 x1=0x202f9c99f48 x2=0x202f9c50000
[call] __cxa_atexit x0=0x202f7730338 x1=0x202f9c99f60 x2=0x202f9c50000
[call] malloc       x0=0x30 x1=0x202f9c99f60 x2=0x202f9c50000
[call] __cxa_atexit x0=0x202f7730338 x1=0x202f9c69190 x2=0x202f9c50000
[call] malloc       x0=0x20 x1=0x202f9c69190 x2=0x202f9c50000
[call] __cxa_atexit x0=0x202f7730338 x1=0x202f9c691b0 x2=0x202f9c50000
[call] __cxa_atexit x0=0x202f7739ce4 x1=0x202f9c691d0 x2=0x202f9c50000
[call] malloc       x0=0x30 x1=0x202f9c691d0 x2=0x202f9c50000
[call] __cxa_atexit x0=0x202f7730338 x1=0x202f9c69220 x2=0x202f9c50000
[call] malloc       x0=0x20 x1=0x202f9c69220 x2=0x202f9c50000
[call] __cxa_atexit x0=0x202f7730338 x1=0x202f9c69240 x2=0x202f9c50000
[call] __cxa_atexit x0=0x202f7730338 x1=0x202f9c99fa8 x2=0x202f9c50000
[call] malloc       x0=0x20 x1=0x202f9c99fa8 x2=0x202f9c50000
[call] __cxa_atexit x0=0x202f7730338 x1=0x202f9c69260 x2=0x202f9c50000
[call] malloc       x0=0x30 x1=0x202f9c69260 x2=0x202f9c50000
[call] __cxa_atexit x0=0x202f7730338 x1=0x202f9c692a0 x2=0x202f9c50000
[call] malloc       x0=0x20 x1=0x202f9c692a0 x2=0x202f9c50000
[call] __cxa_atexit x0=0x202f7730338 x1=0x202f9c692c0 x2=0x202f9c50000
[call] __cxa_atexit x0=0x202f7730338 x1=0x202f9c99fc0 x2=0x202f9c50000
[call] __cxa_atexit x0=0x202f7730338 x1=0x202f9c99fd8 x2=0x202f9c50000
[call] malloc       x0=0x20 x1=0x202f9c99fd8 x2=0x202f9c50000
[call] __cxa_atexit x0=0x202f7730338 x1=0x202f9c692e0 x2=0x202f9c50000
[call] malloc       x0=0x30 x1=0x202f9c692e0 x2=0x202f9c50000
[call] __cxa_atexit x0=0x202f7730338 x1=0x202f9c69300 x2=0x202f9c50000
[call] malloc       x0=0x20 x1=0x202f9c69300 x2=0x202f9c50000
[call] __cxa_atexit x0=0x202f7730338 x1=0x202f9c69320 x2=0x202f9c50000
[call] malloc       x0=0x30 x1=0x202f9c69320 x2=0x202f9c50000
[call] __cxa_atexit x0=0x202f7730338 x1=0x202f9c69360 x2=0x202f9c50000
[call] malloc       x0=0x20 x1=0x202f9c69360 x2=0x202f9c50000
[call] __cxa_atexit x0=0x202f7730338 x1=0x202f9c69380 x2=0x202f9c50000
[call] __cxa_atexit x0=0x202f7730338 x1=0x202f9c9a068 x2=0x202f9c50000
[call] malloc       x0=0x30 x1=0x202f9c9a068 x2=0x202f9c50000
[call] __cxa_atexit x0=0x202f7730338 x1=0x202f9c693c0 x2=0x202f9c50000
[call] malloc       x0=0x20 x1=0x202f9c693c0 x2=0x202f9c50000
[call] __cxa_atexit x0=0x202f7730338 x1=0x202f9c693e0 x2=0x202f9c50000
[call] malloc       x0=0x30 x1=0x202f9c693e0 x2=0x202f9c50000
[call] __cxa_atexit x0=0x202f7730338 x1=0x202f9c69420 x2=0x202f9c50000
[call] malloc       x0=0x20 x1=0x202f9c69420 x2=0x202f9c50000
[call] __cxa_atexit x0=0x202f7730338 x1=0x202f9c69440 x2=0x202f9c50000
[call] __cxa_atexit x0=0x202f7739ce4 x1=0x202f9c69460 x2=0x202f9c50000
[call] malloc       x0=0x30 x1=0x202f9c69460 x2=0x202f9c50000
[call] __cxa_atexit x0=0x202f7730338 x1=0x202f9c694b0 x2=0x202f9c50000
[call] malloc       x0=0x20 x1=0x202f9c694b0 x2=0x202f9c50000
[call] __cxa_atexit x0=0x202f7730338 x1=0x202f9c694d0 x2=0x202f9c50000
[call] malloc       x0=0x30 x1=0x202f9c694d0 x2=0x202f9c50000
[call] __cxa_atexit x0=0x202f7730338 x1=0x202f9c69510 x2=0x202f9c50000
[call] malloc       x0=0x20 x1=0x202f9c69510 x2=0x202f9c50000
[call] __cxa_atexit x0=0x202f7730338 x1=0x202f9c69530 x2=0x202f9c50000
[call] __cxa_atexit x0=0x202f7730338 x1=0x202f9c9a0e0 x2=0x202f9c50000
[call] malloc       x0=0x30 x1=0x202f9c9a0e0 x2=0x202f9c50000
[call] __cxa_atexit x0=0x202f7730338 x1=0x202f9c69570 x2=0x202f9c50000
[call] malloc       x0=0x20 x1=0x202f9c69570 x2=0x202f9c50000
[call] __cxa_atexit x0=0x202f7730338 x1=0x202f9c69590 x2=0x202f9c50000
[call] malloc       x0=0x30 x1=0x202f9c69590 x2=0x202f9c50000
[call] __cxa_atexit x0=0x202f7730338 x1=0x202f9c69650 x2=0x202f9c50000
[call] malloc       x0=0x20 x1=0x202f9c69650 x2=0x202f9c50000
[call] __cxa_atexit x0=0x202f7730338 x1=0x202f9c69670 x2=0x202f9c50000
[call] __cxa_atexit x0=0x202f7730338 x1=0x202f9c9a2d8 x2=0x202f9c50000
[call] malloc       x0=0x30 x1=0x202f9c9a2d8 x2=0x202f9c50000
[call] __cxa_atexit x0=0x202f7730338 x1=0x202f9c696b0 x2=0x202f9c50000
[call] malloc       x0=0x20 x1=0x202f9c696b0 x2=0x202f9c50000
[call] __cxa_atexit x0=0x202f7730338 x1=0x202f9c696d0 x2=0x202f9c50000
[call] malloc       x0=0x30 x1=0x202f9c696d0 x2=0x202f9c50000
[call] __cxa_atexit x0=0x202f7730338 x1=0x202f9c69710 x2=0x202f9c50000
[call] malloc       x0=0x20 x1=0x202f9c69710 x2=0x202f9c50000
[call] __cxa_atexit x0=0x202f7730338 x1=0x202f9c69730 x2=0x202f9c50000
[call] malloc       x0=0x30 x1=0x202f9c69730 x2=0x202f9c50000
[call] __cxa_atexit x0=0x202f7730338 x1=0x202f9c69770 x2=0x202f9c50000
[call] malloc       x0=0x20 x1=0x202f9c69770 x2=0x202f9c50000
[call] __cxa_atexit x0=0x202f7730338 x1=0x202f9c69790 x2=0x202f9c50000
[call] malloc       x0=0x30 x1=0x202f9c69790 x2=0x202f9c50000
[call] __cxa_atexit x0=0x202f7730338 x1=0x202f9c697d0 x2=0x202f9c50000
[call] malloc       x0=0x20 x1=0x202f9c697d0 x2=0x202f9c50000
[call] __cxa_atexit x0=0x202f7730338 x1=0x202f9c697f0 x2=0x202f9c50000
[call] __cxa_atexit x0=0x202f7730338 x1=0x202f9c9a320 x2=0x202f9c50000
[call] malloc       x0=0x30 x1=0x202f9c9a320 x2=0x202f9c50000
[call] __cxa_atexit x0=0x202f7730338 x1=0x202f9c69830 x2=0x202f9c50000
[call] malloc       x0=0x20 x1=0x202f9c69830 x2=0x202f9c50000
[call] __cxa_atexit x0=0x202f7730338 x1=0x202f9c69850 x2=0x202f9c50000
[call] __cxa_atexit x0=0x202f7730338 x1=0x202f9c9a338 x2=0x202f9c50000
[call] __cxa_atexit x0=0x202f7730338 x1=0x202f9c9a350 x2=0x202f9c50000
[call] __cxa_atexit x0=0x202f7730338 x1=0x202f9c9a368 x2=0x202f9c50000
[call] __cxa_atexit x0=0x202f7730338 x1=0x202f9c9a380 x2=0x202f9c50000
[call] __cxa_atexit x0=0x202f7730338 x1=0x202f9c9a398 x2=0x202f9c50000
[call] __cxa_atexit x0=0x202f7730338 x1=0x202f9c9a3b0 x2=0x202f9c50000
[call] __cxa_atexit x0=0x202f7730338 x1=0x202f9c9a3c8 x2=0x202f9c50000
[call] __cxa_atexit x0=0x202f7730338 x1=0x202f9c9a3e0 x2=0x202f9c50000
[call] __cxa_atexit x0=0x202f7730338 x1=0x202f9c9a3f8 x2=0x202f9c50000
[call] __cxa_atexit x0=0x202f7730338 x1=0x202f9c9a410 x2=0x202f9c50000
[call] malloc       x0=0x30 x1=0x202f9c9a410 x2=0x202f9c50000
[call] __cxa_atexit x0=0x202f7730338 x1=0x202f9c69890 x2=0x202f9c50000
[call] malloc       x0=0x20 x1=0x202f9c69890 x2=0x202f9c50000
[call] __cxa_atexit x0=0x202f7730338 x1=0x202f9c698b0 x2=0x202f9c50000
[call] malloc       x0=0x30 x1=0x202f9c698b0 x2=0x202f9c50000
[call] __cxa_atexit x0=0x202f7730338 x1=0x202f9c698f0 x2=0x202f9c50000
[call] malloc       x0=0x20 x1=0x202f9c698f0 x2=0x202f9c50000
[call] __cxa_atexit x0=0x202f7730338 x1=0x202f9c69910 x2=0x202f9c50000
[call] __cxa_atexit x0=0x202f7730338 x1=0x202f9c9a440 x2=0x202f9c50000
[call] malloc       x0=0x30 x1=0x202f9c9a440 x2=0x202f9c50000
[call] __cxa_atexit x0=0x202f7730338 x1=0x202f9c69950 x2=0x202f9c50000
[call] malloc       x0=0x20 x1=0x202f9c69950 x2=0x202f9c50000
[call] __cxa_atexit x0=0x202f7730338 x1=0x202f9c69970 x2=0x202f9c50000
[call] __cxa_atexit x0=0x202f7730338 x1=0x202f9c9a458 x2=0x202f9c50000
[call] malloc       x0=0x40 x1=0x202fccc4f48 x2=0x202f9c50000
[call] malloc       x0=0x40 x1=0x202fccc4f68 x2=0x202f9c50000
[call] malloc       x0=0x40 x1=0x202fccc4f88 x2=0x202f9c50000
[call] malloc       x0=0x40 x1=0x202fccc4fa8 x2=0x202f9c50000
[call] malloc       x0=0x40 x1=0x202fccc4fc8 x2=0x202f9c50000
[call] malloc       x0=0x40 x1=0x202fccc4fe8 x2=0x202f9c50000
[call] __cxa_atexit x0=0x202f8583fd8 x1=0x202f9c9a470 x2=0x202f9c50000
[call] malloc       x0=0x30 x1=0x202f9c9a470 x2=0x202f9c50000
[call] __cxa_atexit x0=0x202f7730338 x1=0x202f9c699b0 x2=0x202f9c50000
[call] malloc       x0=0x20 x1=0x202f9c699b0 x2=0x202f9c50000
[call] __cxa_atexit x0=0x202f7730338 x1=0x202f9c699d0 x2=0x202f9c50000
[call] malloc       x0=0x30 x1=0x202f9c699d0 x2=0x202f9c50000
[call] __cxa_atexit x0=0x202f7730338 x1=0x202f9c69a10 x2=0x202f9c50000
[call] malloc       x0=0x20 x1=0x202f9c69a10 x2=0x202f9c50000
[call] __cxa_atexit x0=0x202f7730338 x1=0x202f9c69a30 x2=0x202f9c50000
[call] malloc       x0=0x30 x1=0x202f9c69a30 x2=0x202f9c50000
[call] __cxa_atexit x0=0x202f7730338 x1=0x202f9c69a70 x2=0x202f9c50000
[call] malloc       x0=0x20 x1=0x202f9c69a70 x2=0x202f9c50000
[call] __cxa_atexit x0=0x202f7730338 x1=0x202f9c69a90 x2=0x202f9c50000
[call] malloc       x0=0x30 x1=0x202f9c69a90 x2=0x202f9c50000
[call] __cxa_atexit x0=0x202f7730338 x1=0x202f9c69ad0 x2=0x202f9c50000
[call] malloc       x0=0x20 x1=0x202f9c69ad0 x2=0x202f9c50000
[call] __cxa_atexit x0=0x202f7730338 x1=0x202f9c69af0 x2=0x202f9c50000
[call] __cxa_atexit x0=0x202f7739ce4 x1=0x202f9c69b10 x2=0x202f9c50000
[call] __cxa_atexit x0=0x202f7730338 x1=0x202f9c9a488 x2=0x202f9c50000
[call] malloc       x0=0x80 x1=0x202f9c9a488 x2=0x202f9c50000
[call] malloc       x0=0x40 x1=0 x2=0x202f9c50000
[call] malloc       x0=0x80 x1=0x202f1c66220 x2=0x202f1c662a0
[call] malloc       x0=0x80 x1=0x202f1c66220 x2=0x202f1c662a0
[call] malloc       x0=0x40 x1=0 x2=0x202f1c662a0
[call] malloc       x0=0x80 x1=0x202f1c662b0 x2=0x202f1c66330
[call] malloc       x0=0x80 x1=0x202f1c662b0 x2=0x202f1c66330
[call] malloc       x0=0x40 x1=0 x2=0x202f1c66330
[call] malloc       x0=0x80 x1=0x202f1c668e0 x2=0x202f1c66960
[call] malloc       x0=0x80 x1=0x202f1c668e0 x2=0x202f1c66960
[call] malloc       x0=0x40 x1=0 x2=0x202f1c66960
[call] malloc       x0=0x80 x1=0x202f363df60 x2=0x202f363dfe0
[call] free         x0=0x202f363df60 x1=0x202f363df60 x2=0x202f363dfe0
[call] free         x0=0x202f1c668e0 x1=0x202f363df60 x2=0x202f363dfe0
[call] free         x0=0x202f1c662b0 x1=0x202f363df60 x2=0x202f363dfe0
[call] free         x0=0x202f1c66220 x1=0x202f363df60 x2=0x202f363dfe0
[call] __cxa_atexit x0=0x202f859990c x1=0x202f9c9a4a0 x2=0x202f9c50000
[call] malloc       x0=0x40 x1=0x202f9c9a4a0 x2=0x202f9c50000
[call] memcpy       x0=0x202f1c71479 x1=0x202f948a632 x2=0x9
[call] malloc       x0=0x40 x1=0x202f948a632 x2=0x9
[call] memcpy       x0=0x202f1c714c9 x1=0x202f948a63c x2=0x9
[call] malloc       x0=0x40 x1=0x202f948a63c x2=0x9
[call] memcpy       x0=0x202f1c716f9 x1=0x202f948a646 x2=0x9
[call] malloc       x0=0x40 x1=0x202f948a646 x2=0x9
[call] memcpy       x0=0x202f1c71749 x1=0x202f948a650 x2=0x9
[call] __cxa_atexit x0=0x202f8599914 x1=0x202f9c9a4b8 x2=0x202f9c50000
[call] __cxa_atexit x0=0x202f7730338 x1=0x202f9c9a4d0 x2=0x202f9c50000
[call] malloc       x0=0x30 x1=0x202f9c9a4d0 x2=0x202f9c50000
[call] __cxa_atexit x0=0x202f7730338 x1=0x202f9c69b60 x2=0x202f9c50000
[call] malloc       x0=0x20 x1=0x202f9c69b60 x2=0x202f9c50000
[call] __cxa_atexit x0=0x202f7730338 x1=0x202f9c69b80 x2=0x202f9c50000
[call] malloc       x0=0x30 x1=0x202f9c69b80 x2=0x202f9c50000
[call] __cxa_atexit x0=0x202f7730338 x1=0x202f9c69bc0 x2=0x202f9c50000
[call] malloc       x0=0x20 x1=0x202f9c69bc0 x2=0x202f9c50000
[call] __cxa_atexit x0=0x202f7730338 x1=0x202f9c69be0 x2=0x202f9c50000
[call] malloc       x0=0x30 x1=0x202f9c69be0 x2=0x202f9c50000
[call] __cxa_atexit x0=0x202f7730338 x1=0x202f9c69c20 x2=0x202f9c50000
[call] malloc       x0=0x20 x1=0x202f9c69c20 x2=0x202f9c50000
[call] __cxa_atexit x0=0x202f7730338 x1=0x202f9c69c40 x2=0x202f9c50000
[call] malloc       x0=0x30 x1=0x202f9c69c40 x2=0x202f9c50000
[call] __cxa_atexit x0=0x202f7730338 x1=0x202f9c69c80 x2=0x202f9c50000
[call] malloc       x0=0x20 x1=0x202f9c69c80 x2=0x202f9c50000
[call] __cxa_atexit x0=0x202f7730338 x1=0x202f9c69ca0 x2=0x202f9c50000
[call] __cxa_atexit x0=0x202f7730338 x1=0x202f9c9a818 x2=0x202f9c50000
[call] __cxa_atexit x0=0x202f7730338 x1=0x202f9c9a830 x2=0x202f9c50000
[call] __cxa_atexit x0=0x202f7730338 x1=0x202f9c9a848 x2=0x202f9c50000
[call] __cxa_atexit x0=0x202f7730338 x1=0x202f9c9a860 x2=0x202f9c50000
[call] malloc       x0=0x30 x1=0x202f9c9a860 x2=0x202f9c50000
[call] __cxa_atexit x0=0x202f7730338 x1=0x202f9c69ce0 x2=0x202f9c50000
[call] malloc       x0=0x20 x1=0x202f9c69ce0 x2=0x202f9c50000
[call] __cxa_atexit x0=0x202f7730338 x1=0x202f9c69d00 x2=0x202f9c50000
[call] malloc       x0=0x30 x1=0x202f9c69d00 x2=0x202f9c50000
[call] __cxa_atexit x0=0x202f7730338 x1=0x202f9c69d40 x2=0x202f9c50000
[call] malloc       x0=0x20 x1=0x202f9c69d40 x2=0x202f9c50000
[call] __cxa_atexit x0=0x202f7730338 x1=0x202f9c69d60 x2=0x202f9c50000
[call] malloc       x0=0x30 x1=0x202f9c69d60 x2=0x202f9c50000
[call] __cxa_atexit x0=0x202f7730338 x1=0x202f9c69da0 x2=0x202f9c50000
[call] malloc       x0=0x20 x1=0x202f9c69da0 x2=0x202f9c50000
[call] __cxa_atexit x0=0x202f7730338 x1=0x202f9c69dc0 x2=0x202f9c50000
[call] malloc       x0=0x30 x1=0x202f9c69dc0 x2=0x202f9c50000
[call] __cxa_atexit x0=0x202f7730338 x1=0x202f9c69e00 x2=0x202f9c50000
[call] malloc       x0=0x20 x1=0x202f9c69e00 x2=0x202f9c50000
[call] __cxa_atexit x0=0x202f7730338 x1=0x202f9c69e20 x2=0x202f9c50000
[call] __cxa_atexit x0=0x202f7730338 x1=0x202f9c9a920 x2=0x202f9c50000
[call] __cxa_atexit x0=0x202f7730338 x1=0x202f9c9a938 x2=0x202f9c50000
[call] __cxa_atexit x0=0x202f7730338 x1=0x202f9c9a950 x2=0x202f9c50000
[call] __cxa_atexit x0=0x202f7730338 x1=0x202f9c9a968 x2=0x202f9c50000
[call] __cxa_atexit x0=0x202f7730338 x1=0x202f9c9a980 x2=0x202f9c50000
[call] __cxa_atexit x0=0x202f7730338 x1=0x202f9c9a998 x2=0x202f9c50000
[call] __cxa_atexit x0=0x202f7730338 x1=0x202f9c9a9b0 x2=0x202f9c50000
[call] __cxa_atexit x0=0x202f7730338 x1=0x202f9c9a9c8 x2=0x202f9c50000
[call] __cxa_atexit x0=0x202f7730338 x1=0x202f9c9a9e0 x2=0x202f9c50000
[call] __cxa_atexit x0=0x202f7730338 x1=0x202f9c9a9f8 x2=0x202f9c50000
[call] __cxa_atexit x0=0x202f7730338 x1=0x202f9c9aa10 x2=0x202f9c50000
[call] __cxa_atexit x0=0x202f7730338 x1=0x202f9c9aa28 x2=0x202f9c50000
[call] __cxa_atexit x0=0x202f7730338 x1=0x202f9c9aa40 x2=0x202f9c50000
[call] __cxa_atexit x0=0x202f7730338 x1=0x202f9c9aa58 x2=0x202f9c50000
[call] __cxa_atexit x0=0x202f7730338 x1=0x202f9c9aa70 x2=0x202f9c50000
[call] malloc       x0=0x20 x1=0x202f9c9aa70 x2=0x202f9c50000
[call] __cxa_atexit x0=0x202f7730338 x1=0x202f9c69e40 x2=0x202f9c50000
[call] __cxa_atexit x0=0x202f7730338 x1=0x202f9c9aa88 x2=0x202f9c50000
[call] __cxa_atexit x0=0x202f7730338 x1=0x202f9c9aaa0 x2=0x202f9c50000
[call] malloc       x0=0x30 x1=0x202f9c9aaa0 x2=0x202f9c50000
[call] __cxa_atexit x0=0x202f7730338 x1=0x202f9c69e80 x2=0x202f9c50000
[call] malloc       x0=0x20 x1=0x202f9c69e80 x2=0x202f9c50000
[call] __cxa_atexit x0=0x202f7730338 x1=0x202f9c69ea0 x2=0x202f9c50000
[call] malloc       x0=0x30 x1=0x202f9c69ea0 x2=0x202f9c50000
[call] __cxa_atexit x0=0x202f7730338 x1=0x202f9c69ee0 x2=0x202f9c50000
[call] malloc       x0=0x20 x1=0x202f9c69ee0 x2=0x202f9c50000
[call] __cxa_atexit x0=0x202f7730338 x1=0x202f9c69f00 x2=0x202f9c50000
[call] __cxa_atexit x0=0x202f7730338 x1=0x202f9c9ab18 x2=0x202f9c50000
[call] malloc       x0=0x30 x1=0x202f9c9ab18 x2=0x202f9c50000
[call] __cxa_atexit x0=0x202f7730338 x1=0x202f9c69f40 x2=0x202f9c50000
[call] malloc       x0=0x20 x1=0x202f9c69f40 x2=0x202f9c50000
[call] __cxa_atexit x0=0x202f7730338 x1=0x202f9c69f60 x2=0x202f9c50000
[call] __cxa_atexit x0=0x202f7730338 x1=0x202f9c9ab30 x2=0x202f9c50000
[call] malloc       x0=0x30 x1=0x202f9c9ab30 x2=0x202f9c50000
[call] __cxa_atexit x0=0x202f7730338 x1=0x202f9c69fa0 x2=0x202f9c50000
[call] malloc       x0=0x20 x1=0x202f9c69fa0 x2=0x202f9c50000
[call] __cxa_atexit x0=0x202f7730338 x1=0x202f9c69fc0 x2=0x202f9c50000
[call] malloc       x0=0x30 x1=0x202f9c69fc0 x2=0x202f9c50000
[call] __cxa_atexit x0=0x202f7730338 x1=0x202f9c6a000 x2=0x202f9c50000
[call] malloc       x0=0x20 x1=0x202f9c6a000 x2=0x202f9c50000
[call] __cxa_atexit x0=0x202f7730338 x1=0x202f9c6a020 x2=0x202f9c50000
[call] malloc       x0=0x30 x1=0x202f9c6a020 x2=0x202f9c50000
[call] __cxa_atexit x0=0x202f7730338 x1=0x202f9c6a060 x2=0x202f9c50000
[call] malloc       x0=0x20 x1=0x202f9c6a060 x2=0x202f9c50000
[call] __cxa_atexit x0=0x202f7730338 x1=0x202f9c6a080 x2=0x202f9c50000
[call] malloc       x0=0x30 x1=0x202f9c6a080 x2=0x202f9c50000
[call] __cxa_atexit x0=0x202f7730338 x1=0x202f9c6a0c0 x2=0x202f9c50000
[call] malloc       x0=0x20 x1=0x202f9c6a0c0 x2=0x202f9c50000
[call] __cxa_atexit x0=0x202f7730338 x1=0x202f9c6a0e0 x2=0x202f9c50000
[call] malloc       x0=0x30 x1=0x202f9c6a0e0 x2=0x202f9c50000
[call] __cxa_atexit x0=0x202f7730338 x1=0x202f9c6a120 x2=0x202f9c50000
[call] malloc       x0=0x20 x1=0x202f9c6a120 x2=0x202f9c50000
[call] __cxa_atexit x0=0x202f7730338 x1=0x202f9c6a140 x2=0x202f9c50000
[call] malloc       x0=0x30 x1=0x202f9c6a140 x2=0x202f9c50000
[call] __cxa_atexit x0=0x202f7730338 x1=0x202f9c6a180 x2=0x202f9c50000
[call] malloc       x0=0x20 x1=0x202f9c6a180 x2=0x202f9c50000
[call] __cxa_atexit x0=0x202f7730338 x1=0x202f9c6a1a0 x2=0x202f9c50000
[call] malloc       x0=0x30 x1=0x202f9c6a1a0 x2=0x202f9c50000
[call] __cxa_atexit x0=0x202f7730338 x1=0x202f9c6a1e0 x2=0x202f9c50000
[call] malloc       x0=0x20 x1=0x202f9c6a1e0 x2=0x202f9c50000
[call] __cxa_atexit x0=0x202f7730338 x1=0x202f9c6a200 x2=0x202f9c50000
[call] malloc       x0=0x30 x1=0x202f9c6a200 x2=0x202f9c50000
[call] __cxa_atexit x0=0x202f7730338 x1=0x202f9c6a240 x2=0x202f9c50000
[call] malloc       x0=0x20 x1=0x202f9c6a240 x2=0x202f9c50000
[call] __cxa_atexit x0=0x202f7730338 x1=0x202f9c6a260 x2=0x202f9c50000
[call] malloc       x0=0x30 x1=0x202f9c6a260 x2=0x202f9c50000
[call] __cxa_atexit x0=0x202f7730338 x1=0x202f9c6a2a0 x2=0x202f9c50000
[call] malloc       x0=0x20 x1=0x202f9c6a2a0 x2=0x202f9c50000
[call] __cxa_atexit x0=0x202f7730338 x1=0x202f9c6a2c0 x2=0x202f9c50000
[call] malloc       x0=0x30 x1=0x202f9c6a2c0 x2=0x202f9c50000
[call] __cxa_atexit x0=0x202f7730338 x1=0x202f9c6a300 x2=0x202f9c50000
[call] malloc       x0=0x20 x1=0x202f9c6a300 x2=0x202f9c50000
[call] __cxa_atexit x0=0x202f7730338 x1=0x202f9c6a320 x2=0x202f9c50000
[call] malloc       x0=0x30 x1=0x202f9c6a320 x2=0x202f9c50000
[call] __cxa_atexit x0=0x202f7730338 x1=0x202f9c6a360 x2=0x202f9c50000
[call] malloc       x0=0x20 x1=0x202f9c6a360 x2=0x202f9c50000
[call] __cxa_atexit x0=0x202f7730338 x1=0x202f9c6a380 x2=0x202f9c50000
[call] __cxa_atexit x0=0x202f7730338 x1=0x202f9c9acf8 x2=0x202f9c50000
[call] malloc       x0=0x30 x1=0x202f9c9acf8 x2=0x202f9c50000
[call] __cxa_atexit x0=0x202f7730338 x1=0x202f9c6a3c0 x2=0x202f9c50000
[call] malloc       x0=0x20 x1=0x202f9c6a3c0 x2=0x202f9c50000
[call] __cxa_atexit x0=0x202f7730338 x1=0x202f9c6a3e0 x2=0x202f9c50000
[call] malloc       x0=0x30 x1=0x202f9c6a3e0 x2=0x202f9c50000
[call] __cxa_atexit x0=0x202f7730338 x1=0x202f9c6a420 x2=0x202f9c50000
[call] malloc       x0=0x20 x1=0x202f9c6a420 x2=0x202f9c50000
[call] __cxa_atexit x0=0x202f7730338 x1=0x202f9c6a440 x2=0x202f9c50000
[call] malloc       x0=0x30 x1=0x202f9c6a440 x2=0x202f9c50000
[call] __cxa_atexit x0=0x202f7730338 x1=0x202f9c6a480 x2=0x202f9c50000
[call] malloc       x0=0x20 x1=0x202f9c6a480 x2=0x202f9c50000
[call] __cxa_atexit x0=0x202f7730338 x1=0x202f9c6a4a0 x2=0x202f9c50000
[call] malloc       x0=0x30 x1=0x202f9c6a4a0 x2=0x202f9c50000
[call] __cxa_atexit x0=0x202f7730338 x1=0x202f9c6a4e0 x2=0x202f9c50000
[call] malloc       x0=0x20 x1=0x202f9c6a4e0 x2=0x202f9c50000
[call] __cxa_atexit x0=0x202f7730338 x1=0x202f9c6a500 x2=0x202f9c50000
[call] __cxa_atexit x0=0x202f7730338 x1=0x202f9c9ad10 x2=0x202f9c50000
[call] __cxa_atexit x0=0x202f7730338 x1=0x202f9c9ad28 x2=0x202f9c50000
[call] __cxa_atexit x0=0x202f7730338 x1=0x202f9c9ad40 x2=0x202f9c50000
[call] malloc       x0=0x30 x1=0x202f9c9ad40 x2=0x202f9c50000
[call] __cxa_atexit x0=0x202f7730338 x1=0x202f9c6a540 x2=0x202f9c50000
[call] malloc       x0=0x20 x1=0x202f9c6a540 x2=0x202f9c50000
[call] __cxa_atexit x0=0x202f7730338 x1=0x202f9c6a560 x2=0x202f9c50000
[call] malloc       x0=0x30 x1=0x202f9c6a560 x2=0x202f9c50000
[call] __cxa_atexit x0=0x202f7730338 x1=0x202f9c6a5a0 x2=0x202f9c50000
[call] malloc       x0=0x20 x1=0x202f9c6a5a0 x2=0x202f9c50000
[call] __cxa_atexit x0=0x202f7730338 x1=0x202f9c6a5c0 x2=0x202f9c50000
[call] __cxa_atexit x0=0x202f7730338 x1=0x202f9c9ad70 x2=0x202f9c50000
[call] malloc       x0=0x20 x1=0x202f9c9ad70 x2=0x202f9c50000
[call] __cxa_atexit x0=0x202f7730338 x1=0x202f9c6a5e0 x2=0x202f9c50000
[call] malloc       x0=0x30 x1=0x202f9c6a5e0 x2=0x202f9c50000
[call] __cxa_atexit x0=0x202f7730338 x1=0x202f9c6a620 x2=0x202f9c50000
[call] malloc       x0=0x20 x1=0x202f9c6a620 x2=0x202f9c50000
[call] __cxa_atexit x0=0x202f7730338 x1=0x202f9c6a640 x2=0x202f9c50000
[call] malloc       x0=0x30 x1=0x202f9c6a640 x2=0x202f9c50000
[call] __cxa_atexit x0=0x202f7730338 x1=0x202f9c6a680 x2=0x202f9c50000
[call] malloc       x0=0x20 x1=0x202f9c6a680 x2=0x202f9c50000
[call] __cxa_atexit x0=0x202f7730338 x1=0x202f9c6a6a0 x2=0x202f9c50000
[call] malloc       x0=0x30 x1=0x202f9c6a6a0 x2=0x202f9c50000
[call] __cxa_atexit x0=0x202f7730338 x1=0x202f9c6a6e0 x2=0x202f9c50000
[call] malloc       x0=0x20 x1=0x202f9c6a6e0 x2=0x202f9c50000
[call] __cxa_atexit x0=0x202f7730338 x1=0x202f9c6a700 x2=0x202f9c50000
[call] malloc       x0=0x30 x1=0x202f9c6a700 x2=0x202f9c50000
[call] __cxa_atexit x0=0x202f7730338 x1=0x202f9c6a740 x2=0x202f9c50000
[call] malloc       x0=0x20 x1=0x202f9c6a740 x2=0x202f9c50000
[call] __cxa_atexit x0=0x202f7730338 x1=0x202f9c6a760 x2=0x202f9c50000
[call] __cxa_atexit x0=0x202f7730338 x1=0x202f9c9ada0 x2=0x202f9c50000
[call] __cxa_atexit x0=0x202f7739ce4 x1=0x202f9c6a780 x2=0x202f9c50000
[call] malloc       x0=0x20 x1=0x202f9c6a780 x2=0x202f9c50000
[call] __cxa_atexit x0=0x202f7730338 x1=0x202f9c6a7b0 x2=0x202f9c50000
[call] __cxa_atexit x0=0x202f7730338 x1=0x202f9c9adb8 x2=0x202f9c50000
[call] __cxa_atexit x0=0x202f7730338 x1=0x202f9c9add0 x2=0x202f9c50000
[call] __cxa_atexit x0=0x202f7730338 x1=0x202f9c9ade8 x2=0x202f9c50000
[call] __cxa_atexit x0=0x202f7730338 x1=0x202f9c9ae00 x2=0x202f9c50000
[call] __cxa_atexit x0=0x202f7730338 x1=0x202f9c9ae18 x2=0x202f9c50000
[call] __cxa_atexit x0=0x202f7730338 x1=0x202f9c9ae30 x2=0x202f9c50000
[call] __cxa_atexit x0=0x202f7730338 x1=0x202f9c9ae48 x2=0x202f9c50000
[call] __cxa_atexit x0=0x202f7730338 x1=0x202f9c9ae60 x2=0x202f9c50000
[call] __cxa_atexit x0=0x202f7730338 x1=0x202f9c9ae78 x2=0x202f9c50000
[call] __cxa_atexit x0=0x202f7730338 x1=0x202f9c9ae90 x2=0x202f9c50000
[call] __cxa_atexit x0=0x202f7730338 x1=0x202f9c9aea8 x2=0x202f9c50000
[call] __cxa_atexit x0=0x202f7730338 x1=0x202f9c9aec0 x2=0x202f9c50000
[call] malloc       x0=0x20 x1=0x202f9c9aec0 x2=0x202f9c50000
[call] __cxa_atexit x0=0x202f7730338 x1=0x202f9c6a7d0 x2=0x202f9c50000
[call] malloc       x0=0x20 x1=0x202f9c6a7d0 x2=0x202f9c50000
[call] __cxa_atexit x0=0x202f7730338 x1=0x202f9c6a7f0 x2=0x202f9c50000
[call] malloc       x0=0x20 x1=0x202f9c6a7f0 x2=0x202f9c50000
[call] __cxa_atexit x0=0x202f7730338 x1=0x202f9c6a810 x2=0x202f9c50000
[call] __cxa_atexit x0=0x202f7730338 x1=0x202f9c9aed8 x2=0x202f9c50000
[call] __cxa_atexit x0=0x202f7730338 x1=0x202f9c9aef0 x2=0x202f9c50000
[call] __cxa_atexit x0=0x202f7730338 x1=0x202f9c9af08 x2=0x202f9c50000
[call] malloc       x0=0x30 x1=0x202f9c9af08 x2=0x202f9c50000
[call] __cxa_atexit x0=0x202f7730338 x1=0x202f9c6a850 x2=0x202f9c50000
[call] malloc       x0=0x20 x1=0x202f9c6a850 x2=0x202f9c50000
[call] __cxa_atexit x0=0x202f7730338 x1=0x202f9c6a870 x2=0x202f9c50000
[call] malloc       x0=0x30 x1=0x202f9c6a870 x2=0x202f9c50000
[call] __cxa_atexit x0=0x202f7730338 x1=0x202f9c6a8b0 x2=0x202f9c50000
[call] malloc       x0=0x20 x1=0x202f9c6a8b0 x2=0x202f9c50000
[call] __cxa_atexit x0=0x202f7730338 x1=0x202f9c6a8d0 x2=0x202f9c50000
[call] malloc       x0=0x30 x1=0x202f9c6a8d0 x2=0x202f9c50000
[call] __cxa_atexit x0=0x202f7730338 x1=0x202f9c6a910 x2=0x202f9c50000
[call] malloc       x0=0x20 x1=0x202f9c6a910 x2=0x202f9c50000
[call] __cxa_atexit x0=0x202f7730338 x1=0x202f9c6a930 x2=0x202f9c50000
[call] malloc       x0=0x30 x1=0x202f9c6a930 x2=0x202f9c50000
[call] __cxa_atexit x0=0x202f7730338 x1=0x202f9c6a970 x2=0x202f9c50000
[call] malloc       x0=0x20 x1=0x202f9c6a970 x2=0x202f9c50000
[call] __cxa_atexit x0=0x202f7730338 x1=0x202f9c6a990 x2=0x202f9c50000
[call] __cxa_atexit x0=0x202f7730338 x1=0x202f9c9b028 x2=0x202f9c50000
[call] __cxa_atexit x0=0x202f7730338 x1=0x202f9c9b040 x2=0x202f9c50000
[call] __cxa_atexit x0=0x202f7730338 x1=0x202f9c9b058 x2=0x202f9c50000
[call] __cxa_atexit x0=0x202f7730338 x1=0x202f9c9b070 x2=0x202f9c50000
[call] __cxa_atexit x0=0x202f7730338 x1=0x202f9c9b088 x2=0x202f9c50000
[call] __cxa_atexit x0=0x202f7730338 x1=0x202f9c9b0a0 x2=0x202f9c50000
[call] __cxa_atexit x0=0x202f7730338 x1=0x202f9c9b0b8 x2=0x202f9c50000
[call] malloc       x0=0x30 x1=0x202f9c9b0b8 x2=0x202f9c50000
[call] __cxa_atexit x0=0x202f7730338 x1=0x202f9c6a9f0 x2=0x202f9c50000
[call] malloc       x0=0x20 x1=0x202f9c6a9f0 x2=0x202f9c50000
[call] __cxa_atexit x0=0x202f7730338 x1=0x202f9c6aa10 x2=0x202f9c50000
[call] malloc       x0=0x30 x1=0x202f9c6aa10 x2=0x202f9c50000
[call] __cxa_atexit x0=0x202f7730338 x1=0x202f9c6aa50 x2=0x202f9c50000
[call] malloc       x0=0x20 x1=0x202f9c6aa50 x2=0x202f9c50000
[call] __cxa_atexit x0=0x202f7730338 x1=0x202f9c6aa70 x2=0x202f9c50000
[call] malloc       x0=0x20 x1=0x202f9c6aa70 x2=0x202f9c50000
[call] __cxa_atexit x0=0x202f7730338 x1=0x202f9c6aa90 x2=0x202f9c50000
[call] malloc       x0=0x30 x1=0x202f9c6aa90 x2=0x202f9c50000
[call] __cxa_atexit x0=0x202f7730338 x1=0x202f9c6aad0 x2=0x202f9c50000
[call] malloc       x0=0x20 x1=0x202f9c6aad0 x2=0x202f9c50000
[call] __cxa_atexit x0=0x202f7730338 x1=0x202f9c6aaf0 x2=0x202f9c50000
[call] malloc       x0=0x30 x1=0x202f9c6aaf0 x2=0x202f9c50000
[call] __cxa_atexit x0=0x202f7730338 x1=0x202f9c6ab30 x2=0x202f9c50000
[call] malloc       x0=0x20 x1=0x202f9c6ab30 x2=0x202f9c50000
[call] __cxa_atexit x0=0x202f7730338 x1=0x202f9c6ab50 x2=0x202f9c50000
[call] malloc       x0=0x30 x1=0x202f9c6ab50 x2=0x202f9c50000
[call] __cxa_atexit x0=0x202f7730338 x1=0x202f9c6abf0 x2=0x202f9c50000
[call] malloc       x0=0x20 x1=0x202f9c6abf0 x2=0x202f9c50000
[call] __cxa_atexit x0=0x202f7730338 x1=0x202f9c6ac10 x2=0x202f9c50000
[call] __cxa_atexit x0=0x202f7730338 x1=0x202f9c9b5e0 x2=0x202f9c50000
[call] __cxa_atexit x0=0x202f7739ce4 x1=0x202f9c6ac30 x2=0x202f9c50000
[call] malloc       x0=0x20 x1=0x202f9c6ac30 x2=0x202f9c50000
[call] __cxa_atexit x0=0x202f7730338 x1=0x202f9c6ac60 x2=0x202f9c50000
[call] malloc       x0=0x20 x1=0x202f9c6ac60 x2=0x202f9c50000
[call] malloc       x0=0x20 x1=0x202f9c6ac60 x2=0x202f9c50000
[call] malloc       x0=0x30 x1=0x202f9c6ac60 x2=0x202f9c50000
[call] malloc       x0=0x20 x1=0x202f9c6ac60 x2=0x202f9c50000
[call] malloc       x0=0x20 x1=0x202f9c6ac60 x2=0x202f9c50000
[call] free         x0=0x202f36394d0 x1=0x202f9c6ac60 x2=0x202f9c50000
[call] free         x0=0x202f3639620 x1=0x202f9c6ac60 x2=0x202f9c50000
[call] __cxa_atexit x0=0x202f7a8c748 x1=0x202f9c9b5f8 x2=0x202f9c50000
[call] malloc       x0=0x30 x1=0x202f9c9b5f8 x2=0x202f9c50000
[call] __cxa_atexit x0=0x202f7730338 x1=0x202f9c6aca0 x2=0x202f9c50000
[call] malloc       x0=0x20 x1=0x202f9c6aca0 x2=0x202f9c50000
[call] __cxa_atexit x0=0x202f7730338 x1=0x202f9c6acc0 x2=0x202f9c50000
[call] malloc       x0=0x30 x1=0x202f9c6acc0 x2=0x202f9c50000
[call] __cxa_atexit x0=0x202f7730338 x1=0x202f9c6ad00 x2=0x202f9c50000
[call] malloc       x0=0x20 x1=0x202f9c6ad00 x2=0x202f9c50000
[call] __cxa_atexit x0=0x202f7730338 x1=0x202f9c6ad20 x2=0x202f9c50000
[call] malloc       x0=0x30 x1=0x202f9c6ad20 x2=0x202f9c50000
[call] __cxa_atexit x0=0x202f7730338 x1=0x202f9c6ad60 x2=0x202f9c50000
[call] malloc       x0=0x20 x1=0x202f9c6ad60 x2=0x202f9c50000
[call] __cxa_atexit x0=0x202f7730338 x1=0x202f9c6ad80 x2=0x202f9c50000
[call] malloc       x0=0x30 x1=0x202f9c6ad80 x2=0x202f9c50000
[call] __cxa_atexit x0=0x202f7730338 x1=0x202f9c6adc0 x2=0x202f9c50000
[call] malloc       x0=0x20 x1=0x202f9c6adc0 x2=0x202f9c50000
[call] __cxa_atexit x0=0x202f7730338 x1=0x202f9c6ade0 x2=0x202f9c50000
[call] malloc       x0=0x30 x1=0x202f9c6ade0 x2=0x202f9c50000
[call] __cxa_atexit x0=0x202f7730338 x1=0x202f9c6ae20 x2=0x202f9c50000
[call] malloc       x0=0x20 x1=0x202f9c6ae20 x2=0x202f9c50000
[call] __cxa_atexit x0=0x202f7730338 x1=0x202f9c6ae40 x2=0x202f9c50000
[call] malloc       x0=0x30 x1=0x202f9c6ae40 x2=0x202f9c50000
[call] __cxa_atexit x0=0x202f7730338 x1=0x202f9c6ae80 x2=0x202f9c50000
[call] malloc       x0=0x20 x1=0x202f9c6ae80 x2=0x202f9c50000
[call] __cxa_atexit x0=0x202f7730338 x1=0x202f9c6aea0 x2=0x202f9c50000
[call] malloc       x0=0x30 x1=0x202f9c6aea0 x2=0x202f9c50000
[call] __cxa_atexit x0=0x202f7730338 x1=0x202f9c6aee0 x2=0x202f9c50000
[call] malloc       x0=0x20 x1=0x202f9c6aee0 x2=0x202f9c50000
[call] __cxa_atexit x0=0x202f7730338 x1=0x202f9c6af00 x2=0x202f9c50000
[call] __cxa_atexit x0=0x202f7730338 x1=0x202f9c9b778 x2=0x202f9c50000
[call] __cxa_atexit x0=0x202f7730338 x1=0x202f9c9b790 x2=0x202f9c50000
[call] malloc       x0=0x30 x1=0x202f9c9b790 x2=0x202f9c50000
[call] __cxa_atexit x0=0x202f7730338 x1=0x202f9c6b120 x2=0x202f9c50000
[call] malloc       x0=0x20 x1=0x202f9c6b120 x2=0x202f9c50000
[call] __cxa_atexit x0=0x202f7730338 x1=0x202f9c6b140 x2=0x202f9c50000
[call] malloc       x0=0x30 x1=0x202f9c6b140 x2=0x202f9c50000
[call] __cxa_atexit x0=0x202f7730338 x1=0x202f9c6b180 x2=0x202f9c50000
[call] malloc       x0=0x20 x1=0x202f9c6b180 x2=0x202f9c50000
[call] __cxa_atexit x0=0x202f7730338 x1=0x202f9c6b1a0 x2=0x202f9c50000
[call] malloc       x0=0x30 x1=0x202f9c6b1a0 x2=0x202f9c50000
[call] __cxa_atexit x0=0x202f7730338 x1=0x202f9c6b1e0 x2=0x202f9c50000
[call] malloc       x0=0x20 x1=0x202f9c6b1e0 x2=0x202f9c50000
[call] __cxa_atexit x0=0x202f7730338 x1=0x202f9c6b200 x2=0x202f9c50000
[call] malloc       x0=0x30 x1=0x202f9c6b200 x2=0x202f9c50000
[call] __cxa_atexit x0=0x202f7730338 x1=0x202f9c6b240 x2=0x202f9c50000
[call] malloc       x0=0x20 x1=0x202f9c6b240 x2=0x202f9c50000
[call] __cxa_atexit x0=0x202f7730338 x1=0x202f9c6b260 x2=0x202f9c50000
[call] malloc       x0=0x30 x1=0x202f9c6b260 x2=0x202f9c50000
[call] __cxa_atexit x0=0x202f7730338 x1=0x202f9c6b2e0 x2=0x202f9c50000
[call] malloc       x0=0x20 x1=0x202f9c6b2e0 x2=0x202f9c50000
[call] __cxa_atexit x0=0x202f7730338 x1=0x202f9c6b300 x2=0x202f9c50000
[call] malloc       x0=0x30 x1=0x202f9c6b300 x2=0x202f9c50000
[call] __cxa_atexit x0=0x202f7730338 x1=0x202f9c6b340 x2=0x202f9c50000
[call] malloc       x0=0x20 x1=0x202f9c6b340 x2=0x202f9c50000
[call] __cxa_atexit x0=0x202f7730338 x1=0x202f9c6b360 x2=0x202f9c50000
[call] __cxa_atexit x0=0x202f7730338 x1=0x202f9c9c060 x2=0x202f9c50000
[call] malloc       x0=0x30 x1=0x202f9c9c060 x2=0x202f9c50000
[call] __cxa_atexit x0=0x202f7730338 x1=0x202f9c6b3a0 x2=0x202f9c50000
[call] malloc       x0=0x20 x1=0x202f9c6b3a0 x2=0x202f9c50000
[call] __cxa_atexit x0=0x202f7730338 x1=0x202f9c6b3c0 x2=0x202f9c50000
[call] malloc       x0=0x30 x1=0x202f9c6b3c0 x2=0x202f9c50000
[call] __cxa_atexit x0=0x202f7730338 x1=0x202f9c6b400 x2=0x202f9c50000
[call] malloc       x0=0x20 x1=0x202f9c6b400 x2=0x202f9c50000
[call] __cxa_atexit x0=0x202f7730338 x1=0x202f9c6b420 x2=0x202f9c50000
[call] malloc       x0=0x30 x1=0x202f9c6b420 x2=0x202f9c50000
[call] __cxa_atexit x0=0x202f7730338 x1=0x202f9c6b460 x2=0x202f9c50000
[call] malloc       x0=0x20 x1=0x202f9c6b460 x2=0x202f9c50000
[call] __cxa_atexit x0=0x202f7730338 x1=0x202f9c6b480 x2=0x202f9c50000
[call] malloc       x0=0x30 x1=0x202f9c6b480 x2=0x202f9c50000
[call] __cxa_atexit x0=0x202f7730338 x1=0x202f9c6b4c0 x2=0x202f9c50000
[call] malloc       x0=0x20 x1=0x202f9c6b4c0 x2=0x202f9c50000
[call] __cxa_atexit x0=0x202f7730338 x1=0x202f9c6b4e0 x2=0x202f9c50000
[call] malloc       x0=0x30 x1=0x202f9c6b4e0 x2=0x202f9c50000
[call] __cxa_atexit x0=0x202f7730338 x1=0x202f9c6b580 x2=0x202f9c50000
[call] malloc       x0=0x20 x1=0x202f9c6b580 x2=0x202f9c50000
[call] __cxa_atexit x0=0x202f7730338 x1=0x202f9c6b5a0 x2=0x202f9c50000
[call] __cxa_atexit x0=0x202f7730338 x1=0x202f9c9c4e0 x2=0x202f9c50000
[call] malloc       x0=0x30 x1=0x202f9c9c4e0 x2=0x202f9c50000
[call] __cxa_atexit x0=0x202f7730338 x1=0x202f9c6b5e0 x2=0x202f9c50000
[call] malloc       x0=0x20 x1=0x202f9c6b5e0 x2=0x202f9c50000
[call] __cxa_atexit x0=0x202f7730338 x1=0x202f9c6b600 x2=0x202f9c50000
[call] malloc       x0=0x30 x1=0x202f9c6b600 x2=0x202f9c50000
[call] __cxa_atexit x0=0x202f7730338 x1=0x202f9c6b640 x2=0x202f9c50000
[call] malloc       x0=0x20 x1=0x202f9c6b640 x2=0x202f9c50000
[call] __cxa_atexit x0=0x202f7730338 x1=0x202f9c6b660 x2=0x202f9c50000
[call] malloc       x0=0x30 x1=0x202f9c6b660 x2=0x202f9c50000
[call] __cxa_atexit x0=0x202f7730338 x1=0x202f9c6b6a0 x2=0x202f9c50000
[call] malloc       x0=0x20 x1=0x202f9c6b6a0 x2=0x202f9c50000
[call] __cxa_atexit x0=0x202f7730338 x1=0x202f9c6b6c0 x2=0x202f9c50000
[call] __cxa_atexit x0=0x202f7730338 x1=0x202f9c9c528 x2=0x202f9c50000
[call] __cxa_atexit x0=0x202f7730338 x1=0x202f9c9c540 x2=0x202f9c50000
[call] malloc       x0=0x30 x1=0x202f9c9c540 x2=0x202f9c50000
[call] __cxa_atexit x0=0x202f7730338 x1=0x202f9c6b700 x2=0x202f9c50000
[call] malloc       x0=0x20 x1=0x202f9c6b700 x2=0x202f9c50000
[call] __cxa_atexit x0=0x202f7730338 x1=0x202f9c6b720 x2=0x202f9c50000
[call] __cxa_atexit x0=0x202f7730338 x1=0x202f9c9c558 x2=0x202f9c50000
[call] malloc       x0=0x30 x1=0x202f9c9c558 x2=0x202f9c50000
[call] __cxa_atexit x0=0x202f7730338 x1=0x202f9c6b760 x2=0x202f9c50000
[call] malloc       x0=0x20 x1=0x202f9c6b760 x2=0x202f9c50000
[call] __cxa_atexit x0=0x202f7730338 x1=0x202f9c6b780 x2=0x202f9c50000
[call] __cxa_atexit x0=0x202f7730338 x1=0x202f9c9c570 x2=0x202f9c50000
[call] __cxa_atexit x0=0x202f7730338 x1=0x202f9c9c588 x2=0x202f9c50000
[call] __cxa_atexit x0=0x202f7730338 x1=0x202f9c9c5a0 x2=0x202f9c50000
[call] malloc       x0=0x30 x1=0x202f9c9c5a0 x2=0x202f9c50000
[call] __cxa_atexit x0=0x202f7730338 x1=0x202f9c6b7c0 x2=0x202f9c50000
[call] malloc       x0=0x20 x1=0x202f9c6b7c0 x2=0x202f9c50000
[call] __cxa_atexit x0=0x202f7730338 x1=0x202f9c6b7e0 x2=0x202f9c50000
[call] __cxa_atexit x0=0x202f7730338 x1=0x202f9c9c5d0 x2=0x202f9c50000
[call] __cxa_atexit x0=0x202f7730338 x1=0x202f9c9c5e8 x2=0x202f9c50000
[call] __cxa_atexit x0=0x202f7730338 x1=0x202f9c9c600 x2=0x202f9c50000
[call] __cxa_atexit x0=0x202f7730338 x1=0x202f9c9c618 x2=0x202f9c50000
[call] __cxa_atexit x0=0x202f7730338 x1=0x202f9c9c630 x2=0x202f9c50000
[call] __cxa_atexit x0=0x202f7730338 x1=0x202f9c9c648 x2=0x202f9c50000
[call] __cxa_atexit x0=0x202f7730338 x1=0x202f9c9c660 x2=0x202f9c50000
[call] __cxa_atexit x0=0x202f7730338 x1=0x202f9c9c678 x2=0x202f9c50000
[call] malloc       x0=0x30 x1=0x202f9c9c678 x2=0x202f9c50000
[call] __cxa_atexit x0=0x202f7730338 x1=0x202f9c6b820 x2=0x202f9c50000
[call] malloc       x0=0x20 x1=0x202f9c6b820 x2=0x202f9c50000
[call] __cxa_atexit x0=0x202f7730338 x1=0x202f9c6b840 x2=0x202f9c50000
[call] malloc       x0=0x30 x1=0x202f9c6b840 x2=0x202f9c50000
[call] __cxa_atexit x0=0x202f7730338 x1=0x202f9c6b8a0 x2=0x202f9c50000
[call] malloc       x0=0x20 x1=0x202f9c6b8a0 x2=0x202f9c50000
[call] __cxa_atexit x0=0x202f7730338 x1=0x202f9c6b8c0 x2=0x202f9c50000
[call] malloc       x0=0x30 x1=0x202f9c6b8c0 x2=0x202f9c50000
[call] __cxa_atexit x0=0x202f7730338 x1=0x202f9c6b900 x2=0x202f9c50000
[call] malloc       x0=0x20 x1=0x202f9c6b900 x2=0x202f9c50000
[call] __cxa_atexit x0=0x202f7730338 x1=0x202f9c6b920 x2=0x202f9c50000
[call] malloc       x0=0x30 x1=0x202f9c6b920 x2=0x202f9c50000
[call] __cxa_atexit x0=0x202f7730338 x1=0x202f9c6b960 x2=0x202f9c50000
[call] malloc       x0=0x20 x1=0x202f9c6b960 x2=0x202f9c50000
[call] __cxa_atexit x0=0x202f7730338 x1=0x202f9c6b980 x2=0x202f9c50000
[call] malloc       x0=0x30 x1=0x202f9c6b980 x2=0x202f9c50000
[call] __cxa_atexit x0=0x202f7730338 x1=0x202f9c6b9c0 x2=0x202f9c50000
[call] malloc       x0=0x20 x1=0x202f9c6b9c0 x2=0x202f9c50000
[call] __cxa_atexit x0=0x202f7730338 x1=0x202f9c6b9e0 x2=0x202f9c50000
[call] malloc       x0=0x30 x1=0x202f9c6b9e0 x2=0x202f9c50000
[call] __cxa_atexit x0=0x202f7730338 x1=0x202f9c6ba20 x2=0x202f9c50000
[call] malloc       x0=0x20 x1=0x202f9c6ba20 x2=0x202f9c50000
[call] __cxa_atexit x0=0x202f7730338 x1=0x202f9c6ba40 x2=0x202f9c50000
[call] malloc       x0=0x30 x1=0x202f9c6ba40 x2=0x202f9c50000
[call] __cxa_atexit x0=0x202f7730338 x1=0x202f9c6baa0 x2=0x202f9c50000
[call] malloc       x0=0x20 x1=0x202f9c6baa0 x2=0x202f9c50000
[call] __cxa_atexit x0=0x202f7730338 x1=0x202f9c6bac0 x2=0x202f9c50000
[call] malloc       x0=0x30 x1=0x202f9c6bac0 x2=0x202f9c50000
[call] __cxa_atexit x0=0x202f7730338 x1=0x202f9c6bb00 x2=0x202f9c50000
[call] malloc       x0=0x20 x1=0x202f9c6bb00 x2=0x202f9c50000
[call] __cxa_atexit x0=0x202f7730338 x1=0x202f9c6bb20 x2=0x202f9c50000
[call] __cxa_atexit x0=0x202f7730338 x1=0x202f9c9cfa8 x2=0x202f9c50000
[call] __cxa_atexit x0=0x202f7739ce4 x1=0x202f9c6bb40 x2=0x202f9c50000
[call] __cxa_atexit x0=0x202f7730338 x1=0x202f9c9cfc0 x2=0x202f9c50000
[call] malloc       x0=0x30 x1=0x202f9c9cfc0 x2=0x202f9c50000
[call] __cxa_atexit x0=0x202f7730338 x1=0x202f9c6bb90 x2=0x202f9c50000
[call] malloc       x0=0x20 x1=0x202f9c6bb90 x2=0x202f9c50000
[call] __cxa_atexit x0=0x202f7730338 x1=0x202f9c6bbb0 x2=0x202f9c50000
[call] malloc       x0=0x30 x1=0x202f9c6bbb0 x2=0x202f9c50000
[call] __cxa_atexit x0=0x202f7730338 x1=0x202f9c6bbf0 x2=0x202f9c50000
[call] malloc       x0=0x20 x1=0x202f9c6bbf0 x2=0x202f9c50000
[call] __cxa_atexit x0=0x202f7730338 x1=0x202f9c6bc10 x2=0x202f9c50000
[call] __cxa_atexit x0=0x202f7730338 x1=0x202f9c9d068 x2=0x202f9c50000
[call] __cxa_atexit x0=0x202f7739ce4 x1=0x202f9c6bc30 x2=0x202f9c50000
[call] malloc       x0=0x30 x1=0x202f9c6bc30 x2=0x202f9c50000
[call] __cxa_atexit x0=0x202f7730338 x1=0x202f9c6bd00 x2=0x202f9c50000
[call] malloc       x0=0x20 x1=0x202f9c6bd00 x2=0x202f9c50000
[call] __cxa_atexit x0=0x202f7730338 x1=0x202f9c6bd20 x2=0x202f9c50000
[call] malloc       x0=0x30 x1=0x202f9c6bd20 x2=0x202f9c50000
[call] __cxa_atexit x0=0x202f7730338 x1=0x202f9c6bd60 x2=0x202f9c50000
[call] malloc       x0=0x20 x1=0x202f9c6bd60 x2=0x202f9c50000
[call] __cxa_atexit x0=0x202f7730338 x1=0x202f9c6bd80 x2=0x202f9c50000
[call] malloc       x0=0x30 x1=0x202f9c6bd80 x2=0x202f9c50000
[call] __cxa_atexit x0=0x202f7730338 x1=0x202f9c6bdc0 x2=0x202f9c50000
[call] malloc       x0=0x20 x1=0x202f9c6bdc0 x2=0x202f9c50000
[call] __cxa_atexit x0=0x202f7730338 x1=0x202f9c6bde0 x2=0x202f9c50000
[call] malloc       x0=0x30 x1=0x202f9c6bde0 x2=0x202f9c50000
[call] __cxa_atexit x0=0x202f7730338 x1=0x202f9c6be20 x2=0x202f9c50000
[call] malloc       x0=0x20 x1=0x202f9c6be20 x2=0x202f9c50000
[call] __cxa_atexit x0=0x202f7730338 x1=0x202f9c6be40 x2=0x202f9c50000
[call] __cxa_atexit x0=0x202f7730338 x1=0x202f9c9d218 x2=0x202f9c50000
[call] __cxa_atexit x0=0x202f7739ce4 x1=0x202f9c6be60 x2=0x202f9c50000
[call] __cxa_atexit x0=0x202f7730338 x1=0x202f9c9d230 x2=0x202f9c50000
[call] malloc       x0=0x30 x1=0x202f9c9d230 x2=0x202f9c50000
[call] __cxa_atexit x0=0x202f7730338 x1=0x202f9c6beb0 x2=0x202f9c50000
[call] malloc       x0=0x20 x1=0x202f9c6beb0 x2=0x202f9c50000
[call] __cxa_atexit x0=0x202f7730338 x1=0x202f9c6bed0 x2=0x202f9c50000
[call] __cxa_atexit x0=0x202f7730338 x1=0x202f9c9d248 x2=0x202f9c50000
[call] __cxa_atexit x0=0x202f7739ce4 x1=0x202f9c6bef0 x2=0x202f9c50000
[call] malloc       x0=0x30 x1=0x202f9c6bef0 x2=0x202f9c50000
[call] __cxa_atexit x0=0x202f7730338 x1=0x202f9c6bf40 x2=0x202f9c50000
[call] malloc       x0=0x20 x1=0x202f9c6bf40 x2=0x202f9c50000
[call] __cxa_atexit x0=0x202f7730338 x1=0x202f9c6bf60 x2=0x202f9c50000
[call] __cxa_atexit x0=0x202f7730338 x1=0x202f9c9d260 x2=0x202f9c50000
[call] __cxa_atexit x0=0x202f7739ce4 x1=0x202f9c6bf80 x2=0x202f9c50000
[call] __cxa_atexit x0=0x202f7730338 x1=0x202f9c9d278 x2=0x202f9c50000
[call] malloc       x0=0x30 x1=0x202f9c9d278 x2=0x202f9c50000
[call] __cxa_atexit x0=0x202f7730338 x1=0x202f9c6bfd0 x2=0x202f9c50000
[call] malloc       x0=0x20 x1=0x202f9c6bfd0 x2=0x202f9c50000
[call] __cxa_atexit x0=0x202f7730338 x1=0x202f9c6bff0 x2=0x202f9c50000
[call] malloc       x0=0x30 x1=0x202f9c6bff0 x2=0x202f9c50000
[call] __cxa_atexit x0=0x202f7730338 x1=0x202f9c6c030 x2=0x202f9c50000
[call] malloc       x0=0x20 x1=0x202f9c6c030 x2=0x202f9c50000
[call] __cxa_atexit x0=0x202f7730338 x1=0x202f9c6c050 x2=0x202f9c50000
[call] __cxa_atexit x0=0x202f7730338 x1=0x202f9c9d2d8 x2=0x202f9c50000
[call] malloc       x0=0x30 x1=0x202f9c9d2d8 x2=0x202f9c50000
[call] __cxa_atexit x0=0x202f7730338 x1=0x202f9c6c090 x2=0x202f9c50000
[call] malloc       x0=0x20 x1=0x202f9c6c090 x2=0x202f9c50000
[call] __cxa_atexit x0=0x202f7730338 x1=0x202f9c6c0b0 x2=0x202f9c50000
[call] malloc       x0=0x30 x1=0x202f9c6c0b0 x2=0x202f9c50000
[call] __cxa_atexit x0=0x202f7730338 x1=0x202f9c6c0f0 x2=0x202f9c50000
[call] malloc       x0=0x20 x1=0x202f9c6c0f0 x2=0x202f9c50000
[call] __cxa_atexit x0=0x202f7730338 x1=0x202f9c6c110 x2=0x202f9c50000
[call] malloc       x0=0x30 x1=0x202f9c6c110 x2=0x202f9c50000
[call] __cxa_atexit x0=0x202f7730338 x1=0x202f9c6c150 x2=0x202f9c50000
[call] malloc       x0=0x20 x1=0x202f9c6c150 x2=0x202f9c50000
[call] __cxa_atexit x0=0x202f7730338 x1=0x202f9c6c170 x2=0x202f9c50000
[call] malloc       x0=0x30 x1=0x202f9c6c170 x2=0x202f9c50000
[call] __cxa_atexit x0=0x202f7730338 x1=0x202f9c6c1b0 x2=0x202f9c50000
[call] malloc       x0=0x20 x1=0x202f9c6c1b0 x2=0x202f9c50000
[call] __cxa_atexit x0=0x202f7730338 x1=0x202f9c6c1d0 x2=0x202f9c50000
[call] malloc       x0=0x30 x1=0x202f9c6c1d0 x2=0x202f9c50000
[call] __cxa_atexit x0=0x202f7730338 x1=0x202f9c6c210 x2=0x202f9c50000
[call] malloc       x0=0x20 x1=0x202f9c6c210 x2=0x202f9c50000
[call] __cxa_atexit x0=0x202f7730338 x1=0x202f9c6c230 x2=0x202f9c50000
[call] __cxa_atexit x0=0x202f7730338 x1=0x202f9c9d890 x2=0x202f9c50000
[call] malloc       x0=0x30 x1=0x202f9c9d890 x2=0x202f9c50000
[call] __cxa_atexit x0=0x202f7730338 x1=0x202f9c6c270 x2=0x202f9c50000
[call] malloc       x0=0x20 x1=0x202f9c6c270 x2=0x202f9c50000
[call] __cxa_atexit x0=0x202f7730338 x1=0x202f9c6c290 x2=0x202f9c50000
[call] __cxa_atexit x0=0x202f7730338 x1=0x202f9c9d8a8 x2=0x202f9c50000
[call] __cxa_atexit x0=0x202f7730338 x1=0x202f9c9d8c0 x2=0x202f9c50000
[call] malloc       x0=0x30 x1=0x202f9c9d8c0 x2=0x202f9c50000
[call] __cxa_atexit x0=0x202f7730338 x1=0x202f9c6c2d0 x2=0x202f9c50000
[call] malloc       x0=0x20 x1=0x202f9c6c2d0 x2=0x202f9c50000
[call] __cxa_atexit x0=0x202f7730338 x1=0x202f9c6c2f0 x2=0x202f9c50000
[call] __cxa_atexit x0=0x202f7730338 x1=0x202f9c9d8d8 x2=0x202f9c50000
[call] __cxa_atexit x0=0x202f7739ce4 x1=0x202f9c6c310 x2=0x202f9c50000
[call] malloc       x0=0x30 x1=0x202f9c6c310 x2=0x202f9c50000
[call] __cxa_atexit x0=0x202f7730338 x1=0x202f9c6c360 x2=0x202f9c50000
[call] malloc       x0=0x20 x1=0x202f9c6c360 x2=0x202f9c50000
[call] __cxa_atexit x0=0x202f7730338 x1=0x202f9c6c380 x2=0x202f9c50000
[call] malloc       x0=0x30 x1=0x202f9c6c380 x2=0x202f9c50000
[call] __cxa_atexit x0=0x202f7730338 x1=0x202f9c6c3c0 x2=0x202f9c50000
[call] malloc       x0=0x20 x1=0x202f9c6c3c0 x2=0x202f9c50000
[call] __cxa_atexit x0=0x202f7730338 x1=0x202f9c6c3e0 x2=0x202f9c50000
[call] __cxa_atexit x0=0x202f7739ce4 x1=0x202f9c6c400 x2=0x202f9c50000
[call] __cxa_atexit x0=0x202f7730338 x1=0x202f9c9d908 x2=0x202f9c50000
[call] malloc       x0=0x30 x1=0x202f9c9d908 x2=0x202f9c50000
[call] __cxa_atexit x0=0x202f7730338 x1=0x202f9c6c450 x2=0x202f9c50000
[call] malloc       x0=0x20 x1=0x202f9c6c450 x2=0x202f9c50000
[call] __cxa_atexit x0=0x202f7730338 x1=0x202f9c6c470 x2=0x202f9c50000
[call] malloc       x0=0x30 x1=0x202f9c6c470 x2=0x202f9c50000
[call] __cxa_atexit x0=0x202f7730338 x1=0x202f9c6c4b0 x2=0x202f9c50000
[call] malloc       x0=0x20 x1=0x202f9c6c4b0 x2=0x202f9c50000
[call] __cxa_atexit x0=0x202f7730338 x1=0x202f9c6c4d0 x2=0x202f9c50000
[call] malloc       x0=0x30 x1=0x202f9c6c4d0 x2=0x202f9c50000
[call] __cxa_atexit x0=0x202f7730338 x1=0x202f9c6c510 x2=0x202f9c50000
[call] malloc       x0=0x20 x1=0x202f9c6c510 x2=0x202f9c50000
[call] __cxa_atexit x0=0x202f7730338 x1=0x202f9c6c530 x2=0x202f9c50000
[call] __cxa_atexit x0=0x202f7730338 x1=0x202f9c9d980 x2=0x202f9c50000
[call] malloc       x0=0x30 x1=0x202f9c9d980 x2=0x202f9c50000
[call] __cxa_atexit x0=0x202f7730338 x1=0x202f9c6c570 x2=0x202f9c50000
[call] malloc       x0=0x20 x1=0x202f9c6c570 x2=0x202f9c50000
[call] __cxa_atexit x0=0x202f7730338 x1=0x202f9c6c590 x2=0x202f9c50000
[call] __cxa_atexit x0=0x202f7730338 x1=0x202f9c9d998 x2=0x202f9c50000
[call] malloc       x0=0x30 x1=0x202f9c9d998 x2=0x202f9c50000
[call] __cxa_atexit x0=0x202f7730338 x1=0x202f9c6c5d0 x2=0x202f9c50000
[call] malloc       x0=0x20 x1=0x202f9c6c5d0 x2=0x202f9c50000
[call] __cxa_atexit x0=0x202f7730338 x1=0x202f9c6c5f0 x2=0x202f9c50000
[call] __cxa_atexit x0=0x202f7730338 x1=0x202f9c9d9b0 x2=0x202f9c50000
[call] malloc       x0=0x30 x1=0x202f9c9d9b0 x2=0x202f9c50000
[call] __cxa_atexit x0=0x202f7730338 x1=0x202f9c6c630 x2=0x202f9c50000
[call] malloc       x0=0x20 x1=0x202f9c6c630 x2=0x202f9c50000
[call] __cxa_atexit x0=0x202f7730338 x1=0x202f9c6c650 x2=0x202f9c50000
[call] malloc       x0=0x30 x1=0x202f9c6c650 x2=0x202f9c50000
[call] __cxa_atexit x0=0x202f7730338 x1=0x202f9c6c690 x2=0x202f9c50000
[call] malloc       x0=0x20 x1=0x202f9c6c690 x2=0x202f9c50000
[call] __cxa_atexit x0=0x202f7730338 x1=0x202f9c6c6b0 x2=0x202f9c50000
[call] malloc       x0=0x30 x1=0x202f9c6c6b0 x2=0x202f9c50000
[call] __cxa_atexit x0=0x202f7730338 x1=0x202f9c6c6f0 x2=0x202f9c50000
[call] malloc       x0=0x20 x1=0x202f9c6c6f0 x2=0x202f9c50000
[call] __cxa_atexit x0=0x202f7730338 x1=0x202f9c6c710 x2=0x202f9c50000
[call] malloc       x0=0x30 x1=0x202f9c6c710 x2=0x202f9c50000
[call] __cxa_atexit x0=0x202f7730338 x1=0x202f9c6c750 x2=0x202f9c50000
[call] malloc       x0=0x20 x1=0x202f9c6c750 x2=0x202f9c50000
[call] __cxa_atexit x0=0x202f7730338 x1=0x202f9c6c770 x2=0x202f9c50000
[call] __cxa_atexit x0=0x202f7730338 x1=0x202f9c9d9e0 x2=0x202f9c50000
[call] __cxa_atexit x0=0x202f7730338 x1=0x202f9c9d9f8 x2=0x202f9c50000
[call] __cxa_atexit x0=0x202f7730338 x1=0x202f9c9da10 x2=0x202f9c50000
[call] __cxa_atexit x0=0x202f7730338 x1=0x202f9c9da28 x2=0x202f9c50000
[call] __cxa_atexit x0=0x202f7730338 x1=0x202f9c9da40 x2=0x202f9c50000
[call] __cxa_atexit x0=0x202f7730338 x1=0x202f9c9da58 x2=0x202f9c50000
[call] __cxa_atexit x0=0x202f7730338 x1=0x202f9c9da70 x2=0x202f9c50000
[call] malloc       x0=0x60 x1=0x202f9c9da70 x2=0x202f9c50000
[call] __cxa_atexit x0=0x202f7a8c748 x1=0x202f9c9da88 x2=0x202f9c50000
[call] malloc       x0=0x30 x1=0x202f9c9da88 x2=0x202f9c50000
[call] __cxa_atexit x0=0x202f7730338 x1=0x202f9c6c7b0 x2=0x202f9c50000
[call] malloc       x0=0x20 x1=0x202f9c6c7b0 x2=0x202f9c50000
[call] __cxa_atexit x0=0x202f7730338 x1=0x202f9c6c7d0 x2=0x202f9c50000
[call] malloc       x0=0x30 x1=0x202f9c6c7d0 x2=0x202f9c50000
[call] __cxa_atexit x0=0x202f7730338 x1=0x202f9c6c810 x2=0x202f9c50000
[call] malloc       x0=0x20 x1=0x202f9c6c810 x2=0x202f9c50000
[call] __cxa_atexit x0=0x202f7730338 x1=0x202f9c6c830 x2=0x202f9c50000
[call] __cxa_atexit x0=0x202f7730338 x1=0x202f9c9daa0 x2=0x202f9c50000
[call] malloc       x0=0x30 x1=0x202f9c9daa0 x2=0x202f9c50000
[call] __cxa_atexit x0=0x202f7730338 x1=0x202f9c6c870 x2=0x202f9c50000
[call] malloc       x0=0x20 x1=0x202f9c6c870 x2=0x202f9c50000
[call] __cxa_atexit x0=0x202f7730338 x1=0x202f9c6c890 x2=0x202f9c50000
[call] malloc       x0=0x30 x1=0x202f9c6c890 x2=0x202f9c50000
[call] __cxa_atexit x0=0x202f7730338 x1=0x202f9c6c8d0 x2=0x202f9c50000
[call] malloc       x0=0x20 x1=0x202f9c6c8d0 x2=0x202f9c50000
[call] __cxa_atexit x0=0x202f7730338 x1=0x202f9c6c8f0 x2=0x202f9c50000
[call] malloc       x0=0x30 x1=0x202f9c6c8f0 x2=0x202f9c50000
[call] __cxa_atexit x0=0x202f7730338 x1=0x202f9c6c930 x2=0x202f9c50000
[call] malloc       x0=0x20 x1=0x202f9c6c930 x2=0x202f9c50000
[call] __cxa_atexit x0=0x202f7730338 x1=0x202f9c6c950 x2=0x202f9c50000
[call] __cxa_atexit x0=0x202f7730338 x1=0x202f9c9dae8 x2=0x202f9c50000
[call] malloc       x0=0x30 x1=0x202f9c9dae8 x2=0x202f9c50000
[call] __cxa_atexit x0=0x202f7730338 x1=0x202f9c6c990 x2=0x202f9c50000
[call] malloc       x0=0x20 x1=0x202f9c6c990 x2=0x202f9c50000
[call] __cxa_atexit x0=0x202f7730338 x1=0x202f9c6c9b0 x2=0x202f9c50000
[call] __cxa_atexit x0=0x202f7730338 x1=0x202f9c9db00 x2=0x202f9c50000
[call] malloc       x0=0x30 x1=0x202f9c9db00 x2=0x202f9c50000
[call] __cxa_atexit x0=0x202f7730338 x1=0x202f9c6c9f0 x2=0x202f9c50000
[call] malloc       x0=0x20 x1=0x202f9c6c9f0 x2=0x202f9c50000
[call] __cxa_atexit x0=0x202f7730338 x1=0x202f9c6ca10 x2=0x202f9c50000
[call] __cxa_atexit x0=0x202f7739ce4 x1=0x202f9c6ca30 x2=0x202f9c50000
[call] __cxa_atexit x0=0x202f7730338 x1=0x202f9c9db18 x2=0x202f9c50000
[call] malloc       x0=0x20 x1=0x202f9c9db18 x2=0x202f9c50000
[call] __cxa_atexit x0=0x202f7730338 x1=0x202f9c6ca60 x2=0x202f9c50000
[call] __cxa_atexit x0=0x202f7730338 x1=0x202f9c9db30 x2=0x202f9c50000
[call] __cxa_atexit x0=0x202f7730338 x1=0x202f9c9db48 x2=0x202f9c50000
[call] __cxa_atexit x0=0x202f7730338 x1=0x202f9c9db60 x2=0x202f9c50000
[call] __cxa_atexit x0=0x202f7730338 x1=0x202f9c9db78 x2=0x202f9c50000
[call] __cxa_atexit x0=0x202f7730338 x1=0x202f9c9db90 x2=0x202f9c50000
[call] __cxa_atexit x0=0x202f7730338 x1=0x202f9c9dba8 x2=0x202f9c50000
[call] __cxa_atexit x0=0x202f7730338 x1=0x202f9c9dbc0 x2=0x202f9c50000
[call] __cxa_atexit x0=0x202f7730338 x1=0x202f9c9dbd8 x2=0x202f9c50000
[call] __cxa_atexit x0=0x202f7730338 x1=0x202f9c9dbf0 x2=0x202f9c50000
[call] __cxa_atexit x0=0x202f7730338 x1=0x202f9c9dc08 x2=0x202f9c50000
[call] __cxa_atexit x0=0x202f7730338 x1=0x202f9c9dc20 x2=0x202f9c50000
[call] __cxa_atexit x0=0x202f7730338 x1=0x202f9c9dc38 x2=0x202f9c50000
[call] __cxa_atexit x0=0x202f7730338 x1=0x202f9c9dc50 x2=0x202f9c50000
[call] malloc       x0=0x30 x1=0x202f9c9dc50 x2=0x202f9c50000
[call] __cxa_atexit x0=0x202f7730338 x1=0x202f9c6caa0 x2=0x202f9c50000
[call] malloc       x0=0x20 x1=0x202f9c6caa0 x2=0x202f9c50000
[call] __cxa_atexit x0=0x202f7730338 x1=0x202f9c6cac0 x2=0x202f9c50000
[call] __cxa_atexit x0=0x202f7730338 x1=0x202f9c9dc68 x2=0x202f9c50000
[call] __cxa_atexit x0=0x202f7739ce4 x1=0x202f9c6cae0 x2=0x202f9c50000
[call] malloc       x0=0x30 x1=0x202f9c6cae0 x2=0x202f9c50000
[call] __cxa_atexit x0=0x202f7730338 x1=0x202f9c6cb30 x2=0x202f9c50000
[call] malloc       x0=0x20 x1=0x202f9c6cb30 x2=0x202f9c50000
[call] __cxa_atexit x0=0x202f7730338 x1=0x202f9c6cb50 x2=0x202f9c50000
[call] __cxa_atexit x0=0x202f7739ce4 x1=0x202f9c6cb70 x2=0x202f9c50000
[call] __cxa_atexit x0=0x202f7730338 x1=0x202f9c9dc80 x2=0x202f9c50000
[call] malloc       x0=0x20 x1=0x202f9c9dc80 x2=0x202f9c50000
[call] malloc       x0=0x20 x1=0x202f9c9dc80 x2=0x202f9c50000
[call] malloc       x0=0x30 x1=0x202f9c9dc80 x2=0x202f9c50000
[call] malloc       x0=0x20 x1=0x202f9c9dc80 x2=0x202f9c50000
[call] malloc       x0=0x20 x1=0x202f9c9dc80 x2=0x202f9c50000
[call] free         x0=0x202f363a220 x1=0x202f9c9dc80 x2=0x202f9c50000
[call] free         x0=0x202f363a1f0 x1=0x202f9c9dc80 x2=0x202f9c50000
[call] __cxa_atexit x0=0x202f7a8c748 x1=0x202f9c9dc98 x2=0x202f9c50000
[call] malloc       x0=0x20 x1=0x202f9c9dc98 x2=0x202f9c50000
[call] malloc       x0=0x20 x1=0x202f9c9dc98 x2=0x202f9c50000
[call] malloc       x0=0x30 x1=0x202f9c9dc98 x2=0x202f9c50000
[call] malloc       x0=0x20 x1=0x202f9c9dc98 x2=0x202f9c50000
[call] malloc       x0=0x20 x1=0x202f9c9dc98 x2=0x202f9c50000
[call] free         x0=0x202f3639c80 x1=0x202f9c9dc98 x2=0x202f9c50000
[call] free         x0=0x202f3639bc0 x1=0x202f9c9dc98 x2=0x202f9c50000
[call] __cxa_atexit x0=0x202f7a8c748 x1=0x202f9c9dcb0 x2=0x202f9c50000
[call] malloc       x0=0x30 x1=0x202f9c9dcb0 x2=0x202f9c50000
[call] __cxa_atexit x0=0x202f7730338 x1=0x202f9c6cbc0 x2=0x202f9c50000
[call] malloc       x0=0x20 x1=0x202f9c6cbc0 x2=0x202f9c50000
[call] __cxa_atexit x0=0x202f7730338 x1=0x202f9c6cbe0 x2=0x202f9c50000
[call] __cxa_atexit x0=0x202f7730338 x1=0x202f9c9dcc8 x2=0x202f9c50000
[call] __cxa_atexit x0=0x202f7730338 x1=0x202f9c9dce0 x2=0x202f9c50000
[call] __cxa_atexit x0=0x202f7730338 x1=0x202f9c9dcf8 x2=0x202f9c50000
[call] __cxa_atexit x0=0x202f7730338 x1=0x202f9c9dd10 x2=0x202f9c50000
[call] __cxa_atexit x0=0x202f7730338 x1=0x202f9c9dd28 x2=0x202f9c50000
[call] __cxa_atexit x0=0x202f7730338 x1=0x202f9c9dd40 x2=0x202f9c50000
[call] __cxa_atexit x0=0x202f7730338 x1=0x202f9c9dd58 x2=0x202f9c50000
[call] __cxa_atexit x0=0x202f7730338 x1=0x202f9c9dd70 x2=0x202f9c50000
[call] malloc       x0=0x30 x1=0x202f9c9dd70 x2=0x202f9c50000
[call] __cxa_atexit x0=0x202f7730338 x1=0x202f9c6cc20 x2=0x202f9c50000
[call] malloc       x0=0x20 x1=0x202f9c6cc20 x2=0x202f9c50000
[call] __cxa_atexit x0=0x202f7730338 x1=0x202f9c6cc40 x2=0x202f9c50000
[call] __cxa_atexit x0=0x202f7730338 x1=0x202f9c9dd88 x2=0x202f9c50000
[call] malloc       x0=0x30 x1=0x202f9c9dd88 x2=0x202f9c50000
[call] __cxa_atexit x0=0x202f7730338 x1=0x202f9c6cc80 x2=0x202f9c50000
[call] malloc       x0=0x20 x1=0x202f9c6cc80 x2=0x202f9c50000
[call] __cxa_atexit x0=0x202f7730338 x1=0x202f9c6cca0 x2=0x202f9c50000
[call] __cxa_atexit x0=0x202f7730338 x1=0x202f9c9dda0 x2=0x202f9c50000
[call] __cxa_atexit x0=0x202f7739ce4 x1=0x202f9c6ccc0 x2=0x202f9c50000
[call] malloc       x0=0x30 x1=0x202f9c6ccc0 x2=0x202f9c50000
[call] __cxa_atexit x0=0x202f7730338 x1=0x202f9c6cd10 x2=0x202f9c50000
[call] malloc       x0=0x20 x1=0x202f9c6cd10 x2=0x202f9c50000
[call] __cxa_atexit x0=0x202f7730338 x1=0x202f9c6cd30 x2=0x202f9c50000
[call] malloc       x0=0x30 x1=0x202f9c6cd30 x2=0x202f9c50000
[call] __cxa_atexit x0=0x202f7730338 x1=0x202f9c6cd70 x2=0x202f9c50000
[call] malloc       x0=0x20 x1=0x202f9c6cd70 x2=0x202f9c50000
[call] __cxa_atexit x0=0x202f7730338 x1=0x202f9c6cd90 x2=0x202f9c50000
[call] malloc       x0=0x30 x1=0x202f9c6cd90 x2=0x202f9c50000
[call] __cxa_atexit x0=0x202f7730338 x1=0x202f9c6cdd0 x2=0x202f9c50000
[call] malloc       x0=0x20 x1=0x202f9c6cdd0 x2=0x202f9c50000
[call] __cxa_atexit x0=0x202f7730338 x1=0x202f9c6cdf0 x2=0x202f9c50000
[call] __cxa_atexit x0=0x202f7730338 x1=0x202f9c9ddb8 x2=0x202f9c50000
[call] __cxa_atexit x0=0x202f7739ce4 x1=0x202f9c6ce10 x2=0x202f9c50000
[call] malloc       x0=0x30 x1=0x202f9c6ce10 x2=0x202f9c50000
[call] __cxa_atexit x0=0x202f7730338 x1=0x202f9c6ce60 x2=0x202f9c50000
[call] malloc       x0=0x20 x1=0x202f9c6ce60 x2=0x202f9c50000
[call] __cxa_atexit x0=0x202f7730338 x1=0x202f9c6ce80 x2=0x202f9c50000
[call] malloc       x0=0x30 x1=0x202f9c6ce80 x2=0x202f9c50000
[call] __cxa_atexit x0=0x202f7730338 x1=0x202f9c6cec0 x2=0x202f9c50000
[call] malloc       x0=0x20 x1=0x202f9c6cec0 x2=0x202f9c50000
[call] __cxa_atexit x0=0x202f7730338 x1=0x202f9c6cee0 x2=0x202f9c50000
[call] __cxa_atexit x0=0x202f7739ce4 x1=0x202f9c6cf00 x2=0x202f9c50000
[call] __cxa_atexit x0=0x202f7730338 x1=0x202f9c9ddd0 x2=0x202f9c50000
[call] __cxa_atexit x0=0x202f7730338 x1=0x202f9c9dde8 x2=0x202f9c50000
[call] __cxa_atexit x0=0x202f7730338 x1=0x202f9c9de00 x2=0x202f9c50000
[call] malloc       x0=0x30 x1=0x202f9c9de00 x2=0x202f9c50000
[call] __cxa_atexit x0=0x202f7730338 x1=0x202f9c6cf50 x2=0x202f9c50000
[call] malloc       x0=0x20 x1=0x202f9c6cf50 x2=0x202f9c50000
[call] __cxa_atexit x0=0x202f7730338 x1=0x202f9c6cf70 x2=0x202f9c50000
[call] __cxa_atexit x0=0x202f7730338 x1=0x202f9c9def0 x2=0x202f9c50000
[call] __cxa_atexit x0=0x202f7730338 x1=0x202f9c9df08 x2=0x202f9c50000
[call] malloc       x0=0x20 x1=0x202f9c9df08 x2=0x202f9c50000
[call] __cxa_atexit x0=0x202f7730338 x1=0x202f9c6cf90 x2=0x202f9c50000
[call] malloc       x0=0x30 x1=0x202f9c6cf90 x2=0x202f9c50000
[call] __cxa_atexit x0=0x202f7730338 x1=0x202f9c6cfb0 x2=0x202f9c50000
[call] malloc       x0=0x20 x1=0x202f9c6cfb0 x2=0x202f9c50000
[call] __cxa_atexit x0=0x202f7730338 x1=0x202f9c6cfd0 x2=0x202f9c50000
[call] malloc       x0=0x20 x1=0x202f9c6cfd0 x2=0x202f9c50000
[call] __cxa_atexit x0=0x202f7730338 x1=0x202f9c6cff0 x2=0x202f9c50000
[call] malloc       x0=0x20 x1=0x202f9c6cff0 x2=0x202f9c50000
[call] __cxa_atexit x0=0x202f7730338 x1=0x202f9c6d010 x2=0x202f9c50000
[call] malloc       x0=0x30 x1=0x202f9c6d010 x2=0x202f9c50000
[call] __cxa_atexit x0=0x202f7730338 x1=0x202f9c6d030 x2=0x202f9c50000
[call] malloc       x0=0x20 x1=0x202f9c6d030 x2=0x202f9c50000
[call] __cxa_atexit x0=0x202f7730338 x1=0x202f9c6d050 x2=0x202f9c50000
[call] malloc       x0=0x20 x1=0x202f9c6d050 x2=0x202f9c50000
[call] __cxa_atexit x0=0x202f7730338 x1=0x202f9c6d070 x2=0x202f9c50000
[call] malloc       x0=0x20 x1=0x202f9c6d070 x2=0x202f9c50000
[call] __cxa_atexit x0=0x202f7730338 x1=0x202f9c6d090 x2=0x202f9c50000
[call] __cxa_atexit x0=0x202f7730338 x1=0x202f9c9df20 x2=0x202f9c50000
[call] malloc       x0=0x30 x1=0x202f9c9df20 x2=0x202f9c50000
[call] __cxa_atexit x0=0x202f7730338 x1=0x202f9c6d1d0 x2=0x202f9c50000
[call] malloc       x0=0x20 x1=0x202f9c6d1d0 x2=0x202f9c50000
[call] __cxa_atexit x0=0x202f7730338 x1=0x202f9c6d1f0 x2=0x202f9c50000
[call] malloc       x0=0x30 x1=0x202f9c6d1f0 x2=0x202f9c50000
[call] __cxa_atexit x0=0x202f7730338 x1=0x202f9c6d270 x2=0x202f9c50000
[call] malloc       x0=0x20 x1=0x202f9c6d270 x2=0x202f9c50000
[call] __cxa_atexit x0=0x202f7730338 x1=0x202f9c6d290 x2=0x202f9c50000
[call] __cxa_atexit x0=0x202f7730338 x1=0x202f9c9e1a8 x2=0x202f9c50000
[call] __cxa_atexit x0=0x202f7730338 x1=0x202f9c9e1c0 x2=0x202f9c50000
[call] malloc       x0=0x30 x1=0x202f9c9e1c0 x2=0x202f9c50000
[call] __cxa_atexit x0=0x202f7730338 x1=0x202f9c6d2d0 x2=0x202f9c50000
[call] malloc       x0=0x20 x1=0x202f9c6d2d0 x2=0x202f9c50000
[call] __cxa_atexit x0=0x202f7730338 x1=0x202f9c6d2f0 x2=0x202f9c50000
[call] malloc       x0=0x30 x1=0x202f9c6d2f0 x2=0x202f9c50000
[call] __cxa_atexit x0=0x202f7730338 x1=0x202f9c6d350 x2=0x202f9c50000
[call] malloc       x0=0x20 x1=0x202f9c6d350 x2=0x202f9c50000
[call] __cxa_atexit x0=0x202f7730338 x1=0x202f9c6d370 x2=0x202f9c50000
[call] __cxa_atexit x0=0x202f7730338 x1=0x202f9c9e298 x2=0x202f9c50000
[call] malloc       x0=0x30 x1=0x202f9c9e298 x2=0x202f9c50000
[call] __cxa_atexit x0=0x202f7730338 x1=0x202f9c6d3b0 x2=0x202f9c50000
[call] malloc       x0=0x20 x1=0x202f9c6d3b0 x2=0x202f9c50000
[call] __cxa_atexit x0=0x202f7730338 x1=0x202f9c6d3d0 x2=0x202f9c50000
[call] __cxa_atexit x0=0x202f7730338 x1=0x202f9c9e2e0 x2=0x202f9c50000
[call] malloc       x0=0x30 x1=0x202f9c9e2e0 x2=0x202f9c50000
[call] __cxa_atexit x0=0x202f7730338 x1=0x202f9c6d410 x2=0x202f9c50000
[call] malloc       x0=0x20 x1=0x202f9c6d410 x2=0x202f9c50000
[call] __cxa_atexit x0=0x202f7730338 x1=0x202f9c6d430 x2=0x202f9c50000
[call] malloc       x0=0x30 x1=0x202f9c6d430 x2=0x202f9c50000
[call] __cxa_atexit x0=0x202f7730338 x1=0x202f9c6d470 x2=0x202f9c50000
[call] malloc       x0=0x20 x1=0x202f9c6d470 x2=0x202f9c50000
[call] __cxa_atexit x0=0x202f7730338 x1=0x202f9c6d490 x2=0x202f9c50000
[call] malloc       x0=0x30 x1=0x202f9c6d490 x2=0x202f9c50000
[call] __cxa_atexit x0=0x202f7730338 x1=0x202f9c6d4d0 x2=0x202f9c50000
[call] malloc       x0=0x20 x1=0x202f9c6d4d0 x2=0x202f9c50000
[call] __cxa_atexit x0=0x202f7730338 x1=0x202f9c6d4f0 x2=0x202f9c50000
[call] malloc       x0=0x30 x1=0x202f9c6d4f0 x2=0x202f9c50000
[call] __cxa_atexit x0=0x202f7730338 x1=0x202f9c6d530 x2=0x202f9c50000
[call] malloc       x0=0x20 x1=0x202f9c6d530 x2=0x202f9c50000
[call] __cxa_atexit x0=0x202f7730338 x1=0x202f9c6d550 x2=0x202f9c50000
[call] __cxa_atexit x0=0x202f7739ce4 x1=0x202f9c6d570 x2=0x202f9c50000
[call] malloc       x0=0x30 x1=0x202f9c6d570 x2=0x202f9c50000
[call] __cxa_atexit x0=0x202f7730338 x1=0x202f9c6d5c0 x2=0x202f9c50000
[call] malloc       x0=0x20 x1=0x202f9c6d5c0 x2=0x202f9c50000
[call] __cxa_atexit x0=0x202f7730338 x1=0x202f9c6d5e0 x2=0x202f9c50000
[call] malloc       x0=0x30 x1=0x202f9c6d5e0 x2=0x202f9c50000
[call] __cxa_atexit x0=0x202f7730338 x1=0x202f9c6d620 x2=0x202f9c50000
[call] malloc       x0=0x20 x1=0x202f9c6d620 x2=0x202f9c50000
[call] __cxa_atexit x0=0x202f7730338 x1=0x202f9c6d640 x2=0x202f9c50000
[call] malloc       x0=0x30 x1=0x202f9c6d640 x2=0x202f9c50000
[call] __cxa_atexit x0=0x202f7730338 x1=0x202f9c6d6a0 x2=0x202f9c50000
[call] malloc       x0=0x20 x1=0x202f9c6d6a0 x2=0x202f9c50000
[call] __cxa_atexit x0=0x202f7730338 x1=0x202f9c6d6c0 x2=0x202f9c50000
[call] malloc       x0=0x30 x1=0x202f9c6d6c0 x2=0x202f9c50000
[call] __cxa_atexit x0=0x202f7730338 x1=0x202f9c6d700 x2=0x202f9c50000
[call] malloc       x0=0x20 x1=0x202f9c6d700 x2=0x202f9c50000
[call] __cxa_atexit x0=0x202f7730338 x1=0x202f9c6d720 x2=0x202f9c50000
[call] __cxa_atexit x0=0x202f7730338 x1=0x202f9c9e490 x2=0x202f9c50000
[call] malloc       x0=0x30 x1=0x202f9c9e490 x2=0x202f9c50000
[call] __cxa_atexit x0=0x202f7730338 x1=0x202f9c6d760 x2=0x202f9c50000
[call] malloc       x0=0x20 x1=0x202f9c6d760 x2=0x202f9c50000
[call] __cxa_atexit x0=0x202f7730338 x1=0x202f9c6d780 x2=0x202f9c50000
[call] malloc       x0=0x30 x1=0x202f9c6d780 x2=0x202f9c50000
[call] __cxa_atexit x0=0x202f7730338 x1=0x202f9c6d7c0 x2=0x202f9c50000
[call] malloc       x0=0x20 x1=0x202f9c6d7c0 x2=0x202f9c50000
[call] __cxa_atexit x0=0x202f7730338 x1=0x202f9c6d7e0 x2=0x202f9c50000
[call] __cxa_atexit x0=0x202f7730338 x1=0x202f9c9e4a8 x2=0x202f9c50000
[call] malloc       x0=0x30 x1=0x202f9c9e4a8 x2=0x202f9c50000
[call] __cxa_atexit x0=0x202f7730338 x1=0x202f9c6d820 x2=0x202f9c50000
[call] malloc       x0=0x20 x1=0x202f9c6d820 x2=0x202f9c50000
[call] __cxa_atexit x0=0x202f7730338 x1=0x202f9c6d840 x2=0x202f9c50000
[call] malloc       x0=0x30 x1=0x202f9c6d840 x2=0x202f9c50000
[call] __cxa_atexit x0=0x202f7730338 x1=0x202f9c6d880 x2=0x202f9c50000
[call] malloc       x0=0x20 x1=0x202f9c6d880 x2=0x202f9c50000
[call] __cxa_atexit x0=0x202f7730338 x1=0x202f9c6d8a0 x2=0x202f9c50000
[call] malloc       x0=0x30 x1=0x202f9c6d8a0 x2=0x202f9c50000
[call] __cxa_atexit x0=0x202f7730338 x1=0x202f9c6d8e0 x2=0x202f9c50000
[call] malloc       x0=0x20 x1=0x202f9c6d8e0 x2=0x202f9c50000
[call] __cxa_atexit x0=0x202f7730338 x1=0x202f9c6d900 x2=0x202f9c50000
[call] malloc       x0=0x30 x1=0x202f9c6d900 x2=0x202f9c50000
[call] __cxa_atexit x0=0x202f7730338 x1=0x202f9c6d940 x2=0x202f9c50000
[call] malloc       x0=0x20 x1=0x202f9c6d940 x2=0x202f9c50000
[call] __cxa_atexit x0=0x202f7730338 x1=0x202f9c6d960 x2=0x202f9c50000
[call] __cxa_atexit x0=0x202f7730338 x1=0x202f9c9e580 x2=0x202f9c50000
[call] __cxa_atexit x0=0x202f7730338 x1=0x202f9c9e598 x2=0x202f9c50000
[call] __cxa_atexit x0=0x202f7730338 x1=0x202f9c9e5b0 x2=0x202f9c50000
[call] __cxa_atexit x0=0x202f7730338 x1=0x202f9c9e5c8 x2=0x202f9c50000
[call] __cxa_atexit x0=0x202f7730338 x1=0x202f9c9e5e0 x2=0x202f9c50000
[call] __cxa_atexit x0=0x202f7730338 x1=0x202f9c9e5f8 x2=0x202f9c50000
[call] __cxa_atexit x0=0x202f7730338 x1=0x202f9c9e610 x2=0x202f9c50000
[call] __cxa_atexit x0=0x202f7730338 x1=0x202f9c9e628 x2=0x202f9c50000
[call] __cxa_atexit x0=0x202f7730338 x1=0x202f9c9e640 x2=0x202f9c50000
[call] __cxa_atexit x0=0x202f7730338 x1=0x202f9c9e658 x2=0x202f9c50000
[call] malloc       x0=0x30 x1=0x202f9c9e658 x2=0x202f9c50000
[call] __cxa_atexit x0=0x202f7730338 x1=0x202f9c6d9a0 x2=0x202f9c50000
[call] malloc       x0=0x20 x1=0x202f9c6d9a0 x2=0x202f9c50000
[call] __cxa_atexit x0=0x202f7730338 x1=0x202f9c6d9c0 x2=0x202f9c50000
[call] malloc       x0=0x30 x1=0x202f9c6d9c0 x2=0x202f9c50000
[call] __cxa_atexit x0=0x202f7730338 x1=0x202f9c6da20 x2=0x202f9c50000
[call] malloc       x0=0x20 x1=0x202f9c6da20 x2=0x202f9c50000
[call] __cxa_atexit x0=0x202f7730338 x1=0x202f9c6da40 x2=0x202f9c50000
[call] __cxa_atexit x0=0x202f7730338 x1=0x202f9c9e7c0 x2=0x202f9c50000
[call] malloc       x0=0x30 x1=0x202f9c9e7c0 x2=0x202f9c50000
[call] __cxa_atexit x0=0x202f7730338 x1=0x202f9c6da80 x2=0x202f9c50000
[call] malloc       x0=0x20 x1=0x202f9c6da80 x2=0x202f9c50000
[call] __cxa_atexit x0=0x202f7730338 x1=0x202f9c6daa0 x2=0x202f9c50000
[call] malloc       x0=0x30 x1=0x202f9c6daa0 x2=0x202f9c50000
[call] __cxa_atexit x0=0x202f7730338 x1=0x202f9c6dae0 x2=0x202f9c50000
[call] malloc       x0=0x20 x1=0x202f9c6dae0 x2=0x202f9c50000
[call] __cxa_atexit x0=0x202f7730338 x1=0x202f9c6db00 x2=0x202f9c50000
[call] malloc       x0=0x20 x1=0x202f9c6db00 x2=0x202f9c50000
[call] __cxa_atexit x0=0x202f7730338 x1=0x202f9c6db20 x2=0x202f9c50000
[call] malloc       x0=0x30 x1=0x202f9c6db20 x2=0x202f9c50000
[call] __cxa_atexit x0=0x202f7730338 x1=0x202f9c6db40 x2=0x202f9c50000
[call] malloc       x0=0x20 x1=0x202f9c6db40 x2=0x202f9c50000
[call] __cxa_atexit x0=0x202f7730338 x1=0x202f9c6db60 x2=0x202f9c50000
[call] malloc       x0=0x30 x1=0x202f9c6db60 x2=0x202f9c50000
[call] __cxa_atexit x0=0x202f7730338 x1=0x202f9c6db80 x2=0x202f9c50000
[call] malloc       x0=0x20 x1=0x202f9c6db80 x2=0x202f9c50000
[call] __cxa_atexit x0=0x202f7730338 x1=0x202f9c6dba0 x2=0x202f9c50000
[call] malloc       x0=0x20 x1=0x202f9c6dba0 x2=0x202f9c50000
[call] __cxa_atexit x0=0x202f7730338 x1=0x202f9c6dbc0 x2=0x202f9c50000
[call] malloc       x0=0x30 x1=0x202f9c6dbc0 x2=0x202f9c50000
[call] __cxa_atexit x0=0x202f7730338 x1=0x202f9c6dc00 x2=0x202f9c50000
[call] malloc       x0=0x20 x1=0x202f9c6dc00 x2=0x202f9c50000
[call] __cxa_atexit x0=0x202f7730338 x1=0x202f9c6dc20 x2=0x202f9c50000
[call] malloc       x0=0x30 x1=0x202f9c6dc20 x2=0x202f9c50000
[call] __cxa_atexit x0=0x202f7730338 x1=0x202f9c6dc60 x2=0x202f9c50000
[call] malloc       x0=0x20 x1=0x202f9c6dc60 x2=0x202f9c50000
[call] __cxa_atexit x0=0x202f7730338 x1=0x202f9c6dc80 x2=0x202f9c50000
[call] __cxa_atexit x0=0x202f7730338 x1=0x202f9c9e838 x2=0x202f9c50000
[call] malloc       x0=0x30 x1=0x202f9c9e838 x2=0x202f9c50000
[call] __cxa_atexit x0=0x202f7730338 x1=0x202f9c6dce0 x2=0x202f9c50000
[call] malloc       x0=0x20 x1=0x202f9c6dce0 x2=0x202f9c50000
[call] __cxa_atexit x0=0x202f7730338 x1=0x202f9c6dd00 x2=0x202f9c50000
[call] __cxa_atexit x0=0x202f7730338 x1=0x202f9c9e850 x2=0x202f9c50000
[call] malloc       x0=0x20 x1=0x202f9c9e850 x2=0x202f9c50000
[call] __cxa_atexit x0=0x202f7730338 x1=0x202f9c6dd20 x2=0x202f9c50000
[call] malloc       x0=0x30 x1=0x202f9c6dd20 x2=0x202f9c50000
[call] __cxa_atexit x0=0x202f7730338 x1=0x202f9c6dd60 x2=0x202f9c50000
[call] malloc       x0=0x20 x1=0x202f9c6dd60 x2=0x202f9c50000
[call] __cxa_atexit x0=0x202f7730338 x1=0x202f9c6dd80 x2=0x202f9c50000
[call] __cxa_atexit x0=0x202f7730338 x1=0x202f9c9e868 x2=0x202f9c50000
[call] malloc       x0=0x30 x1=0x202f9c9e868 x2=0x202f9c50000
[call] __cxa_atexit x0=0x202f7730338 x1=0x202f9c6dde0 x2=0x202f9c50000
[call] malloc       x0=0x20 x1=0x202f9c6dde0 x2=0x202f9c50000
[call] __cxa_atexit x0=0x202f7730338 x1=0x202f9c6de00 x2=0x202f9c50000
[call] __cxa_atexit x0=0x202f7730338 x1=0x202f9c9e880 x2=0x202f9c50000
[call] malloc       x0=0x30 x1=0x202f9c9e880 x2=0x202f9c50000
[call] __cxa_atexit x0=0x202f7730338 x1=0x202f9c6de60 x2=0x202f9c50000
[call] malloc       x0=0x20 x1=0x202f9c6de60 x2=0x202f9c50000
[call] __cxa_atexit x0=0x202f7730338 x1=0x202f9c6de80 x2=0x202f9c50000
[call] __cxa_atexit x0=0x202f7730338 x1=0x202f9c9e898 x2=0x202f9c50000
[call] malloc       x0=0x30 x1=0x202f9c9e898 x2=0x202f9c50000
[call] __cxa_atexit x0=0x202f7730338 x1=0x202f9c6dec0 x2=0x202f9c50000
[call] malloc       x0=0x20 x1=0x202f9c6dec0 x2=0x202f9c50000
[call] __cxa_atexit x0=0x202f7730338 x1=0x202f9c6dee0 x2=0x202f9c50000
[call] malloc       x0=0x30 x1=0x202f9c6dee0 x2=0x202f9c50000
[call] __cxa_atexit x0=0x202f7730338 x1=0x202f9c6df40 x2=0x202f9c50000
[call] malloc       x0=0x20 x1=0x202f9c6df40 x2=0x202f9c50000
[call] __cxa_atexit x0=0x202f7730338 x1=0x202f9c6df60 x2=0x202f9c50000
[call] malloc       x0=0x30 x1=0x202f9c6df60 x2=0x202f9c50000
[call] __cxa_atexit x0=0x202f7730338 x1=0x202f9c6dfa0 x2=0x202f9c50000
[call] malloc       x0=0x20 x1=0x202f9c6dfa0 x2=0x202f9c50000
[call] __cxa_atexit x0=0x202f7730338 x1=0x202f9c6dfc0 x2=0x202f9c50000
[call] malloc       x0=0x30 x1=0x202f9c6dfc0 x2=0x202f9c50000
[call] __cxa_atexit x0=0x202f7730338 x1=0x202f9c6e000 x2=0x202f9c50000
[call] malloc       x0=0x20 x1=0x202f9c6e000 x2=0x202f9c50000
[call] __cxa_atexit x0=0x202f7730338 x1=0x202f9c6e020 x2=0x202f9c50000
[call] __cxa_atexit x0=0x202f7730338 x1=0x202f9c9e8c8 x2=0x202f9c50000
[call] malloc       x0=0x30 x1=0x202f9c9e8c8 x2=0x202f9c50000
[call] __cxa_atexit x0=0x202f7730338 x1=0x202f9c6e060 x2=0x202f9c50000
[call] malloc       x0=0x20 x1=0x202f9c6e060 x2=0x202f9c50000
[call] __cxa_atexit x0=0x202f7730338 x1=0x202f9c6e080 x2=0x202f9c50000
[call] __cxa_atexit x0=0x202f7730338 x1=0x202f9c9e8e0 x2=0x202f9c50000
[call] malloc       x0=0x30 x1=0x202f9c9e8e0 x2=0x202f9c50000
[call] __cxa_atexit x0=0x202f7730338 x1=0x202f9c6e0c0 x2=0x202f9c50000
[call] malloc       x0=0x20 x1=0x202f9c6e0c0 x2=0x202f9c50000
[call] __cxa_atexit x0=0x202f7730338 x1=0x202f9c6e0e0 x2=0x202f9c50000
[call] malloc       x0=0x30 x1=0x202f9c6e0e0 x2=0x202f9c50000
[call] __cxa_atexit x0=0x202f7730338 x1=0x202f9c6e120 x2=0x202f9c50000
[call] malloc       x0=0x20 x1=0x202f9c6e120 x2=0x202f9c50000
[call] __cxa_atexit x0=0x202f7730338 x1=0x202f9c6e140 x2=0x202f9c50000
[call] malloc       x0=0x30 x1=0x202f9c6e140 x2=0x202f9c50000
[call] __cxa_atexit x0=0x202f7730338 x1=0x202f9c6e180 x2=0x202f9c50000
[call] malloc       x0=0x20 x1=0x202f9c6e180 x2=0x202f9c50000
[call] __cxa_atexit x0=0x202f7730338 x1=0x202f9c6e1a0 x2=0x202f9c50000
[call] malloc       x0=0x30 x1=0x202f9c6e1a0 x2=0x202f9c50000
[call] __cxa_atexit x0=0x202f7730338 x1=0x202f9c6e1e0 x2=0x202f9c50000
[call] malloc       x0=0x20 x1=0x202f9c6e1e0 x2=0x202f9c50000
[call] __cxa_atexit x0=0x202f7730338 x1=0x202f9c6e200 x2=0x202f9c50000
[call] malloc       x0=0x30 x1=0x202f9c6e200 x2=0x202f9c50000
[call] __cxa_atexit x0=0x202f7730338 x1=0x202f9c6e240 x2=0x202f9c50000
[call] malloc       x0=0x20 x1=0x202f9c6e240 x2=0x202f9c50000
[call] __cxa_atexit x0=0x202f7730338 x1=0x202f9c6e260 x2=0x202f9c50000
[call] malloc       x0=0x30 x1=0x202f9c6e260 x2=0x202f9c50000
[call] __cxa_atexit x0=0x202f7730338 x1=0x202f9c6e2a0 x2=0x202f9c50000
[call] malloc       x0=0x20 x1=0x202f9c6e2a0 x2=0x202f9c50000
[call] __cxa_atexit x0=0x202f7730338 x1=0x202f9c6e2c0 x2=0x202f9c50000
[call] malloc       x0=0x30 x1=0x202f9c6e2c0 x2=0x202f9c50000
[call] __cxa_atexit x0=0x202f7730338 x1=0x202f9c6e300 x2=0x202f9c50000
[call] malloc       x0=0x20 x1=0x202f9c6e300 x2=0x202f9c50000
[call] __cxa_atexit x0=0x202f7730338 x1=0x202f9c6e320 x2=0x202f9c50000
[call] __cxa_atexit x0=0x202f7730338 x1=0x202f9c9ea78 x2=0x202f9c50000
[call] malloc       x0=0x30 x1=0x202f9c9ea78 x2=0x202f9c50000
[call] __cxa_atexit x0=0x202f7730338 x1=0x202f9c6e360 x2=0x202f9c50000
[call] malloc       x0=0x20 x1=0x202f9c6e360 x2=0x202f9c50000
[call] __cxa_atexit x0=0x202f7730338 x1=0x202f9c6e380 x2=0x202f9c50000
[call] malloc       x0=0x30 x1=0x202f9c6e380 x2=0x202f9c50000
[call] __cxa_atexit x0=0x202f7730338 x1=0x202f9c6e3c0 x2=0x202f9c50000
[call] malloc       x0=0x20 x1=0x202f9c6e3c0 x2=0x202f9c50000
[call] __cxa_atexit x0=0x202f7730338 x1=0x202f9c6e3e0 x2=0x202f9c50000
[call] __cxa_atexit x0=0x202f7730338 x1=0x202f9c9eaa8 x2=0x202f9c50000
[call] __cxa_atexit x0=0x202f7730338 x1=0x202f9c9eac0 x2=0x202f9c50000
[call] __cxa_atexit x0=0x202f7730338 x1=0x202f9c9ead8 x2=0x202f9c50000
[call] __cxa_atexit x0=0x202f7730338 x1=0x202f9c9eaf0 x2=0x202f9c50000
[call] __cxa_atexit x0=0x202f7730338 x1=0x202f9c9eb08 x2=0x202f9c50000
[call] __cxa_atexit x0=0x202f7730338 x1=0x202f9c9eb20 x2=0x202f9c50000
[call] malloc       x0=0x30 x1=0x202f9c9eb20 x2=0x202f9c50000
[call] __cxa_atexit x0=0x202f7730338 x1=0x202f9c6e420 x2=0x202f9c50000
[call] malloc       x0=0x20 x1=0x202f9c6e420 x2=0x202f9c50000
[call] __cxa_atexit x0=0x202f7730338 x1=0x202f9c6e440 x2=0x202f9c50000
[call] __cxa_atexit x0=0x202f7730338 x1=0x202f9c9eb50 x2=0x202f9c50000
[call] __cxa_atexit x0=0x202f7730338 x1=0x202f9c9eb68 x2=0x202f9c50000
[call] __cxa_atexit x0=0x202f7730338 x1=0x202f9c9eb80 x2=0x202f9c50000
[call] __cxa_atexit x0=0x202f7730338 x1=0x202f9c9eb98 x2=0x202f9c50000
[call] malloc       x0=0x30 x1=0x202f9c9eb98 x2=0x202f9c50000
[call] __cxa_atexit x0=0x202f7730338 x1=0x202f9c6e4a0 x2=0x202f9c50000
[call] malloc       x0=0x20 x1=0x202f9c6e4a0 x2=0x202f9c50000
[call] __cxa_atexit x0=0x202f7730338 x1=0x202f9c6e4c0 x2=0x202f9c50000
[call] __cxa_atexit x0=0x202f7730338 x1=0x202f9c9ed30 x2=0x202f9c50000
[call] malloc       x0=0x30 x1=0x202f9c9ed30 x2=0x202f9c50000
[call] __cxa_atexit x0=0x202f7730338 x1=0x202f9c6e500 x2=0x202f9c50000
[call] malloc       x0=0x20 x1=0x202f9c6e500 x2=0x202f9c50000
[call] __cxa_atexit x0=0x202f7730338 x1=0x202f9c6e520 x2=0x202f9c50000
[call] __cxa_atexit x0=0x202f7730338 x1=0x202f9c9ed48 x2=0x202f9c50000
[call] malloc       x0=0x30 x1=0x202f9c9ed48 x2=0x202f9c50000
[call] __cxa_atexit x0=0x202f7730338 x1=0x202f9c6e560 x2=0x202f9c50000
[call] malloc       x0=0x20 x1=0x202f9c6e560 x2=0x202f9c50000
[call] __cxa_atexit x0=0x202f7730338 x1=0x202f9c6e580 x2=0x202f9c50000
[call] __cxa_atexit x0=0x202f7730338 x1=0x202f9c9ed60 x2=0x202f9c50000
[call] malloc       x0=0x30 x1=0x202f9c9ed60 x2=0x202f9c50000
[call] __cxa_atexit x0=0x202f7730338 x1=0x202f9c6e5c0 x2=0x202f9c50000
[call] malloc       x0=0x20 x1=0x202f9c6e5c0 x2=0x202f9c50000
[call] __cxa_atexit x0=0x202f7730338 x1=0x202f9c6e5e0 x2=0x202f9c50000
[call] malloc       x0=0x30 x1=0x202f9c6e5e0 x2=0x202f9c50000
[call] __cxa_atexit x0=0x202f7730338 x1=0x202f9c6e620 x2=0x202f9c50000
[call] malloc       x0=0x20 x1=0x202f9c6e620 x2=0x202f9c50000
[call] __cxa_atexit x0=0x202f7730338 x1=0x202f9c6e640 x2=0x202f9c50000
[call] malloc       x0=0x30 x1=0x202f9c6e640 x2=0x202f9c50000
[call] __cxa_atexit x0=0x202f7730338 x1=0x202f9c6e680 x2=0x202f9c50000
[call] malloc       x0=0x20 x1=0x202f9c6e680 x2=0x202f9c50000
[call] __cxa_atexit x0=0x202f7730338 x1=0x202f9c6e6a0 x2=0x202f9c50000
[call] __cxa_atexit x0=0x202f7730338 x1=0x202f9c9eec8 x2=0x202f9c50000
[call] malloc       x0=0x30 x1=0x202f9c9eec8 x2=0x202f9c50000
[call] __cxa_atexit x0=0x202f7730338 x1=0x202f9c6e6e0 x2=0x202f9c50000
[call] malloc       x0=0x20 x1=0x202f9c6e6e0 x2=0x202f9c50000
[call] __cxa_atexit x0=0x202f7730338 x1=0x202f9c6e700 x2=0x202f9c50000
[call] __cxa_atexit x0=0x202f7730338 x1=0x202f9c9eef8 x2=0x202f9c50000
[call] malloc       x0=0x30 x1=0x202f9c9eef8 x2=0x202f9c50000
[call] __cxa_atexit x0=0x202f7730338 x1=0x202f9c6e740 x2=0x202f9c50000
[call] malloc       x0=0x20 x1=0x202f9c6e740 x2=0x202f9c50000
[call] __cxa_atexit x0=0x202f7730338 x1=0x202f9c6e760 x2=0x202f9c50000
[call] malloc       x0=0x30 x1=0x202f9c6e760 x2=0x202f9c50000
[call] __cxa_atexit x0=0x202f7730338 x1=0x202f9c6e7c0 x2=0x202f9c50000
[call] malloc       x0=0x20 x1=0x202f9c6e7c0 x2=0x202f9c50000
[call] __cxa_atexit x0=0x202f7730338 x1=0x202f9c6e7e0 x2=0x202f9c50000
[call] malloc       x0=0x30 x1=0x202f9c6e7e0 x2=0x202f9c50000
[call] __cxa_atexit x0=0x202f7730338 x1=0x202f9c6e820 x2=0x202f9c50000
[call] malloc       x0=0x20 x1=0x202f9c6e820 x2=0x202f9c50000
[call] __cxa_atexit x0=0x202f7730338 x1=0x202f9c6e840 x2=0x202f9c50000
[call] malloc       x0=0x30 x1=0x202f9c6e840 x2=0x202f9c50000
[call] __cxa_atexit x0=0x202f7730338 x1=0x202f9c6e880 x2=0x202f9c50000
[call] malloc       x0=0x20 x1=0x202f9c6e880 x2=0x202f9c50000
[call] __cxa_atexit x0=0x202f7730338 x1=0x202f9c6e8a0 x2=0x202f9c50000
[call] __cxa_atexit x0=0x202f7730338 x1=0x202f9c9f138 x2=0x202f9c50000
[call] malloc       x0=0x30 x1=0x202f9c9f138 x2=0x202f9c50000
[call] __cxa_atexit x0=0x202f7730338 x1=0x202f9c6e8e0 x2=0x202f9c50000
[call] malloc       x0=0x20 x1=0x202f9c6e8e0 x2=0x202f9c50000
[call] __cxa_atexit x0=0x202f7730338 x1=0x202f9c6e900 x2=0x202f9c50000
[call] __cxa_atexit x0=0x202f7730338 x1=0x202f9c9f150 x2=0x202f9c50000
[call] malloc       x0=0x30 x1=0x202f9c9f150 x2=0x202f9c50000
[call] __cxa_atexit x0=0x202f7730338 x1=0x202f9c6e9c0 x2=0x202f9c50000
[call] malloc       x0=0x20 x1=0x202f9c6e9c0 x2=0x202f9c50000
[call] __cxa_atexit x0=0x202f7730338 x1=0x202f9c6e9e0 x2=0x202f9c50000
[call] __cxa_atexit x0=0x202f7730338 x1=0x202f9c9f3c0 x2=0x202f9c50000
[call] __cxa_atexit x0=0x202f7739ce4 x1=0x202f9c6ea00 x2=0x202f9c50000
[call] malloc       x0=0x30 x1=0x202f9c6ea00 x2=0x202f9c50000
[call] __cxa_atexit x0=0x202f7730338 x1=0x202f9c6eab0 x2=0x202f9c50000
[call] malloc       x0=0x20 x1=0x202f9c6eab0 x2=0x202f9c50000
[call] __cxa_atexit x0=0x202f7730338 x1=0x202f9c6ead0 x2=0x202f9c50000
[call] malloc       x0=0x30 x1=0x202f9c6ead0 x2=0x202f9c50000
[call] __cxa_atexit x0=0x202f7730338 x1=0x202f9c6eb10 x2=0x202f9c50000
[call] malloc       x0=0x20 x1=0x202f9c6eb10 x2=0x202f9c50000
[call] __cxa_atexit x0=0x202f7730338 x1=0x202f9c6eb30 x2=0x202f9c50000
[call] malloc       x0=0x30 x1=0x202f9c6eb30 x2=0x202f9c50000
[call] __cxa_atexit x0=0x202f7730338 x1=0x202f9c6eb70 x2=0x202f9c50000
[call] malloc       x0=0x20 x1=0x202f9c6eb70 x2=0x202f9c50000
[call] __cxa_atexit x0=0x202f7730338 x1=0x202f9c6eb90 x2=0x202f9c50000
[call] __cxa_atexit x0=0x202f7730338 x1=0x202f9c9f5d0 x2=0x202f9c50000
[call] __cxa_atexit x0=0x202f7739ce4 x1=0x202f9c6ebb0 x2=0x202f9c50000
[call] malloc       x0=0x30 x1=0x202f9c6ebb0 x2=0x202f9c50000
[call] __cxa_atexit x0=0x202f7730338 x1=0x202f9c6ec00 x2=0x202f9c50000
[call] malloc       x0=0x20 x1=0x202f9c6ec00 x2=0x202f9c50000
[call] __cxa_atexit x0=0x202f7730338 x1=0x202f9c6ec20 x2=0x202f9c50000
[call] __cxa_atexit x0=0x202f7739ce4 x1=0x202f9c6ec40 x2=0x202f9c50000
[call] malloc       x0=0x30 x1=0x202f9c6ec40 x2=0x202f9c50000
[call] __cxa_atexit x0=0x202f7730338 x1=0x202f9c6ec90 x2=0x202f9c50000
[call] malloc       x0=0x20 x1=0x202f9c6ec90 x2=0x202f9c50000
[call] __cxa_atexit x0=0x202f7730338 x1=0x202f9c6ecb0 x2=0x202f9c50000
[call] __cxa_atexit x0=0x202f7730338 x1=0x202f9c9f5e8 x2=0x202f9c50000
[call] malloc       x0=0x30 x1=0x202f9c9f5e8 x2=0x202f9c50000
[call] __cxa_atexit x0=0x202f7730338 x1=0x202f9c6ecd0 x2=0x202f9c50000
[call] malloc       x0=0x30 x1=0x202f9c6ecd0 x2=0x202f9c50000
[call] __cxa_atexit x0=0x202f7730338 x1=0x202f9c6ed10 x2=0x202f9c50000
[call] malloc       x0=0x20 x1=0x202f9c6ed10 x2=0x202f9c50000
[call] __cxa_atexit x0=0x202f7730338 x1=0x202f9c6ed30 x2=0x202f9c50000
[call] __cxa_atexit x0=0x202f7730338 x1=0x202f9c9f600 x2=0x202f9c50000
[call] malloc       x0=0x30 x1=0x202f9c9f600 x2=0x202f9c50000
[call] __cxa_atexit x0=0x202f7730338 x1=0x202f9c6ed70 x2=0x202f9c50000
[call] malloc       x0=0x20 x1=0x202f9c6ed70 x2=0x202f9c50000
[call] __cxa_atexit x0=0x202f7730338 x1=0x202f9c6ed90 x2=0x202f9c50000
[call] __cxa_atexit x0=0x202f7730338 x1=0x202f9c9f618 x2=0x202f9c50000
[call] malloc       x0=0x30 x1=0x202f9c9f618 x2=0x202f9c50000
[call] __cxa_atexit x0=0x202f7730338 x1=0x202f9c6edd0 x2=0x202f9c50000
[call] malloc       x0=0x20 x1=0x202f9c6edd0 x2=0x202f9c50000
[call] __cxa_atexit x0=0x202f7730338 x1=0x202f9c6edf0 x2=0x202f9c50000
[call] __cxa_atexit x0=0x202f7730338 x1=0x202f9c9f630 x2=0x202f9c50000
[call] malloc       x0=0x30 x1=0x202f9c9f630 x2=0x202f9c50000
[call] __cxa_atexit x0=0x202f7730338 x1=0x202f9c6ee30 x2=0x202f9c50000
[call] malloc       x0=0x20 x1=0x202f9c6ee30 x2=0x202f9c50000
[call] __cxa_atexit x0=0x202f7730338 x1=0x202f9c6ee50 x2=0x202f9c50000
[call] malloc       x0=0x30 x1=0x202f9c6ee50 x2=0x202f9c50000
[call] __cxa_atexit x0=0x202f7730338 x1=0x202f9c6ee90 x2=0x202f9c50000
[call] malloc       x0=0x20 x1=0x202f9c6ee90 x2=0x202f9c50000
[call] __cxa_atexit x0=0x202f7730338 x1=0x202f9c6eeb0 x2=0x202f9c50000
[call] malloc       x0=0x20 x1=0x202f9c6eeb0 x2=0x202f9c50000
[call] __cxa_atexit x0=0x202f7730338 x1=0x202f9c6eed0 x2=0x202f9c50000
[call] malloc       x0=0x30 x1=0x202f9c6eed0 x2=0x202f9c50000
[call] __cxa_atexit x0=0x202f7730338 x1=0x202f9c6ef10 x2=0x202f9c50000
[call] malloc       x0=0x20 x1=0x202f9c6ef10 x2=0x202f9c50000
[call] __cxa_atexit x0=0x202f7730338 x1=0x202f9c6ef30 x2=0x202f9c50000
[call] malloc       x0=0x30 x1=0x202f9c6ef30 x2=0x202f9c50000
[call] __cxa_atexit x0=0x202f7730338 x1=0x202f9c6ef50 x2=0x202f9c50000
[call] malloc       x0=0x30 x1=0x202f9c6ef50 x2=0x202f9c50000
[call] __cxa_atexit x0=0x202f7730338 x1=0x202f9c6ef90 x2=0x202f9c50000
[call] malloc       x0=0x20 x1=0x202f9c6ef90 x2=0x202f9c50000
[call] __cxa_atexit x0=0x202f7730338 x1=0x202f9c6efb0 x2=0x202f9c50000
[call] malloc       x0=0x30 x1=0x202f9c6efb0 x2=0x202f9c50000
[call] __cxa_atexit x0=0x202f7730338 x1=0x202f9c6efd0 x2=0x202f9c50000
[call] malloc       x0=0x30 x1=0x202f9c6efd0 x2=0x202f9c50000
[call] __cxa_atexit x0=0x202f7730338 x1=0x202f9c6f010 x2=0x202f9c50000
[call] malloc       x0=0x20 x1=0x202f9c6f010 x2=0x202f9c50000
[call] __cxa_atexit x0=0x202f7730338 x1=0x202f9c6f030 x2=0x202f9c50000
[call] malloc       x0=0x30 x1=0x202f9c6f030 x2=0x202f9c50000
[call] __cxa_atexit x0=0x202f7730338 x1=0x202f9c6f070 x2=0x202f9c50000
[call] malloc       x0=0x20 x1=0x202f9c6f070 x2=0x202f9c50000
[call] __cxa_atexit x0=0x202f7730338 x1=0x202f9c6f090 x2=0x202f9c50000
[call] malloc       x0=0x40 x1=0x202f9c6f090 x2=0x202f9c50000
[call] __cxa_atexit x0=0x202f7730338 x1=0x202f9c6f0b0 x2=0x202f9c50000
[call] malloc       x0=0x30 x1=0x202f9c6f0b0 x2=0x202f9c50000
[call] __cxa_atexit x0=0x202f7730338 x1=0x202f9c6f0f0 x2=0x202f9c50000
[call] malloc       x0=0x20 x1=0x202f9c6f0f0 x2=0x202f9c50000
[call] __cxa_atexit x0=0x202f7730338 x1=0x202f9c6f110 x2=0x202f9c50000
[call] __cxa_atexit x0=0x202f7730338 x1=0x202f9c9f648 x2=0x202f9c50000
[call] __cxa_atexit x0=0x202f7730338 x1=0x202f9c9f660 x2=0x202f9c50000
[call] __cxa_atexit x0=0x202f7730338 x1=0x202f9c9f678 x2=0x202f9c50000
[call] __cxa_atexit x0=0x202f7730338 x1=0x202f9c9f690 x2=0x202f9c50000
[call] __cxa_atexit x0=0x202f7730338 x1=0x202f9c9f6a8 x2=0x202f9c50000
[call] __cxa_atexit x0=0x202f7730338 x1=0x202f9c9f6c0 x2=0x202f9c50000
[call] __cxa_atexit x0=0x202f7730338 x1=0x202f9c9f6d8 x2=0x202f9c50000
[call] __cxa_atexit x0=0x202f7730338 x1=0x202f9c9f6f0 x2=0x202f9c50000
[call] __cxa_atexit x0=0x202f7730338 x1=0x202f9c9f708 x2=0x202f9c50000
[call] __cxa_atexit x0=0x202f7730338 x1=0x202f9c9f720 x2=0x202f9c50000
[call] __cxa_atexit x0=0x202f7730338 x1=0x202f9c9f738 x2=0x202f9c50000
[call] __cxa_atexit x0=0x202f7730338 x1=0x202f9c9f750 x2=0x202f9c50000
[call] __cxa_atexit x0=0x202f7730338 x1=0x202f9c9f768 x2=0x202f9c50000
[call] __cxa_atexit x0=0x202f7730338 x1=0x202f9c9f780 x2=0x202f9c50000
[call] __cxa_atexit x0=0x202f7730338 x1=0x202f9c9f798 x2=0x202f9c50000
[call] __cxa_atexit x0=0x202f7730338 x1=0x202f9c9f7b0 x2=0x202f9c50000
[call] __cxa_atexit x0=0x202f7730338 x1=0x202f9c9f7c8 x2=0x202f9c50000
[call] malloc       x0=0x20 x1=0x202f9c9f7c8 x2=0x202f9c50000
[call] __cxa_atexit x0=0x202f7730338 x1=0x202f9c6f130 x2=0x202f9c50000
[call] __cxa_atexit x0=0x202f7730338 x1=0x202f9c9f7e0 x2=0x202f9c50000
[call] __cxa_atexit x0=0x202f7730338 x1=0x202f9c9f7f8 x2=0x202f9c50000
[call] __cxa_atexit x0=0x202f7730338 x1=0x202f9c9f810 x2=0x202f9c50000
[call] malloc       x0=0x20 x1=0x202f9c9f810 x2=0x202f9c50000
[call] __cxa_atexit x0=0x202f7730338 x1=0x202f9c6f150 x2=0x202f9c50000
[call] malloc       x0=0x30 x1=0x202f9c6f150 x2=0x202f9c50000
[call] __cxa_atexit x0=0x202f7730338 x1=0x202f9c6f190 x2=0x202f9c50000
[call] malloc       x0=0x20 x1=0x202f9c6f190 x2=0x202f9c50000
[call] __cxa_atexit x0=0x202f7730338 x1=0x202f9c6f1b0 x2=0x202f9c50000
[call] malloc       x0=0x30 x1=0x202f9c6f1b0 x2=0x202f9c50000
[call] __cxa_atexit x0=0x202f7730338 x1=0x202f9c6f1d0 x2=0x202f9c50000
[call] malloc       x0=0x30 x1=0x202f9c6f1d0 x2=0x202f9c50000
[call] __cxa_atexit x0=0x202f7730338 x1=0x202f9c6f210 x2=0x202f9c50000
[call] malloc       x0=0x20 x1=0x202f9c6f210 x2=0x202f9c50000
[call] __cxa_atexit x0=0x202f7730338 x1=0x202f9c6f230 x2=0x202f9c50000
[call] malloc       x0=0x30 x1=0x202f9c6f230 x2=0x202f9c50000
[call] __cxa_atexit x0=0x202f7730338 x1=0x202f9c6f250 x2=0x202f9c50000
[call] malloc       x0=0x30 x1=0x202f9c6f250 x2=0x202f9c50000
[call] __cxa_atexit x0=0x202f7730338 x1=0x202f9c6f290 x2=0x202f9c50000
[call] malloc       x0=0x20 x1=0x202f9c6f290 x2=0x202f9c50000
[call] __cxa_atexit x0=0x202f7730338 x1=0x202f9c6f2b0 x2=0x202f9c50000
[call] malloc       x0=0x30 x1=0x202f9c6f2b0 x2=0x202f9c50000
[call] __cxa_atexit x0=0x202f7730338 x1=0x202f9c6f2d0 x2=0x202f9c50000
[call] malloc       x0=0x30 x1=0x202f9c6f2d0 x2=0x202f9c50000
[call] __cxa_atexit x0=0x202f7730338 x1=0x202f9c6f340 x2=0x202f9c50000
[call] malloc       x0=0x20 x1=0x202f9c6f340 x2=0x202f9c50000
[call] __cxa_atexit x0=0x202f7730338 x1=0x202f9c6f360 x2=0x202f9c50000
[call] malloc       x0=0x30 x1=0x202f9c6f360 x2=0x202f9c50000
[call] __cxa_atexit x0=0x202f7730338 x1=0x202f9c6f380 x2=0x202f9c50000
[call] malloc       x0=0x30 x1=0x202f9c6f380 x2=0x202f9c50000
[call] __cxa_atexit x0=0x202f7730338 x1=0x202f9c6f3c0 x2=0x202f9c50000
[call] malloc       x0=0x20 x1=0x202f9c6f3c0 x2=0x202f9c50000
[call] __cxa_atexit x0=0x202f7730338 x1=0x202f9c6f3e0 x2=0x202f9c50000
[call] malloc       x0=0x30 x1=0x202f9c6f3e0 x2=0x202f9c50000
[call] __cxa_atexit x0=0x202f7730338 x1=0x202f9c6f400 x2=0x202f9c50000
[call] malloc       x0=0x30 x1=0x202f9c6f400 x2=0x202f9c50000
[call] __cxa_atexit x0=0x202f7730338 x1=0x202f9c6f440 x2=0x202f9c50000
[call] malloc       x0=0x20 x1=0x202f9c6f440 x2=0x202f9c50000
[call] __cxa_atexit x0=0x202f7730338 x1=0x202f9c6f460 x2=0x202f9c50000
[call] malloc       x0=0x30 x1=0x202f9c6f460 x2=0x202f9c50000
[call] __cxa_atexit x0=0x202f7730338 x1=0x202f9c6f4a0 x2=0x202f9c50000
[call] malloc       x0=0x20 x1=0x202f9c6f4a0 x2=0x202f9c50000
[call] __cxa_atexit x0=0x202f7730338 x1=0x202f9c6f4c0 x2=0x202f9c50000
[call] malloc       x0=0x30 x1=0x202f9c6f4c0 x2=0x202f9c50000
[call] __cxa_atexit x0=0x202f7730338 x1=0x202f9c6f4e0 x2=0x202f9c50000
[call] malloc       x0=0x30 x1=0x202f9c6f4e0 x2=0x202f9c50000
[call] __cxa_atexit x0=0x202f7730338 x1=0x202f9c6f520 x2=0x202f9c50000
[call] malloc       x0=0x20 x1=0x202f9c6f520 x2=0x202f9c50000
[call] __cxa_atexit x0=0x202f7730338 x1=0x202f9c6f540 x2=0x202f9c50000
[call] malloc       x0=0x30 x1=0x202f9c6f540 x2=0x202f9c50000
[call] __cxa_atexit x0=0x202f7730338 x1=0x202f9c6f580 x2=0x202f9c50000
[call] malloc       x0=0x20 x1=0x202f9c6f580 x2=0x202f9c50000
[call] __cxa_atexit x0=0x202f7730338 x1=0x202f9c6f5a0 x2=0x202f9c50000
[call] malloc       x0=0x30 x1=0x202f9c6f5a0 x2=0x202f9c50000
[call] __cxa_atexit x0=0x202f7730338 x1=0x202f9c6f5e0 x2=0x202f9c50000
[call] malloc       x0=0x20 x1=0x202f9c6f5e0 x2=0x202f9c50000
[call] __cxa_atexit x0=0x202f7730338 x1=0x202f9c6f600 x2=0x202f9c50000
[call] malloc       x0=0x30 x1=0x202f9c6f600 x2=0x202f9c50000
[call] __cxa_atexit x0=0x202f7730338 x1=0x202f9c6f640 x2=0x202f9c50000
[call] malloc       x0=0x20 x1=0x202f9c6f640 x2=0x202f9c50000
[call] __cxa_atexit x0=0x202f7730338 x1=0x202f9c6f660 x2=0x202f9c50000
[call] malloc       x0=0x30 x1=0x202f9c6f660 x2=0x202f9c50000
[call] __cxa_atexit x0=0x202f7730338 x1=0x202f9c6f6a0 x2=0x202f9c50000
[call] malloc       x0=0x20 x1=0x202f9c6f6a0 x2=0x202f9c50000
[call] __cxa_atexit x0=0x202f7730338 x1=0x202f9c6f6c0 x2=0x202f9c50000
[call] malloc       x0=0x38 x1=0x202f9c6f6c0 x2=0x202f9c50000
[call] malloc       x0=0x18 x1=0x202f9c6f6c0 x2=0x202f9c50000
[call] malloc       x0=0x38 x1=0x202f9c6f6c0 x2=0x202f9c50000
[call] malloc       x0=0x38 x1=0x202f9c6f6c0 x2=0x202f9c50000
[call] malloc       x0=0x38 x1=0x202f9c6f6c0 x2=0x202f9c50000
[call] malloc       x0=0x38 x1=0x202f9c6f6c0 x2=0x202f9c50000
[call] malloc       x0=0x38 x1=0x202f9c6f6c0 x2=0x202f9c50000
[call] malloc       x0=0x48 x1=0x202f9c6f6c0 x2=0x202f9c50000
[call] malloc       x0=0x38 x1=0x202f9c6f6c0 x2=0x202f9c50000
[call] malloc       x0=0x48 x1=0x202f9c6f6c0 x2=0x202f9c50000
[call] malloc       x0=0x40 x1=0x202f9c6f6c0 x2=0x202f9c50000
[call] malloc       x0=0x30 x1=0x202f9c6f6c0 x2=0x202f9c50000
[call] malloc       x0=0x38 x1=0x202f9c6f6c0 x2=0x202f9c50000
[call] malloc       x0=0x38 x1=0x202f9c6f6c0 x2=0x202f9c50000
[call] malloc       x0=0x48 x1=0x202f9c6f6c0 x2=0x202f9c50000
[call] malloc       x0=0x18 x1=0x202f9c6f6c0 x2=0x202f9c50000
[call] malloc       x0=0x8 x1=0x202f9c6f6c0 x2=0x202f9c50000
[call] malloc       x0=0x28 x1=0x202f9c6f6c0 x2=0x202f9c50000
[call] pthread_mutex_init x0=0x202f3641ab0 x1=0 x2=0x202f9c50000
[call] pthread_mutex_lock x0=0x202f3641ab0 x1=0 x2=0x202f9c50000
[call] malloc       x0=0x8 x1=0 x2=0x202f9c50000
[call] pthread_mutex_unlock x0=0x202f3641ab0 x1=0 x2=0x202f9c50000
[call] malloc       x0=0x58 x1=0 x2=0x202f9c50000
[call] malloc       x0=0x58 x1=0 x2=0x202f9c50000
[call] malloc       x0=0x78 x1=0 x2=0x202f9c50000
[call] memset       x0=0x202f1c5ee98 x1=0 x2=0x5c
[call] pthread_mutex_lock x0=0x202f3641ab0 x1=0 x2=0x5c
[call] malloc       x0=0x10 x1=0 x2=0x5c
[call] memcpy       x0=0x202f1c7f7d0 x1=0x202f1c780c0 x2=0x8
[call] free         x0=0x202f1c780c0 x1=0x202f1c780c0 x2=0x8
[call] pthread_mutex_unlock x0=0x202f3641ab0 x1=0x202f1c780c0 x2=0x8
[call] malloc       x0=0x98 x1=0x202f1c780c0 x2=0x8
[call] malloc       x0=0xc0 x1=0x202f1c780c0 x2=0x8
[call] pthread_mutex_lock x0=0x202f3641ab0 x1=0x202f1c780c0 x2=0x8
[call] malloc       x0=0x20 x1=0x202f1c780c0 x2=0x8
[call] memcpy       x0=0x202f3641ae0 x1=0x202f1c7f7d0 x2=0x10
[call] free         x0=0x202f1c7f7d0 x1=0x202f1c7f7d0 x2=0x10
[call] pthread_mutex_unlock x0=0x202f3641ab0 x1=0x202f1c7f7d0 x2=0x10
[call] malloc       x0=0x40 x1=0x202f1c7f7d0 x2=0x10
[call] pthread_mutex_lock x0=0x202f3641ab0 x1=0x202f1c7f7d0 x2=0x10
[call] pthread_mutex_unlock x0=0x202f3641ab0 x1=0x202f1c7f7d0 x2=0x10
[call] malloc       x0=0x30 x1=0x202f1c7f7d0 x2=0x10
[call] malloc       x0=0x58 x1=0x202f1c7f7d0 x2=0x10
[call] malloc       x0=0x40 x1=0x202f1c7f7d0 x2=0x10
[call] pthread_mutex_lock x0=0x202f3641ab0 x1=0x202f1c7f7d0 x2=0x10
[call] malloc       x0=0x40 x1=0x202f1c7f7d0 x2=0x10
[call] memcpy       x0=0x202f1c71b80 x1=0x202f3641ae0 x2=0x20
[call] free         x0=0x202f3641ae0 x1=0x202f3641ae0 x2=0x20
[call] pthread_mutex_unlock x0=0x202f3641ab0 x1=0x202f3641ae0 x2=0x20
[call] malloc       x0=0xb8 x1=0x202f3641ae0 x2=0x20
[call] pthread_mutex_lock x0=0x202f3641ab0 x1=0x202f3641ae0 x2=0x20
[call] pthread_mutex_unlock x0=0x202f3641ab0 x1=0x202f3641ae0 x2=0x20
[call] malloc       x0=0x58 x1=0x202f3641ae0 x2=0x20
[call] pthread_mutex_lock x0=0x202f3641ab0 x1=0x202f3641ae0 x2=0x20
[call] pthread_mutex_unlock x0=0x202f3641ab0 x1=0x202f3641ae0 x2=0x20
[call] malloc       x0=0x58 x1=0x202f3641ae0 x2=0x20
[call] malloc       x0=0x48 x1=0x202f3641ae0 x2=0x20
[call] malloc       x0=0x28 x1=0x202f3641ae0 x2=0x20
[call] malloc       x0=0x48 x1=0x202f3641ae0 x2=0x20
[call] malloc       x0=0x38 x1=0x202f3641ae0 x2=0x20
[call] malloc       x0=0x58 x1=0x202f3641ae0 x2=0x20
[call] memset       x0=0x202f3630f38 x1=0 x2=0x50
[call] malloc       x0=0x190 x1=0 x2=0x50
[call] memset       x0=0x202f1c6dc30 x1=0 x2=0x48
[call] pthread_mutex_lock x0=0x202f3641ab0 x1=0 x2=0x48
[call] pthread_mutex_unlock x0=0x202f3641ab0 x1=0 x2=0x48
[call] malloc       x0=0x40 x1=0 x2=0x48
[call] pthread_mutex_lock x0=0x202f3641ab0 x1=0 x2=0x48
[call] malloc       x0=0x80 x1=0 x2=0x48
[call] memcpy       x0=0x202f363c460 x1=0x202f1c71b80 x2=0x40
[call] free         x0=0x202f1c71b80 x1=0x202f1c71b80 x2=0x40
[call] pthread_mutex_unlock x0=0x202f3641ab0 x1=0x202f1c71b80 x2=0x40
[call] malloc       x0=0x48 x1=0x202f1c71b80 x2=0x40
[call] malloc       x0=0x60 x1=0x202f1c71b80 x2=0x40
[call] malloc       x0=0x28 x1=0x64 x2=0x202f1c64290
[call] pthread_mutex_lock x0=0x202f3641ab0 x1=0x64 x2=0x202f1c64290
[call] pthread_mutex_unlock x0=0x202f3641ab0 x1=0x64 x2=0x202f1c64290
[call] malloc       x0=0x40 x1=0x64 x2=0x202f1c64290
[call] malloc       x0=0x10 x1=0x2 x2=0x202f1c64290
[call] pthread_mutex_lock x0=0x202f3641ab0 x1=0x2 x2=0x202f1c64290
[call] pthread_mutex_unlock x0=0x202f3641ab0 x1=0x2 x2=0x202f1c64290
[call] malloc       x0=0x60 x1=0x2 x2=0x202f1c64290
[call] malloc       x0=0x40 x1=0x2 x2=0x202f1c64290
[call] malloc       x0=0x38 x1=0x2 x2=0x202f1c64290
[call] malloc       x0=0x38 x1=0x2 x2=0x202f1c64290
[call] malloc       x0=0x40 x1=0x2 x2=0x202f1c64290
[call] malloc       x0=0x58 x1=0x2 x2=0x202f1c64290
[call] malloc       x0=0x48 x1=0x2 x2=0x202f1c64290
[call] malloc       x0=0x68 x1=0x2 x2=0x202f1c64290
[call] malloc       x0=0x58 x1=0x2 x2=0x202f1c64290
[call] malloc       x0=0x38 x1=0x2 x2=0x202f1c64290
[call] malloc       x0=0x38 x1=0x2 x2=0x202f1c64290
[call] malloc       x0=0x38 x1=0x2 x2=0x202f1c64290
[call] malloc       x0=0x58 x1=0x2 x2=0x202f1c64290
[call] malloc       x0=0x40 x1=0x2 x2=0x202f1c64290
[call] malloc       x0=0x48 x1=0x2 x2=0x202f1c64290
[call] malloc       x0=0x48 x1=0x2 x2=0x202f1c64290
[call] malloc       x0=0x58 x1=0x2 x2=0x202f1c64290
[call] malloc       x0=0x40 x1=0x2 x2=0x202f1c64290
[call] malloc       x0=0x40 x1=0x2 x2=0x202f1c64290
[call] malloc       x0=0x40 x1=0x2 x2=0x202f1c64290
[call] malloc       x0=0x38 x1=0x2 x2=0x202f1c64290
[call] malloc       x0=0x40 x1=0x2 x2=0x202f1c64290
[call] malloc       x0=0x40 x1=0x2 x2=0x202f1c64290
[call] malloc       x0=0x40 x1=0x2 x2=0x202f1c64290
[call] malloc       x0=0x38 x1=0x2 x2=0x202f1c64290
[call] malloc       x0=0x40 x1=0x2 x2=0x202f1c64290
[call] malloc       x0=0x40 x1=0x2 x2=0x202f1c64290
[call] malloc       x0=0x60 x1=0x2 x2=0x202f1c64290
[call] malloc       x0=0x40 x1=0x2 x2=0x202f1c64290
[call] malloc       x0=0x50 x1=0x2 x2=0x202f1c64290
[call] memset       x0=0x202f3630c98 x1=0 x2=0x41
[call] malloc       x0=0x38 x1=0 x2=0x41
[call] malloc       x0=0x40 x1=0 x2=0x41
[call] malloc       x0=0x38 x1=0 x2=0x41
[call] malloc       x0=0x30 x1=0 x2=0x41
[call] malloc       x0=0x68 x1=0 x2=0x41
[call] malloc       x0=0x70 x1=0 x2=0x41
[call] malloc       x0=0x30 x1=0 x2=0x41
[call] malloc       x0=0x80 x1=0 x2=0x41
[call] malloc       x0=0x40 x1=0 x2=0x41
[call] malloc       x0=0x60 x1=0 x2=0x41
[call] malloc       x0=0x48 x1=0 x2=0x41
[call] malloc       x0=0x48 x1=0 x2=0x41
[call] malloc       x0=0x48 x1=0 x2=0x41
[call] malloc       x0=0x38 x1=0 x2=0x41
[call] malloc       x0=0x38 x1=0 x2=0x41
[call] malloc       x0=0x1b8 x1=0 x2=0x41
[call] malloc       x0=0x40 x1=0 x2=0x41
[call] malloc       x0=0x48 x1=0 x2=0x41
[call] malloc       x0=0x58 x1=0 x2=0x41
[call] malloc       x0=0x730 x1=0 x2=0x41
[call] malloc       x0=0x38 x1=0 x2=0x41
[call] malloc       x0=0x38 x1=0 x2=0x41
[call] malloc       x0=0x58 x1=0 x2=0x41
[call] malloc       x0=0x70 x1=0 x2=0x41
[call] malloc       x0=0x40 x1=0 x2=0x41
[call] malloc       x0=0x30 x1=0 x2=0x41
[call] malloc       x0=0x70 x1=0 x2=0x41
[call] malloc       x0=0xa8 x1=0 x2=0x41
[call] malloc       x0=0x50 x1=0 x2=0x41
[call] malloc       x0=0x30 x1=0 x2=0x41
[call] malloc       x0=0x30 x1=0 x2=0x41
[call] malloc       x0=0xa8 x1=0 x2=0x41
[call] malloc       x0=0x40 x1=0 x2=0x41
[call] malloc       x0=0x38 x1=0 x2=0x41
[call] malloc       x0=0x50 x1=0 x2=0x41
[call] malloc       x0=0x50 x1=0 x2=0x41
[call] malloc       x0=0x40 x1=0 x2=0x41
[call] malloc       x0=0x50 x1=0 x2=0x41
[call] malloc       x0=0x58 x1=0 x2=0x41
[call] malloc       x0=0x50 x1=0 x2=0x41
[call] malloc       x0=0x48 x1=0 x2=0x41
[call] malloc       x0=0x58 x1=0 x2=0x41
[call] malloc       x0=0x50 x1=0 x2=0x41
[call] malloc       x0=0x40 x1=0 x2=0x41
[call] malloc       x0=0x40 x1=0 x2=0x41
[call] malloc       x0=0x38 x1=0 x2=0x41
[call] malloc       x0=0x40 x1=0 x2=0x41
[call] malloc       x0=0x48 x1=0 x2=0x41
[call] malloc       x0=0x38 x1=0 x2=0x41
[call] malloc       x0=0x38 x1=0 x2=0x41
[call] malloc       x0=0x68 x1=0 x2=0x41
[call] malloc       x0=0x58 x1=0 x2=0x41
[call] malloc       x0=0x50 x1=0 x2=0x41
[call] malloc       x0=0x58 x1=0 x2=0x41
[call] malloc       x0=0x38 x1=0 x2=0x41
[call] malloc       x0=0x88 x1=0 x2=0x41
[call] malloc       x0=0x88 x1=0 x2=0x41
[call] malloc       x0=0x38 x1=0 x2=0x41
[call] malloc       x0=0x48 x1=0 x2=0x41
[call] malloc       x0=0xf8 x1=0 x2=0x41
[call] malloc       x0=0x30 x1=0 x2=0x41
[call] malloc       x0=0x30 x1=0 x2=0x41
[call] malloc       x0=0x38 x1=0 x2=0x41
[call] malloc       x0=0x48 x1=0 x2=0x41
[call] malloc       x0=0x48 x1=0 x2=0x41
[call] malloc       x0=0x40 x1=0 x2=0x41
[call] malloc       x0=0x50 x1=0 x2=0x41
[call] malloc       x0=0x58 x1=0 x2=0x41
[call] malloc       x0=0x48 x1=0 x2=0x41
[call] malloc       x0=0x48 x1=0 x2=0x41
[call] malloc       x0=0x70 x1=0 x2=0x41
[call] malloc       x0=0x38 x1=0 x2=0x41
[call] malloc       x0=0x60 x1=0 x2=0x41
[call] malloc       x0=0x38 x1=0 x2=0x41
[call] malloc       x0=0x50 x1=0 x2=0x41
[call] malloc       x0=0x48 x1=0 x2=0x41
[call] malloc       x0=0x30 x1=0 x2=0x41
[call] malloc       x0=0x30 x1=0 x2=0x41
[call] malloc       x0=0x38 x1=0 x2=0x41
[call] malloc       x0=0x48 x1=0 x2=0x41
[call] malloc       x0=0x70 x1=0 x2=0x41
[call] malloc       x0=0x38 x1=0 x2=0x41
[call] malloc       x0=0x48 x1=0 x2=0x41
[call] malloc       x0=0x40 x1=0 x2=0x41
[call] malloc       x0=0x40 x1=0 x2=0x41
[call] malloc       x0=0x58 x1=0 x2=0x41
[call] malloc       x0=0x48 x1=0 x2=0x41
[call] malloc       x0=0x38 x1=0 x2=0x41
[call] malloc       x0=0x98 x1=0 x2=0x41
[call] malloc       x0=0x38 x1=0 x2=0x41
[call] malloc       x0=0x60 x1=0 x2=0x41
[call] malloc       x0=0x48 x1=0 x2=0x41
[call] malloc       x0=0x60 x1=0 x2=0x41
[call] malloc       x0=0x40 x1=0 x2=0x41
[call] malloc       x0=0x50 x1=0 x2=0x41
[call] malloc       x0=0x38 x1=0 x2=0x41
[call] malloc       x0=0x88 x1=0 x2=0x41
[call] malloc       x0=0x58 x1=0 x2=0x41
[call] malloc       x0=0x98 x1=0 x2=0x41
[call] malloc       x0=0x38 x1=0 x2=0x41
[call] malloc       x0=0x88 x1=0 x2=0x41
[call] malloc       x0=0x38 x1=0 x2=0x41
[call] malloc       x0=0x48 x1=0 x2=0x41
[call] malloc       x0=0x40 x1=0 x2=0x41
[call] malloc       x0=0x48 x1=0 x2=0x41
[call] malloc       x0=0x38 x1=0 x2=0x41
[call] malloc       x0=0x50 x1=0 x2=0x41
[call] malloc       x0=0x40 x1=0x12c x2=0x202f1c645f0
[call] malloc       x0=0x40 x1=0x190 x2=0x202f3643cd0
[call] malloc       x0=0x28 x1=0x5 x2=0x202f3643cd0
[call] free         x0=0x202f1c7f4f0 x1=0x5 x2=0x202f3643cd0
[call] malloc       x0=0x40 x1=0x191 x2=0x202f3643990
[call] malloc       x0=0x40 x1=0x192 x2=0x202f3630ab0
[call] malloc       x0=0x40 x1=0x193 x2=0x202f3646970
[call] malloc       x0=0x58 x1=0xb x2=0x202f3646970
[call] free         x0=0x202f3641720 x1=0xb x2=0x202f3646970
[call] malloc       x0=0x40 x1=0x194 x2=0x202f3630c90
[call] malloc       x0=0x40 x1=0x190 x2=0x202f3630990
[call] malloc       x0=0x40 x1=0x191 x2=0x202f3647280
[call] malloc       x0=0x40 x1=0x192 x2=0x202f3643510
[call] malloc       x0=0x40 x1=0x193 x2=0x202f3643390
[call] malloc       x0=0x40 x1=0x194 x2=0x202f1c5fe50
[call] malloc       x0=0xb8 x1=0x17 x2=0x202f1c5fe50
[call] free         x0=0x202f36485b0 x1=0x17 x2=0x202f1c5fe50
[call] malloc       x0=0x40 x1=0x195 x2=0x202f3643f50
[call] malloc       x0=0x40 x1=0x196 x2=0x202f36466a0
[call] malloc       x0=0x40 x1=0x197 x2=0x202f3643490
[call] malloc       x0=0x40 x1=0x198 x2=0x202f3643890
[call] malloc       x0=0x40 x1=0x199 x2=0x202f1c5eaa0
[call] malloc       x0=0x40 x1=0x19a x2=0x202f36464c0
[call] malloc       x0=0x40 x1=0x19b x2=0x202f36302d0
[call] malloc       x0=0x40 x1=0x19c x2=0x202f3643410
[call] malloc       x0=0x40 x1=0x19d x2=0x202f3646f10
[call] malloc       x0=0x40 x1=0x19e x2=0x202f1c600a0
[call] malloc       x0=0x40 x1=0x19f x2=0x202f3646f60
[call] malloc       x0=0x40 x1=0x1a0 x2=0x202f3646fb0
[call] malloc       x0=0x178 x1=0x2f x2=0x202f3646fb0
[call] free         x0=0x202f1c67220 x1=0x2f x2=0x202f3646fb0
[call] malloc       x0=0x40 x1=0x1a1 x2=0x202f3648850
[call] malloc       x0=0x40 x1=0x1a2 x2=0x202f36442d0
[call] malloc       x0=0x40 x1=0x1a3 x2=0x202f1c6f620
[call] malloc       x0=0x40 x1=0x1a4 x2=0x202f36491e0
[call] malloc       x0=0x40 x1=0x1a5 x2=0x202f3643fd0
[call] malloc       x0=0x40 x1=0x190 x2=0x202f36469c0
[call] malloc       x0=0x40 x1=0x191 x2=0x202f3646e70
[call] malloc       x0=0x40 x1=0x192 x2=0x202f36472d0
[call] malloc       x0=0x40 x1=0x193 x2=0x202f36468d0
[call] malloc       x0=0x40 x1=0x194 x2=0x202f1c5fde0
[call] malloc       x0=0x40 x1=0x1f4 x2=0x202f3646880
[call] malloc       x0=0x40 x1=0x1f5 x2=0x202f1c5fba0
[call] malloc       x0=0x40 x1=0x1f6 x2=0x202f3646510
[call] malloc       x0=0x40 x1=0x1f4 x2=0x202f3646a10
[call] malloc       x0=0x40 x1=0xc8 x2=0x202f1c6dca0
[call] malloc       x0=0x40 x1=0xc9 x2=0x202f3630330
[call] malloc       x0=0x40 x1=0xca x2=0x202f1c5f260
[call] malloc       x0=0x40 x1=0x64 x2=0x202f3647340
[call] malloc       x0=0x40 x1=0x258 x2=0x202f3644150
[call] malloc       x0=0x40 x1=0x259 x2=0x202f3643790
[call] malloc       x0=0x40 x1=0x1f4 x2=0x202f1c5fa00
[call] malloc       x0=0x40 x1=0x1f5 x2=0x202f3630e10
[call] malloc       x0=0x40 x1=0x1f6 x2=0x202f3643650
[call] malloc       x0=0x40 x1=0x1f7 x2=0x202f3643750
[call] malloc       x0=0x308 x1=0x61 x2=0x202f3643750
[call] free         x0=0x202f361bb10 x1=0x61 x2=0x202f3643750
[call] malloc       x0=0x40 x1=0x64 x2=0x202f363dae0
[call] pthread_mutex_lock x0=0x202f3641ab0 x1=0x64 x2=0x202f363dae0
[call] pthread_mutex_unlock x0=0x202f3641ab0 x1=0x64 x2=0x202f363dae0
[call] malloc       x0=0x30 x1=0x64 x2=0x202f363dae0
[call] __cxa_atexit x0=0x202f7730338 x1=0x202f9c6f700 x2=0x202f9c50000
[call] malloc       x0=0x20 x1=0x202f9c6f700 x2=0x202f9c50000
[call] __cxa_atexit x0=0x202f7730338 x1=0x202f9c6f720 x2=0x202f9c50000
[call] malloc       x0=0x30 x1=0x202f9c6f720 x2=0x202f9c50000
[call] __cxa_atexit x0=0x202f7730338 x1=0x202f9c6f760 x2=0x202f9c50000
[call] malloc       x0=0x20 x1=0x202f9c6f760 x2=0x202f9c50000
[call] __cxa_atexit x0=0x202f7730338 x1=0x202f9c6f780 x2=0x202f9c50000
[call] __cxa_atexit x0=0x202f7730338 x1=0x202f9c9f828 x2=0x202f9c50000
[call] __cxa_atexit x0=0x202f7730338 x1=0x202f9c9f840 x2=0x202f9c50000
[call] __cxa_atexit x0=0x202f7730338 x1=0x202f9c9f858 x2=0x202f9c50000
[call] __cxa_atexit x0=0x202f7730338 x1=0x202f9c9f870 x2=0x202f9c50000
[call] __cxa_atexit x0=0x202f7730338 x1=0x202f9c9f888 x2=0x202f9c50000
[call] __cxa_atexit x0=0x202f7730338 x1=0x202f9c9f8a0 x2=0x202f9c50000
[call] __cxa_atexit x0=0x202f7730338 x1=0x202f9c9f8b8 x2=0x202f9c50000
[call] malloc       x0=0x20 x1=0x202f9c9f8b8 x2=0x202f9c50000
[call] __cxa_atexit x0=0x202f7730338 x1=0x202f9c6f7a0 x2=0x202f9c50000
[call] malloc       x0=0x20 x1=0x202f9c6f7a0 x2=0x202f9c50000
[call] __cxa_atexit x0=0x202f7730338 x1=0x202f9c6f7c0 x2=0x202f9c50000
[call] __cxa_atexit x0=0x202f7730338 x1=0x202f9c9f8d0 x2=0x202f9c50000
[call] malloc       x0=0x30 x1=0x202f9c9f8d0 x2=0x202f9c50000
[call] __cxa_atexit x0=0x202f7730338 x1=0x202f9c6f800 x2=0x202f9c50000
[call] malloc       x0=0x20 x1=0x202f9c6f800 x2=0x202f9c50000
[call] __cxa_atexit x0=0x202f7730338 x1=0x202f9c6f820 x2=0x202f9c50000
[call] malloc       x0=0x30 x1=0x202f9c6f820 x2=0x202f9c50000
[call] __cxa_atexit x0=0x202f7730338 x1=0x202f9c6f860 x2=0x202f9c50000
[call] malloc       x0=0x20 x1=0x202f9c6f860 x2=0x202f9c50000
[call] __cxa_atexit x0=0x202f7730338 x1=0x202f9c6f880 x2=0x202f9c50000
[call] malloc       x0=0x30 x1=0x202f9c6f880 x2=0x202f9c50000
[call] __cxa_atexit x0=0x202f7730338 x1=0x202f9c6f8c0 x2=0x202f9c50000
[call] malloc       x0=0x20 x1=0x202f9c6f8c0 x2=0x202f9c50000
[call] __cxa_atexit x0=0x202f7730338 x1=0x202f9c6f8e0 x2=0x202f9c50000
[call] malloc       x0=0x30 x1=0x202f9c6f8e0 x2=0x202f9c50000
[call] __cxa_atexit x0=0x202f7730338 x1=0x202f9c6f920 x2=0x202f9c50000
[call] malloc       x0=0x20 x1=0x202f9c6f920 x2=0x202f9c50000
[call] __cxa_atexit x0=0x202f7730338 x1=0x202f9c6f940 x2=0x202f9c50000
[call] malloc       x0=0x30 x1=0x202f9c6f940 x2=0x202f9c50000
[call] __cxa_atexit x0=0x202f7730338 x1=0x202f9c6f980 x2=0x202f9c50000
[call] malloc       x0=0x20 x1=0x202f9c6f980 x2=0x202f9c50000
[call] __cxa_atexit x0=0x202f7730338 x1=0x202f9c6f9a0 x2=0x202f9c50000
[call] malloc       x0=0x30 x1=0x202f9c6f9a0 x2=0x202f9c50000
[call] __cxa_atexit x0=0x202f7730338 x1=0x202f9c6f9e0 x2=0x202f9c50000
[call] malloc       x0=0x20 x1=0x202f9c6f9e0 x2=0x202f9c50000
[call] __cxa_atexit x0=0x202f7730338 x1=0x202f9c6fa00 x2=0x202f9c50000
[call] malloc       x0=0x30 x1=0x202f9c6fa00 x2=0x202f9c50000
[call] __cxa_atexit x0=0x202f7730338 x1=0x202f9c6fa40 x2=0x202f9c50000
[call] malloc       x0=0x20 x1=0x202f9c6fa40 x2=0x202f9c50000
[call] __cxa_atexit x0=0x202f7730338 x1=0x202f9c6fa60 x2=0x202f9c50000
[call] __cxa_atexit x0=0x202f7730338 x1=0x202f9c9f8e8 x2=0x202f9c50000
[call] malloc       x0=0x30 x1=0x202f9c9f8e8 x2=0x202f9c50000
[call] __cxa_atexit x0=0x202f7730338 x1=0x202f9c6faa0 x2=0x202f9c50000
[call] malloc       x0=0x20 x1=0x202f9c6faa0 x2=0x202f9c50000
[call] __cxa_atexit x0=0x202f7730338 x1=0x202f9c6fac0 x2=0x202f9c50000
[call] malloc       x0=0x30 x1=0x202f9c6fac0 x2=0x202f9c50000
[call] __cxa_atexit x0=0x202f7730338 x1=0x202f9c6fb00 x2=0x202f9c50000
[call] malloc       x0=0x20 x1=0x202f9c6fb00 x2=0x202f9c50000
[call] __cxa_atexit x0=0x202f7730338 x1=0x202f9c6fb20 x2=0x202f9c50000
[call] malloc       x0=0x30 x1=0x202f9c6fb20 x2=0x202f9c50000
[call] __cxa_atexit x0=0x202f7730338 x1=0x202f9c6fb60 x2=0x202f9c50000
[call] malloc       x0=0x20 x1=0x202f9c6fb60 x2=0x202f9c50000
[call] __cxa_atexit x0=0x202f7730338 x1=0x202f9c6fb80 x2=0x202f9c50000
[call] malloc       x0=0x30 x1=0x202f9c6fb80 x2=0x202f9c50000
[call] __cxa_atexit x0=0x202f7730338 x1=0x202f9c6fbc0 x2=0x202f9c50000
[call] malloc       x0=0x20 x1=0x202f9c6fbc0 x2=0x202f9c50000
[call] __cxa_atexit x0=0x202f7730338 x1=0x202f9c6fbe0 x2=0x202f9c50000
[call] __cxa_atexit x0=0x202f8a3e660 x1=0x202f9c9f930 x2=0x202f9c50000
[call] malloc       x0=0x30 x1=0x202f9c9f930 x2=0x202f9c50000
[call] __cxa_atexit x0=0x202f7730338 x1=0x202f9c6fc20 x2=0x202f9c50000
[call] malloc       x0=0x20 x1=0x202f9c6fc20 x2=0x202f9c50000
[call] __cxa_atexit x0=0x202f7730338 x1=0x202f9c6fc40 x2=0x202f9c50000
[call] __cxa_atexit x0=0x202f7730338 x1=0x202f9c9f948 x2=0x202f9c50000
[call] __cxa_atexit x0=0x202f7730338 x1=0x202f9c9f960 x2=0x202f9c50000
[call] malloc       x0=0x30 x1=0x202f9c9f960 x2=0x202f9c50000
[call] __cxa_atexit x0=0x202f7730338 x1=0x202f9c6fc80 x2=0x202f9c50000
[call] malloc       x0=0x20 x1=0x202f9c6fc80 x2=0x202f9c50000
[call] __cxa_atexit x0=0x202f7730338 x1=0x202f9c6fca0 x2=0x202f9c50000
[call] malloc       x0=0x30 x1=0x202f9c6fca0 x2=0x202f9c50000
[call] __cxa_atexit x0=0x202f7730338 x1=0x202f9c6fce0 x2=0x202f9c50000
[call] malloc       x0=0x20 x1=0x202f9c6fce0 x2=0x202f9c50000
[call] __cxa_atexit x0=0x202f7730338 x1=0x202f9c6fd00 x2=0x202f9c50000
[call] malloc       x0=0x30 x1=0x202f9c6fd00 x2=0x202f9c50000
[call] __cxa_atexit x0=0x202f7730338 x1=0x202f9c6fd40 x2=0x202f9c50000
[call] malloc       x0=0x20 x1=0x202f9c6fd40 x2=0x202f9c50000
[call] __cxa_atexit x0=0x202f7730338 x1=0x202f9c6fd60 x2=0x202f9c50000
[call] malloc       x0=0x30 x1=0x202f9c6fd60 x2=0x202f9c50000
[call] __cxa_atexit x0=0x202f7730338 x1=0x202f9c6fda0 x2=0x202f9c50000
[call] malloc       x0=0x20 x1=0x202f9c6fda0 x2=0x202f9c50000
[call] __cxa_atexit x0=0x202f7730338 x1=0x202f9c6fdc0 x2=0x202f9c50000
[call] malloc       x0=0x30 x1=0x202f9c6fdc0 x2=0x202f9c50000
[call] __cxa_atexit x0=0x202f7730338 x1=0x202f9c6fe00 x2=0x202f9c50000
[call] malloc       x0=0x20 x1=0x202f9c6fe00 x2=0x202f9c50000
[call] __cxa_atexit x0=0x202f7730338 x1=0x202f9c6fe20 x2=0x202f9c50000
[call] __cxa_atexit x0=0x202f7739ce4 x1=0x202f9c6fe40 x2=0x202f9c50000
[call] malloc       x0=0x30 x1=0x202f9c6fe40 x2=0x202f9c50000
[call] __cxa_atexit x0=0x202f7730338 x1=0x202f9c6fe90 x2=0x202f9c50000
[call] malloc       x0=0x20 x1=0x202f9c6fe90 x2=0x202f9c50000
[call] __cxa_atexit x0=0x202f7730338 x1=0x202f9c6feb0 x2=0x202f9c50000
[call] malloc       x0=0x30 x1=0x202f9c6feb0 x2=0x202f9c50000
[call] __cxa_atexit x0=0x202f7730338 x1=0x202f9c6fef0 x2=0x202f9c50000
[call] malloc       x0=0x20 x1=0x202f9c6fef0 x2=0x202f9c50000
[call] __cxa_atexit x0=0x202f7730338 x1=0x202f9c6ff10 x2=0x202f9c50000
[call] malloc       x0=0x30 x1=0x202f9c6ff10 x2=0x202f9c50000
[call] __cxa_atexit x0=0x202f7730338 x1=0x202f9c6ff50 x2=0x202f9c50000
[call] malloc       x0=0x20 x1=0x202f9c6ff50 x2=0x202f9c50000
[call] __cxa_atexit x0=0x202f7730338 x1=0x202f9c6ff70 x2=0x202f9c50000
[call] __cxa_atexit x0=0x202f7730338 x1=0x202f9c9f990 x2=0x202f9c50000
[call] __cxa_atexit x0=0x202f7730338 x1=0x202f9c9f9a8 x2=0x202f9c50000
[call] __cxa_atexit x0=0x202f7730338 x1=0x202f9c9f9c0 x2=0x202f9c50000
[call] __cxa_atexit x0=0x202f7730338 x1=0x202f9c9f9d8 x2=0x202f9c50000
[call] malloc       x0=0x30 x1=0x202f9c9f9d8 x2=0x202f9c50000
[call] __cxa_atexit x0=0x202f7730338 x1=0x202f9c6ffb0 x2=0x202f9c50000
[call] malloc       x0=0x20 x1=0x202f9c6ffb0 x2=0x202f9c50000
[call] __cxa_atexit x0=0x202f7730338 x1=0x202f9c6ffd0 x2=0x202f9c50000
[call] malloc       x0=0x30 x1=0x202f9c6ffd0 x2=0x202f9c50000
[call] __cxa_atexit x0=0x202f7730338 x1=0x202f9c70010 x2=0x202f9c50000
[call] malloc       x0=0x20 x1=0x202f9c70010 x2=0x202f9c50000
[call] __cxa_atexit x0=0x202f7730338 x1=0x202f9c70030 x2=0x202f9c50000
[call] malloc       x0=0x30 x1=0x202f9c70030 x2=0x202f9c50000
[call] __cxa_atexit x0=0x202f7730338 x1=0x202f9c70070 x2=0x202f9c50000
[call] malloc       x0=0x20 x1=0x202f9c70070 x2=0x202f9c50000
[call] __cxa_atexit x0=0x202f7730338 x1=0x202f9c70090 x2=0x202f9c50000
[call] malloc       x0=0x30 x1=0x202f9c70090 x2=0x202f9c50000
[call] __cxa_atexit x0=0x202f7730338 x1=0x202f9c700d0 x2=0x202f9c50000
[call] malloc       x0=0x20 x1=0x202f9c700d0 x2=0x202f9c50000
[call] __cxa_atexit x0=0x202f7730338 x1=0x202f9c700f0 x2=0x202f9c50000
[call] __cxa_atexit x0=0x202f7730338 x1=0x202f9c9f9f0 x2=0x202f9c50000
[call] __cxa_atexit x0=0x202f7730338 x1=0x202f9c9fa08 x2=0x202f9c50000
[call] __cxa_atexit x0=0x202f7730338 x1=0x202f9c9fa20 x2=0x202f9c50000
[call] __cxa_atexit x0=0x202f7730338 x1=0x202f9c9fa38 x2=0x202f9c50000
[call] __cxa_atexit x0=0x202f7730338 x1=0x202f9c9fa50 x2=0x202f9c50000
[call] __cxa_atexit x0=0x202f7730338 x1=0x202f9c9fa68 x2=0x202f9c50000
[call] malloc       x0=0x30 x1=0x202f9c9fa68 x2=0x202f9c50000
[call] __cxa_atexit x0=0x202f7730338 x1=0x202f9c70140 x2=0x202f9c50000
[call] malloc       x0=0x20 x1=0x202f9c70140 x2=0x202f9c50000
[call] __cxa_atexit x0=0x202f7730338 x1=0x202f9c70160 x2=0x202f9c50000
[call] malloc       x0=0x30 x1=0x202f9c70160 x2=0x202f9c50000
[call] __cxa_atexit x0=0x202f7730338 x1=0x202f9c701a0 x2=0x202f9c50000
[call] malloc       x0=0x20 x1=0x202f9c701a0 x2=0x202f9c50000
[call] __cxa_atexit x0=0x202f7730338 x1=0x202f9c701c0 x2=0x202f9c50000
[call] malloc       x0=0x30 x1=0x202f9c701c0 x2=0x202f9c50000
[call] __cxa_atexit x0=0x202f7730338 x1=0x202f9c70200 x2=0x202f9c50000
[call] malloc       x0=0x20 x1=0x202f9c70200 x2=0x202f9c50000
[call] __cxa_atexit x0=0x202f7730338 x1=0x202f9c70220 x2=0x202f9c50000
[call] malloc       x0=0x30 x1=0x202f9c70220 x2=0x202f9c50000
[call] __cxa_atexit x0=0x202f7730338 x1=0x202f9c70260 x2=0x202f9c50000
[call] malloc       x0=0x20 x1=0x202f9c70260 x2=0x202f9c50000
[call] __cxa_atexit x0=0x202f7730338 x1=0x202f9c70280 x2=0x202f9c50000
[call] malloc       x0=0x30 x1=0x202f9c70280 x2=0x202f9c50000
[call] __cxa_atexit x0=0x202f7730338 x1=0x202f9c702c0 x2=0x202f9c50000
[call] malloc       x0=0x20 x1=0x202f9c702c0 x2=0x202f9c50000
[call] __cxa_atexit x0=0x202f7730338 x1=0x202f9c702e0 x2=0x202f9c50000
[call] malloc       x0=0x30 x1=0x202f9c702e0 x2=0x202f9c50000
[call] __cxa_atexit x0=0x202f7730338 x1=0x202f9c70320 x2=0x202f9c50000
[call] malloc       x0=0x20 x1=0x202f9c70320 x2=0x202f9c50000
[call] __cxa_atexit x0=0x202f7730338 x1=0x202f9c70340 x2=0x202f9c50000
[call] malloc       x0=0x30 x1=0x202f9c70340 x2=0x202f9c50000
[call] __cxa_atexit x0=0x202f7730338 x1=0x202f9c70380 x2=0x202f9c50000
[call] malloc       x0=0x20 x1=0x202f9c70380 x2=0x202f9c50000
[call] __cxa_atexit x0=0x202f7730338 x1=0x202f9c703a0 x2=0x202f9c50000
[call] malloc       x0=0x30 x1=0x202f9c703a0 x2=0x202f9c50000
[call] __cxa_atexit x0=0x202f7730338 x1=0x202f9c703e0 x2=0x202f9c50000
[call] malloc       x0=0x20 x1=0x202f9c703e0 x2=0x202f9c50000
[call] __cxa_atexit x0=0x202f7730338 x1=0x202f9c70400 x2=0x202f9c50000
[call] malloc       x0=0x30 x1=0x202f9c70400 x2=0x202f9c50000
[call] __cxa_atexit x0=0x202f7730338 x1=0x202f9c70440 x2=0x202f9c50000
[call] malloc       x0=0x20 x1=0x202f9c70440 x2=0x202f9c50000
[call] __cxa_atexit x0=0x202f7730338 x1=0x202f9c70460 x2=0x202f9c50000
[call] malloc       x0=0x30 x1=0x202f9c70460 x2=0x202f9c50000
[call] __cxa_atexit x0=0x202f7730338 x1=0x202f9c704a0 x2=0x202f9c50000
[call] malloc       x0=0x20 x1=0x202f9c704a0 x2=0x202f9c50000
[call] __cxa_atexit x0=0x202f7730338 x1=0x202f9c704c0 x2=0x202f9c50000
[call] malloc       x0=0x30 x1=0x202f9c704c0 x2=0x202f9c50000
[call] __cxa_atexit x0=0x202f7730338 x1=0x202f9c70500 x2=0x202f9c50000
[call] malloc       x0=0x20 x1=0x202f9c70500 x2=0x202f9c50000
[call] __cxa_atexit x0=0x202f7730338 x1=0x202f9c70520 x2=0x202f9c50000
[call] malloc       x0=0x30 x1=0x202f9c70520 x2=0x202f9c50000
[call] __cxa_atexit x0=0x202f7730338 x1=0x202f9c70560 x2=0x202f9c50000
[call] malloc       x0=0x20 x1=0x202f9c70560 x2=0x202f9c50000
[call] __cxa_atexit x0=0x202f7730338 x1=0x202f9c70580 x2=0x202f9c50000
[call] malloc       x0=0x30 x1=0x202f9c70580 x2=0x202f9c50000
[call] __cxa_atexit x0=0x202f7730338 x1=0x202f9c705c0 x2=0x202f9c50000
[call] malloc       x0=0x20 x1=0x202f9c705c0 x2=0x202f9c50000
[call] __cxa_atexit x0=0x202f7730338 x1=0x202f9c705e0 x2=0x202f9c50000
[call] __cxa_atexit x0=0x202f8a62ddc x1=0x202f9c8aae0 x2=0x202f9c50000
[call] malloc       x0=0x30 x1=0x202f9c8aae0 x2=0x202f9c50000
[call] __cxa_atexit x0=0x202f7730338 x1=0x202f9c70620 x2=0x202f9c50000
[call] malloc       x0=0x20 x1=0x202f9c70620 x2=0x202f9c50000
[call] __cxa_atexit x0=0x202f7730338 x1=0x202f9c70640 x2=0x202f9c50000
[call] malloc       x0=0x30 x1=0x202f9c70640 x2=0x202f9c50000
[call] __cxa_atexit x0=0x202f7730338 x1=0x202f9c70680 x2=0x202f9c50000
[call] malloc       x0=0x20 x1=0x202f9c70680 x2=0x202f9c50000
[call] __cxa_atexit x0=0x202f7730338 x1=0x202f9c706a0 x2=0x202f9c50000
[call] malloc       x0=0x30 x1=0x202f9c706a0 x2=0x202f9c50000
[call] __cxa_atexit x0=0x202f7730338 x1=0x202f9c706c0 x2=0x202f9c50000
[call] malloc       x0=0x30 x1=0x202f9c706c0 x2=0x202f9c50000
[call] __cxa_atexit x0=0x202f7730338 x1=0x202f9c706e0 x2=0x202f9c50000
[call] malloc       x0=0x30 x1=0x202f9c706e0 x2=0x202f9c50000
[call] __cxa_atexit x0=0x202f7730338 x1=0x202f9c70720 x2=0x202f9c50000
[call] malloc       x0=0x20 x1=0x202f9c70720 x2=0x202f9c50000
[call] __cxa_atexit x0=0x202f7730338 x1=0x202f9c70740 x2=0x202f9c50000
[call] malloc       x0=0x30 x1=0x202f9c70740 x2=0x202f9c50000
[call] __cxa_atexit x0=0x202f7730338 x1=0x202f9c70780 x2=0x202f9c50000
[call] malloc       x0=0x20 x1=0x202f9c70780 x2=0x202f9c50000
[call] __cxa_atexit x0=0x202f7730338 x1=0x202f9c707a0 x2=0x202f9c50000
[call] malloc       x0=0x30 x1=0x202f9c707a0 x2=0x202f9c50000
[call] __cxa_atexit x0=0x202f7730338 x1=0x202f9c707e0 x2=0x202f9c50000
[call] malloc       x0=0x20 x1=0x202f9c707e0 x2=0x202f9c50000
[call] __cxa_atexit x0=0x202f7730338 x1=0x202f9c70800 x2=0x202f9c50000
[call] malloc       x0=0x30 x1=0x202f9c70800 x2=0x202f9c50000
[call] __cxa_atexit x0=0x202f7730338 x1=0x202f9c70840 x2=0x202f9c50000
[call] malloc       x0=0x20 x1=0x202f9c70840 x2=0x202f9c50000
[call] __cxa_atexit x0=0x202f7730338 x1=0x202f9c70860 x2=0x202f9c50000
[call] malloc       x0=0x30 x1=0x202f9c70860 x2=0x202f9c50000
[call] __cxa_atexit x0=0x202f7730338 x1=0x202f9c70880 x2=0x202f9c50000
[call] malloc       x0=0x30 x1=0x202f9c70880 x2=0x202f9c50000
[call] __cxa_atexit x0=0x202f7730338 x1=0x202f9c708c0 x2=0x202f9c50000
[call] malloc       x0=0x20 x1=0x202f9c708c0 x2=0x202f9c50000
[call] __cxa_atexit x0=0x202f7730338 x1=0x202f9c708e0 x2=0x202f9c50000
[call] malloc       x0=0x30 x1=0x202f9c708e0 x2=0x202f9c50000
[call] __cxa_atexit x0=0x202f7730338 x1=0x202f9c70900 x2=0x202f9c50000
[call] malloc       x0=0x30 x1=0x202f9c70900 x2=0x202f9c50000
[call] __cxa_atexit x0=0x202f7730338 x1=0x202f9c70940 x2=0x202f9c50000
[call] malloc       x0=0x20 x1=0x202f9c70940 x2=0x202f9c50000
[call] __cxa_atexit x0=0x202f7730338 x1=0x202f9c70960 x2=0x202f9c50000
[call] malloc       x0=0x30 x1=0x202f9c70960 x2=0x202f9c50000
[call] __cxa_atexit x0=0x202f7730338 x1=0x202f9c709a0 x2=0x202f9c50000
[call] malloc       x0=0x20 x1=0x202f9c709a0 x2=0x202f9c50000
[call] __cxa_atexit x0=0x202f7730338 x1=0x202f9c709c0 x2=0x202f9c50000
[call] malloc       x0=0x30 x1=0x202f9c709c0 x2=0x202f9c50000
[call] __cxa_atexit x0=0x202f7730338 x1=0x202f9c70a00 x2=0x202f9c50000
[call] malloc       x0=0x20 x1=0x202f9c70a00 x2=0x202f9c50000
[call] __cxa_atexit x0=0x202f7730338 x1=0x202f9c70a20 x2=0x202f9c50000
[call] malloc       x0=0x30 x1=0x202f9c70a20 x2=0x202f9c50000
[call] __cxa_atexit x0=0x202f7730338 x1=0x202f9c70a60 x2=0x202f9c50000
[call] malloc       x0=0x20 x1=0x202f9c70a60 x2=0x202f9c50000
[call] __cxa_atexit x0=0x202f7730338 x1=0x202f9c70a80 x2=0x202f9c50000
[call] malloc       x0=0x30 x1=0x202f9c70a80 x2=0x202f9c50000
[call] __cxa_atexit x0=0x202f7730338 x1=0x202f9c70ac0 x2=0x202f9c50000
[call] malloc       x0=0x20 x1=0x202f9c70ac0 x2=0x202f9c50000
[call] __cxa_atexit x0=0x202f7730338 x1=0x202f9c70ae0 x2=0x202f9c50000
[call] malloc       x0=0x30 x1=0x202f9c70ae0 x2=0x202f9c50000
[call] __cxa_atexit x0=0x202f7730338 x1=0x202f9c70b20 x2=0x202f9c50000
[call] malloc       x0=0x20 x1=0x202f9c70b20 x2=0x202f9c50000
[call] __cxa_atexit x0=0x202f7730338 x1=0x202f9c70b40 x2=0x202f9c50000
[call] malloc       x0=0x30 x1=0x202f9c70b40 x2=0x202f9c50000
[call] __cxa_atexit x0=0x202f7730338 x1=0x202f9c70b60 x2=0x202f9c50000
[call] malloc       x0=0x30 x1=0x202f9c70b60 x2=0x202f9c50000
[call] __cxa_atexit x0=0x202f7730338 x1=0x202f9c70b80 x2=0x202f9c50000
[call] malloc       x0=0x30 x1=0x202f9c70b80 x2=0x202f9c50000
[call] __cxa_atexit x0=0x202f7730338 x1=0x202f9c70ba0 x2=0x202f9c50000
[call] malloc       x0=0x30 x1=0x202f9c70ba0 x2=0x202f9c50000
[call] __cxa_atexit x0=0x202f7730338 x1=0x202f9c70c00 x2=0x202f9c50000
[call] malloc       x0=0x20 x1=0x202f9c70c00 x2=0x202f9c50000
[call] __cxa_atexit x0=0x202f7730338 x1=0x202f9c70c20 x2=0x202f9c50000
[call] malloc       x0=0x30 x1=0x202f9c70c20 x2=0x202f9c50000
[call] __cxa_atexit x0=0x202f7730338 x1=0x202f9c70c60 x2=0x202f9c50000
[call] malloc       x0=0x20 x1=0x202f9c70c60 x2=0x202f9c50000
[call] __cxa_atexit x0=0x202f7730338 x1=0x202f9c70c80 x2=0x202f9c50000
[call] __cxa_atexit x0=0x202f8a7c6b0 x1=0x202f9c9fab0 x2=0x202f9c50000
[call] __cxa_atexit x0=0x202f7730338 x1=0x202f9c9fac8 x2=0x202f9c50000
[call] __cxa_atexit x0=0x202f7730338 x1=0x202f9c9fae0 x2=0x202f9c50000
[call] __cxa_atexit x0=0x202f7730338 x1=0x202f9c9faf8 x2=0x202f9c50000
[call] __cxa_atexit x0=0x202f7730338 x1=0x202f9c9fb10 x2=0x202f9c50000
[call] __cxa_atexit x0=0x202f7730338 x1=0x202f9c9fb28 x2=0x202f9c50000
[call] malloc       x0=0x20 x1=0x202f9c9fb28 x2=0x202f9c50000
[call] __cxa_atexit x0=0x202f7730338 x1=0x202f9c70ca0 x2=0x202f9c50000
[call] __cxa_atexit x0=0x202f7730338 x1=0x202f9c9fb40 x2=0x202f9c50000
[call] __cxa_atexit x0=0x202f7730338 x1=0x202f9c9fb58 x2=0x202f9c50000
[call] malloc       x0=0x20 x1=0x202f9c9fb58 x2=0x202f9c50000
[call] __cxa_atexit x0=0x202f7730338 x1=0x202f9c70cc0 x2=0x202f9c50000
[call] __cxa_atexit x0=0x202f7730338 x1=0x202f9c9fb70 x2=0x202f9c50000
[call] __cxa_atexit x0=0x202f7730338 x1=0x202f9c9fb88 x2=0x202f9c50000
[call] __cxa_atexit x0=0x202f7730338 x1=0x202f9c9fba0 x2=0x202f9c50000
[call] __cxa_atexit x0=0x202f7730338 x1=0x202f9c9fbb8 x2=0x202f9c50000
[call] malloc       x0=0x30 x1=0x202f9c9fbb8 x2=0x202f9c50000
[call] __cxa_atexit x0=0x202f7730338 x1=0x202f9c70d00 x2=0x202f9c50000
[call] malloc       x0=0x20 x1=0x202f9c70d00 x2=0x202f9c50000
[call] __cxa_atexit x0=0x202f7730338 x1=0x202f9c70d20 x2=0x202f9c50000
[call] malloc       x0=0x30 x1=0x202f9c70d20 x2=0x202f9c50000
[call] __cxa_atexit x0=0x202f7730338 x1=0x202f9c70d60 x2=0x202f9c50000
[call] malloc       x0=0x20 x1=0x202f9c70d60 x2=0x202f9c50000
[call] __cxa_atexit x0=0x202f7730338 x1=0x202f9c70d80 x2=0x202f9c50000
[call] __cxa_atexit x0=0x202f7739ce4 x1=0x202f9c70da0 x2=0x202f9c50000
[call] malloc       x0=0x30 x1=0x202f9c70da0 x2=0x202f9c50000
[call] __cxa_atexit x0=0x202f7730338 x1=0x202f9c71020 x2=0x202f9c50000
[call] malloc       x0=0x20 x1=0x202f9c71020 x2=0x202f9c50000
[call] __cxa_atexit x0=0x202f7730338 x1=0x202f9c71040 x2=0x202f9c50000
[call] malloc       x0=0x68 x1=0x202f9c71040 x2=0x202f9c50000
[call] malloc       x0=0x20 x1=0x202f9c71040 x2=0x202f9c50000
[call] __cxa_atexit x0=0x202f8cde9d0 x1=0x202f9c89b98 x2=0x202f9c50000
[call] malloc       x0=0x30 x1=0x202f9c89b98 x2=0x202f9c50000
[call] __cxa_atexit x0=0x202f7730338 x1=0x202f9c71080 x2=0x202f9c50000
[call] malloc       x0=0x20 x1=0x202f9c71080 x2=0x202f9c50000
[call] __cxa_atexit x0=0x202f7730338 x1=0x202f9c710a0 x2=0x202f9c50000
[call] malloc       x0=0x30 x1=0x202f9c710a0 x2=0x202f9c50000
[call] __cxa_atexit x0=0x202f7730338 x1=0x202f9c710e0 x2=0x202f9c50000
[call] malloc       x0=0x20 x1=0x202f9c710e0 x2=0x202f9c50000
[call] __cxa_atexit x0=0x202f7730338 x1=0x202f9c71100 x2=0x202f9c50000
[call] __cxa_atexit x0=0x202f7730338 x1=0x202f9c9fbd0 x2=0x202f9c50000
[call] malloc       x0=0x30 x1=0x202f9c9fbd0 x2=0x202f9c50000
[call] __cxa_atexit x0=0x202f7730338 x1=0x202f9c71140 x2=0x202f9c50000
[call] malloc       x0=0x20 x1=0x202f9c71140 x2=0x202f9c50000
[call] __cxa_atexit x0=0x202f7730338 x1=0x202f9c71160 x2=0x202f9c50000
[call] __cxa_atexit x0=0x202f7730338 x1=0x202f9c9fbe8 x2=0x202f9c50000
[call] __cxa_atexit x0=0x202f7730338 x1=0x202f9c9fc00 x2=0x202f9c50000
[call] __cxa_atexit x0=0x202f7730338 x1=0x202f9c9fc18 x2=0x202f9c50000
[call] __cxa_atexit x0=0x202f7730338 x1=0x202f9c9fc30 x2=0x202f9c50000
[call] __cxa_atexit x0=0x202f7730338 x1=0x202f9c9fc48 x2=0x202f9c50000
[call] __cxa_atexit x0=0x202f7730338 x1=0x202f9c9fc60 x2=0x202f9c50000
[call] __cxa_atexit x0=0x202f7730338 x1=0x202f9c9fc78 x2=0x202f9c50000
[call] __cxa_atexit x0=0x202f7730338 x1=0x202f9c9fc90 x2=0x202f9c50000
[call] __cxa_atexit x0=0x202f7730338 x1=0x202f9c9fca8 x2=0x202f9c50000
[call] __cxa_atexit x0=0x202f7730338 x1=0x202f9c9fcc0 x2=0x202f9c50000
[call] __cxa_atexit x0=0x202f7730338 x1=0x202f9c9fcd8 x2=0x202f9c50000
[call] __cxa_atexit x0=0x202f7730338 x1=0x202f9c9fcf0 x2=0x202f9c50000
[call] __cxa_atexit x0=0x202f7730338 x1=0x202f9c9fd08 x2=0x202f9c50000
[call] __cxa_atexit x0=0x202f7730338 x1=0x202f9c9fd20 x2=0x202f9c50000
[call] __cxa_atexit x0=0x202f7730338 x1=0x202f9c9fd38 x2=0x202f9c50000
[call] __cxa_atexit x0=0x202f7730338 x1=0x202f9c9fd50 x2=0x202f9c50000
[call] __cxa_atexit x0=0x202f7730338 x1=0x202f9c9fd68 x2=0x202f9c50000
[call] __cxa_atexit x0=0x202f7730338 x1=0x202f9c9fd80 x2=0x202f9c50000
[call] __cxa_atexit x0=0x202f7730338 x1=0x202f9c9fd98 x2=0x202f9c50000
[call] __cxa_atexit x0=0x202f7730338 x1=0x202f9c9fdb0 x2=0x202f9c50000
[call] __cxa_atexit x0=0x202f7730338 x1=0x202f9c9fdc8 x2=0x202f9c50000
[call] __cxa_atexit x0=0x202f7730338 x1=0x202f9c9fde0 x2=0x202f9c50000
[call] __cxa_atexit x0=0x202f7730338 x1=0x202f9c9fdf8 x2=0x202f9c50000
[call] __cxa_atexit x0=0x202f7730338 x1=0x202f9c9fe10 x2=0x202f9c50000
[call] __cxa_atexit x0=0x202f7730338 x1=0x202f9c9fe28 x2=0x202f9c50000
[call] __cxa_atexit x0=0x202f7730338 x1=0x202f9c9fe40 x2=0x202f9c50000
[call] __cxa_atexit x0=0x202f7730338 x1=0x202f9c9fe58 x2=0x202f9c50000
[call] __cxa_atexit x0=0x202f7730338 x1=0x202f9c9fe70 x2=0x202f9c50000
[call] __cxa_atexit x0=0x202f7730338 x1=0x202f9c9fe88 x2=0x202f9c50000
[call] __cxa_atexit x0=0x202f7730338 x1=0x202f9c9fea0 x2=0x202f9c50000
[call] malloc       x0=0x30 x1=0x202f9c9fea0 x2=0x202f9c50000
[call] __cxa_atexit x0=0x202f7730338 x1=0x202f9c711a0 x2=0x202f9c50000
[call] malloc       x0=0x20 x1=0x202f9c711a0 x2=0x202f9c50000
[call] __cxa_atexit x0=0x202f7730338 x1=0x202f9c711c0 x2=0x202f9c50000
[call] __cxa_atexit x0=0x202f91b4ca8 x1=0x202f9ca3438 x2=0x202f9c50000
[call] malloc       x0=0x30 x1=0x202f9ca3438 x2=0x202f9c50000
[call] __cxa_atexit x0=0x202f7730338 x1=0x202f9c712e0 x2=0x202f9c50000
[call] malloc       x0=0x20 x1=0x202f9c712e0 x2=0x202f9c50000
[call] __cxa_atexit x0=0x202f7730338 x1=0x202f9c71300 x2=0x202f9c50000
[call] __cxa_atexit x0=0x202f7739ce4 x1=0x202f9c71320 x2=0x202f9c50000
[call] malloc       x0=0x30 x1=0x202f9c71320 x2=0x202f9c50000
[call] __cxa_atexit x0=0x202f7730338 x1=0x202f9c71370 x2=0x202f9c50000
[call] malloc       x0=0x20 x1=0x202f9c71370 x2=0x202f9c50000
[call] __cxa_atexit x0=0x202f7730338 x1=0x202f9c71390 x2=0x202f9c50000
[call] __cxa_atexit x0=0x202f7730338 x1=0x202f9c9feb8 x2=0x202f9c50000
[call] malloc       x0=0x30 x1=0x202f9c9feb8 x2=0x202f9c50000
[call] __cxa_atexit x0=0x202f7730338 x1=0x202f9c713d0 x2=0x202f9c50000
[call] malloc       x0=0x20 x1=0x202f9c713d0 x2=0x202f9c50000
[call] __cxa_atexit x0=0x202f7730338 x1=0x202f9c713f0 x2=0x202f9c50000
[call] __cxa_atexit x0=0x202f7739ce4 x1=0x202f9c71410 x2=0x202f9c50000
[call] __cxa_atexit x0=0x202f7730338 x1=0x202f9c9fed0 x2=0x202f9c50000
[call] malloc       x0=0x30 x1=0x202f9c9fed0 x2=0x202f9c50000
[call] __cxa_atexit x0=0x202f7730338 x1=0x202f9c71440 x2=0x202f9c50000
[call] malloc       x0=0x30 x1=0x202f9c71440 x2=0x202f9c50000
[call] __cxa_atexit x0=0x202f7730338 x1=0x202f9c71460 x2=0x202f9c50000
[call] malloc       x0=0x30 x1=0x202f9c71460 x2=0x202f9c50000
[call] __cxa_atexit x0=0x202f7730338 x1=0x202f9c76e50 x2=0x202f9c50000
[call] malloc       x0=0x20 x1=0x202f9c76e50 x2=0x202f9c50000
[call] __cxa_atexit x0=0x202f7730338 x1=0x202f9c76e70 x2=0x202f9c50000
[call] __cxa_atexit x0=0x202f7730338 x1=0x202f9c9ff00 x2=0x202f9c50000
[call] malloc       x0=0x30 x1=0x202f9c9ff00 x2=0x202f9c50000
[call] __cxa_atexit x0=0x202f7730338 x1=0x202f9c76eb0 x2=0x202f9c50000
[call] malloc       x0=0x20 x1=0x202f9c76eb0 x2=0x202f9c50000
[call] __cxa_atexit x0=0x202f7730338 x1=0x202f9c76ed0 x2=0x202f9c50000
[call] __cxa_atexit x0=0x202f91b4ca8 x1=0x202f9ca3460 x2=0x202f9c50000
[call] __cxa_atexit x0=0x202f7730338 x1=0x202f9c9ff18 x2=0x202f9c50000
[call] malloc       x0=0x20 x1=0x202f9c9ff18 x2=0x202f9c50000
[call] __cxa_atexit x0=0x202f7730338 x1=0x202f9c76ef0 x2=0x202f9c50000
[call] malloc       x0=0x30 x1=0x202f9c76ef0 x2=0x202f9c50000
[call] __cxa_atexit x0=0x202f7730338 x1=0x202f9c77000 x2=0x202f9c50000
[call] malloc       x0=0x20 x1=0x202f9c77000 x2=0x202f9c50000
[call] __cxa_atexit x0=0x202f7730338 x1=0x202f9c77020 x2=0x202f9c50000
[call] __cxa_atexit x0=0x202f7739ce4 x1=0x202f9c77040 x2=0x202f9c50000
[call] malloc       x0=0x30 x1=0x202f9c77040 x2=0x202f9c50000
[call] __cxa_atexit x0=0x202f7730338 x1=0x202f9c77090 x2=0x202f9c50000
[call] malloc       x0=0x20 x1=0x202f9c77090 x2=0x202f9c50000
[call] __cxa_atexit x0=0x202f7730338 x1=0x202f9c770b0 x2=0x202f9c50000
[call] malloc       x0=0x30 x1=0x202f9c770b0 x2=0x202f9c50000
[call] __cxa_atexit x0=0x202f7730338 x1=0x202f9c770d0 x2=0x202f9c50000
[call] malloc       x0=0x30 x1=0x202f9c770d0 x2=0x202f9c50000
[call] __cxa_atexit x0=0x202f7730338 x1=0x202f9c770f0 x2=0x202f9c50000
[call] malloc       x0=0x30 x1=0x202f9c770f0 x2=0x202f9c50000
[call] __cxa_atexit x0=0x202f7730338 x1=0x202f9c77130 x2=0x202f9c50000
[call] malloc       x0=0x20 x1=0x202f9c77130 x2=0x202f9c50000
[call] __cxa_atexit x0=0x202f7730338 x1=0x202f9c77150 x2=0x202f9c50000
[call] __cxa_atexit x0=0x202f7739ce4 x1=0x202f9c77170 x2=0x202f9c50000
[call] __cxa_atexit x0=0x202f7730338 x1=0x202f9c9ff60 x2=0x202f9c50000
[call] __cxa_atexit x0=0x202f7730338 x1=0x202f9c9ff78 x2=0x202f9c50000
[call] __cxa_atexit x0=0x202f7730338 x1=0x202f9c9ff90 x2=0x202f9c50000
[call] __cxa_atexit x0=0x202f7730338 x1=0x202f9c9ffa8 x2=0x202f9c50000
[call] __cxa_atexit x0=0x202f7730338 x1=0x202f9c9ffc0 x2=0x202f9c50000
[call] malloc       x0=0x30 x1=0x202f9c9ffc0 x2=0x202f9c50000
[call] __cxa_atexit x0=0x202f7730338 x1=0x202f9c77240 x2=0x202f9c50000
[call] malloc       x0=0x20 x1=0x202f9c77240 x2=0x202f9c50000
[call] __cxa_atexit x0=0x202f7730338 x1=0x202f9c77260 x2=0x202f9c50000
[call] __cxa_atexit x0=0x202f7730338 x1=0x202f9c9ffd8 x2=0x202f9c50000
[call] malloc       x0=0x30 x1=0x202f9c9ffd8 x2=0x202f9c50000
[call] __cxa_atexit x0=0x202f7730338 x1=0x202f9c772a0 x2=0x202f9c50000
[call] malloc       x0=0x20 x1=0x202f9c772a0 x2=0x202f9c50000
[call] __cxa_atexit x0=0x202f7730338 x1=0x202f9c772c0 x2=0x202f9c50000
[call] malloc       x0=0x30 x1=0x202f9c772c0 x2=0x202f9c50000
[call] __cxa_atexit x0=0x202f7730338 x1=0x202f9c77300 x2=0x202f9c50000
[call] malloc       x0=0x20 x1=0x202f9c77300 x2=0x202f9c50000
[call] __cxa_atexit x0=0x202f7730338 x1=0x202f9c77320 x2=0x202f9c50000
[call] malloc       x0=0x20 x1=0x202f9c77320 x2=0x202f9c50000
[call] __cxa_atexit x0=0x202f7730338 x1=0x202f9c77340 x2=0x202f9c50000
[call] __cxa_atexit x0=0x202f7730338 x1=0x202f9c9fff0 x2=0x202f9c50000
[call] __cxa_atexit x0=0x202f7730338 x1=0x202f9ca0008 x2=0x202f9c50000
[call] __cxa_atexit x0=0x202f7730338 x1=0x202f9ca0020 x2=0x202f9c50000
[call] __cxa_atexit x0=0x202f7730338 x1=0x202f9ca0038 x2=0x202f9c50000
[call] malloc       x0=0x20 x1=0x202f9ca0038 x2=0x202f9c50000
[call] __cxa_atexit x0=0x202f7730338 x1=0x202f9c77360 x2=0x202f9c50000
[call] __cxa_atexit x0=0x202f7730338 x1=0x202f9ca0050 x2=0x202f9c50000
[call] __cxa_atexit x0=0x202f7730338 x1=0x202f9ca0068 x2=0x202f9c50000
[call] malloc       x0=0x20 x1=0x202f9ca0068 x2=0x202f9c50000
[call] __cxa_atexit x0=0x202f7730338 x1=0x202f9c77380 x2=0x202f9c50000
[call] malloc       x0=0x20 x1=0x202f9c77380 x2=0x202f9c50000
[call] __cxa_atexit x0=0x202f7730338 x1=0x202f9c773a0 x2=0x202f9c50000
[call] __cxa_atexit x0=0x202f7730338 x1=0x202f9ca0080 x2=0x202f9c50000
[call] __cxa_atexit x0=0x202f7730338 x1=0x202f9ca0098 x2=0x202f9c50000
[call] malloc       x0=0x20 x1=0x202f9ca0098 x2=0x202f9c50000
[call] __cxa_atexit x0=0x202f7730338 x1=0x202f9c773c0 x2=0x202f9c50000
[call] malloc       x0=0x30 x1=0x202f9c773c0 x2=0x202f9c50000
[call] __cxa_atexit x0=0x202f7730338 x1=0x202f9c77400 x2=0x202f9c50000
[call] malloc       x0=0x20 x1=0x202f9c77400 x2=0x202f9c50000
[call] __cxa_atexit x0=0x202f7730338 x1=0x202f9c77420 x2=0x202f9c50000
[call] __cxa_atexit x0=0x202f7730338 x1=0x202f9ca00b0 x2=0x202f9c50000
[call] malloc       x0=0x30 x1=0x202f9ca00b0 x2=0x202f9c50000
[call] __cxa_atexit x0=0x202f7730338 x1=0x202f9c77460 x2=0x202f9c50000
[call] malloc       x0=0x20 x1=0x202f9c77460 x2=0x202f9c50000
[call] __cxa_atexit x0=0x202f7730338 x1=0x202f9c77480 x2=0x202f9c50000
[call] __cxa_atexit x0=0x202f7730338 x1=0x202f9ca00c8 x2=0x202f9c50000
[call] __cxa_atexit x0=0x202f7730338 x1=0x202f9ca00e0 x2=0x202f9c50000
[call] __cxa_atexit x0=0x202f7730338 x1=0x202f9ca00f8 x2=0x202f9c50000
[call] malloc       x0=0x30 x1=0x202f9ca00f8 x2=0x202f9c50000
[call] __cxa_atexit x0=0x202f7730338 x1=0x202f9c77530 x2=0x202f9c50000
[call] malloc       x0=0x20 x1=0x202f9c77530 x2=0x202f9c50000
[call] __cxa_atexit x0=0x202f7730338 x1=0x202f9c77550 x2=0x202f9c50000
[call] malloc       x0=0x30 x1=0x202f9c77550 x2=0x202f9c50000
[call] __cxa_atexit x0=0x202f7730338 x1=0x202f9c77590 x2=0x202f9c50000
[call] malloc       x0=0x20 x1=0x202f9c77590 x2=0x202f9c50000
[call] __cxa_atexit x0=0x202f7730338 x1=0x202f9c775b0 x2=0x202f9c50000
[call] malloc       x0=0x30 x1=0x202f9c775b0 x2=0x202f9c50000
[call] __cxa_atexit x0=0x202f7730338 x1=0x202f9c775f0 x2=0x202f9c50000
[call] malloc       x0=0x20 x1=0x202f9c775f0 x2=0x202f9c50000
[call] __cxa_atexit x0=0x202f7730338 x1=0x202f9c77610 x2=0x202f9c50000
[call] __cxa_atexit x0=0x202f7730338 x1=0x202f9ca0200 x2=0x202f9c50000
[call] malloc       x0=0x30 x1=0x202f9ca0200 x2=0x202f9c50000
[call] __cxa_atexit x0=0x202f7730338 x1=0x202f9c77650 x2=0x202f9c50000
[call] malloc       x0=0x20 x1=0x202f9c77650 x2=0x202f9c50000
[call] __cxa_atexit x0=0x202f7730338 x1=0x202f9c77670 x2=0x202f9c50000
[call] __cxa_atexit x0=0x202f7730338 x1=0x202f9ca0218 x2=0x202f9c50000
[call] malloc       x0=0x30 x1=0x202f9ca0218 x2=0x202f9c50000
[call] __cxa_atexit x0=0x202f7730338 x1=0x202f9c776b0 x2=0x202f9c50000
[call] malloc       x0=0x20 x1=0x202f9c776b0 x2=0x202f9c50000
[call] __cxa_atexit x0=0x202f7730338 x1=0x202f9c776d0 x2=0x202f9c50000
[call] malloc       x0=0x30 x1=0x202f9c776d0 x2=0x202f9c50000
[call] __cxa_atexit x0=0x202f7730338 x1=0x202f9c77710 x2=0x202f9c50000
[call] malloc       x0=0x20 x1=0x202f9c77710 x2=0x202f9c50000
[call] __cxa_atexit x0=0x202f7730338 x1=0x202f9c77730 x2=0x202f9c50000
[call] malloc       x0=0x30 x1=0x202f9c77730 x2=0x202f9c50000
[call] __cxa_atexit x0=0x202f7730338 x1=0x202f9c77770 x2=0x202f9c50000
[call] malloc       x0=0x20 x1=0x202f9c77770 x2=0x202f9c50000
[call] __cxa_atexit x0=0x202f7730338 x1=0x202f9c77790 x2=0x202f9c50000
[call] __cxa_atexit x0=0x202f7730338 x1=0x202f9ca0230 x2=0x202f9c50000
[call] malloc       x0=0x30 x1=0x202f9ca0230 x2=0x202f9c50000
[call] __cxa_atexit x0=0x202f7730338 x1=0x202f9c777d0 x2=0x202f9c50000
[call] malloc       x0=0x20 x1=0x202f9c777d0 x2=0x202f9c50000
[call] __cxa_atexit x0=0x202f7730338 x1=0x202f9c777f0 x2=0x202f9c50000
[call] malloc       x0=0x30 x1=0x202f9c777f0 x2=0x202f9c50000
[call] __cxa_atexit x0=0x202f7730338 x1=0x202f9c77830 x2=0x202f9c50000
[call] malloc       x0=0x20 x1=0x202f9c77830 x2=0x202f9c50000
[call] __cxa_atexit x0=0x202f7730338 x1=0x202f9c77850 x2=0x202f9c50000
[call] malloc       x0=0x30 x1=0x202f9c77850 x2=0x202f9c50000
[call] __cxa_atexit x0=0x202f7730338 x1=0x202f9c778a0 x2=0x202f9c50000
[call] malloc       x0=0x20 x1=0x202f9c778a0 x2=0x202f9c50000
[call] __cxa_atexit x0=0x202f7730338 x1=0x202f9c778c0 x2=0x202f9c50000
[call] malloc       x0=0x30 x1=0x202f9c778c0 x2=0x202f9c50000
[call] __cxa_atexit x0=0x202f7730338 x1=0x202f9c77900 x2=0x202f9c50000
[call] malloc       x0=0x20 x1=0x202f9c77900 x2=0x202f9c50000
[call] __cxa_atexit x0=0x202f7730338 x1=0x202f9c77920 x2=0x202f9c50000
[call] __cxa_atexit x0=0x202f7730338 x1=0x202f9ca0260 x2=0x202f9c50000
[call] __cxa_atexit x0=0x202f7730338 x1=0x202f9ca0278 x2=0x202f9c50000
[call] __cxa_atexit x0=0x202f7730338 x1=0x202f9ca0290 x2=0x202f9c50000
[call] __cxa_atexit x0=0x202f91b4ca8 x1=0x202f9ca34b0 x2=0x202f9c50000
[call] malloc       x0=0x30 x1=0x202f9ca34b0 x2=0x202f9c50000
[call] __cxa_atexit x0=0x202f7730338 x1=0x202f9c77b20 x2=0x202f9c50000
[call] malloc       x0=0x20 x1=0x202f9c77b20 x2=0x202f9c50000
[call] __cxa_atexit x0=0x202f7730338 x1=0x202f9c77b40 x2=0x202f9c50000
[call] malloc       x0=0x30 x1=0x202f9c77b40 x2=0x202f9c50000
[call] __cxa_atexit x0=0x202f7730338 x1=0x202f9c77b80 x2=0x202f9c50000
[call] malloc       x0=0x20 x1=0x202f9c77b80 x2=0x202f9c50000
[call] __cxa_atexit x0=0x202f7730338 x1=0x202f9c77ba0 x2=0x202f9c50000
[call] malloc       x0=0x30 x1=0x202f9c77ba0 x2=0x202f9c50000
[call] __cxa_atexit x0=0x202f7730338 x1=0x202f9c77be0 x2=0x202f9c50000
[call] malloc       x0=0x20 x1=0x202f9c77be0 x2=0x202f9c50000
[call] __cxa_atexit x0=0x202f7730338 x1=0x202f9c77c00 x2=0x202f9c50000
[call] __cxa_atexit x0=0x202f7739ce4 x1=0x202f9c77c20 x2=0x202f9c50000
[call] __cxa_atexit x0=0x202f7730338 x1=0x202f9ca02a8 x2=0x202f9c50000
[call] malloc       x0=0x30 x1=0x202f9ca02a8 x2=0x202f9c50000
[call] __cxa_atexit x0=0x202f7730338 x1=0x202f9c77c70 x2=0x202f9c50000
[call] malloc       x0=0x20 x1=0x202f9c77c70 x2=0x202f9c50000
[call] __cxa_atexit x0=0x202f7730338 x1=0x202f9c77c90 x2=0x202f9c50000
[call] __cxa_atexit x0=0x202f7730338 x1=0x202f9ca02c0 x2=0x202f9c50000
[call] __cxa_atexit x0=0x202f7730338 x1=0x202f9ca02d8 x2=0x202f9c50000
[call] __cxa_atexit x0=0x202f7730338 x1=0x202f9ca02f0 x2=0x202f9c50000
[call] __cxa_atexit x0=0x202f7730338 x1=0x202f9ca0308 x2=0x202f9c50000
[call] __cxa_atexit x0=0x202f7730338 x1=0x202f9ca0320 x2=0x202f9c50000
[call] __cxa_atexit x0=0x202f7730338 x1=0x202f9ca0338 x2=0x202f9c50000
[call] __cxa_atexit x0=0x202f7730338 x1=0x202f9ca0350 x2=0x202f9c50000
[call] malloc       x0=0x30 x1=0x202f9ca0350 x2=0x202f9c50000
[call] __cxa_atexit x0=0x202f7730338 x1=0x202f9c77e00 x2=0x202f9c50000
[call] malloc       x0=0x20 x1=0x202f9c77e00 x2=0x202f9c50000
[call] __cxa_atexit x0=0x202f7730338 x1=0x202f9c77e20 x2=0x202f9c50000
[call] __cxa_atexit x0=0x202f7739ce4 x1=0x202f9c77e40 x2=0x202f9c50000
[call] malloc       x0=0x30 x1=0x202f9c77e40 x2=0x202f9c50000
[call] __cxa_atexit x0=0x202f7730338 x1=0x202f9c77e90 x2=0x202f9c50000
[call] malloc       x0=0x20 x1=0x202f9c77e90 x2=0x202f9c50000
[call] __cxa_atexit x0=0x202f7730338 x1=0x202f9c77eb0 x2=0x202f9c50000
[call] __cxa_atexit x0=0x202f7739ce4 x1=0x202f9c77ed0 x2=0x202f9c50000
[call] malloc       x0=0x30 x1=0x202f9c77ed0 x2=0x202f9c50000
[call] __cxa_atexit x0=0x202f7730338 x1=0x202f9c77f20 x2=0x202f9c50000
[call] malloc       x0=0x20 x1=0x202f9c77f20 x2=0x202f9c50000
[call] __cxa_atexit x0=0x202f7730338 x1=0x202f9c77f40 x2=0x202f9c50000
[call] open         x0=0x202fccc5011 x1=0 x2=0x202f9c50000
[call] __errno      x0=0xffffffff x1=0 x2=0x202f9c50000
[call] strlen       x0=0x202f94dcd54 x1=0x202fccc5010 x2=0x202f9c50000
[call] malloc       x0=0x30 x1=0x202fccc5010 x2=0x202f9c50000
[call] memcpy       x0=0x202f3645bd0 x1=0x202f94dcd54 x2=0x1d
[call] memcpy       x0=0x202f3645bed x1=0x202fccc5011 x2=0xc
[call] posix_memalign x0=0x202fccc4f40 x1=0x10 x2=0xa0
[call] memset       x0=0x202f1c67e30 x1=0 x2=0xa0
[call] pthread_mutex_lock x0=0x202f9cbd128 x1=0 x2=0xa0
[call] pthread_mutex_unlock x0=0x202f9cbd128 x1=0 x2=0xa0
[call] pthread_mutex_lock x0=0x202f9cbd128 x1=0 x2=0xa0
[call] pthread_mutex_unlock x0=0x202f9cbd128 x1=0 x2=0xa0
[call] pthread_cond_broadcast x0=0x202f9cbd150 x1=0 x2=0xa0
[call] strlen       x0=0x202f3645bd0 x1=0x2 x2=0x202f9cbd0f8
[call] malloc       x0=0x30 x1=0x2 x2=0x202f9cbd0f8
[call] memcpy       x0=0x202f3645690 x1=0x202f3645bd0 x2=0x29
[call] memcpy       x0=0x202f36456b9 x1=0x202f94ccca7 x2=0x2
[call] __errno      x0=0x202f9cbd0f8 x1=0x2 x2=0x2
[call] strerror_r   x0=0x2 x1=0x202fccc4a58 x2=0x400
[call] strlen       x0=0x202fccc4a58 x1=0x202fccc4a58 x2=0x400
[call] malloc       x0=0x20 x1=0x202fccc4a58 x2=0x400
[call] memcpy       x0=0x202f364b630 x1=0x202fccc4a58 x2=0x19
[call] malloc       x0=0x60 x1=0x202f364b630 x2=0x19
[call] memcpy       x0=0x202f3649100 x1=0x202f3645690 x2=0x2b
[call] memcpy       x0=0x202f364912b x1=0x202f364b630 x2=0x19
[call] free         x0=0x202f3645690 x1=0x202f364b630 x2=0x19
[call] free         x0=0x202f364b630 x1=0x202f364b630 x2=0x19
[call] strlen       x0=0x202f3649100 x1=0x202fccc4f20 x2=0x19
[call] malloc       x0=0x5d x1=0x202fccc4f20 x2=0x19
[call] memcpy       x0=0x202f3648c48 x1=0x202f3649100 x2=0x45
[call] free         x0=0x202f3649100 x1=0x202f3649100 x2=0x45
[call] pthread_once x0=0x202f9cbd124 x1=0x202f91eaf08 x2=0x202f91c2928
[call] pthread_key_create x0=0x202f9cbd120 x1=0x202f91eaf3c x2=0
[call] pthread_getspecific x0=0x3 x1=0x202f91eaf08 x2=0x202f91c2928
[call] calloc       x0=0x1 x1=0x10 x2=0x202f91c2928
[call] pthread_setspecific x0=0x3 x1=0x202f1c7f7b0 x2=0x202f91c2928
[call] memset       x0=0x202fccc4160 x1=0 x2=0x3c0
[call] memset       x0=0x202fccc3a10 x1=0 x2=0x680
[call] pthread_mutex_lock x0=0x202f9cbd5d8 x1=0x202fccc4488 x2=0x680
[call] pthread_mutex_unlock x0=0x202f9cbd5d8 x1=0x202fccc4488 x2=0x680
[call] dl_iterate_phdr x0=0x202f91f0bc0 x1=0x202fccc3900 x2=0x680
